[Fri, 28 Feb 2025 03:06:18 +0000] wpr: __construct
array (
  'prefix' => 'wpr',
  'licensing_servers' => 
  array (
    0 => 'https://dashboard.wpreset.com/api/',
  ),
  'version' => '2.04',
  'plugin_file' => 'C:\\xampp\\htdocs\\studio02\\wp-content\\plugins\\wp-reset\\wp-reset.php',
  'plugin_page' => 'tools_page_wp-reset',
  'skip_hooks' => false,
  'debug' => true,
  'js_folder' => 'http://localhost/studio02/wp-content/plugins/wp-reset//js/',
)
array (
  'prefix' => 'wpr',
  'licensing_servers' => 
  array (
    0 => 'https://dashboard.wpreset.com/api/',
  ),
  'version' => '2.04',
  'slug' => 'wp-reset',
  'basename' => 'wp-reset/wp-reset.php',
  'plugin_page' => 'tools_page_wp-reset',
  'plugin_file' => 'C:\\xampp\\htdocs\\studio02\\wp-content\\plugins\\wp-reset\\wp-reset.php',
  'js_folder' => 'http://localhost/studio02/wp-content/plugins/wp-reset//js/',
  'api_ver' => 'v1/',
  'valid_forever' => '2035-01-01',
  'unlimited_installs' => 99999,
  'debug' => true,
  'filesystem_initialized' => false,
)

[Fri, 28 Feb 2025 03:06:18 +0000] wpr: __construct
array (
  'prefix' => 'wpr',
  'licensing_servers' => 
  array (
    0 => 'https://dashboard.wpreset.com/api/',
  ),
  'version' => '2.04',
  'plugin_file' => 'C:\\xampp\\htdocs\\studio02\\wp-content\\plugins\\wp-reset\\wp-reset.php',
  'plugin_page' => 'tools_page_wp-reset',
  'skip_hooks' => false,
  'debug' => true,
  'js_folder' => 'http://localhost/studio02/wp-content/plugins/wp-reset//js/',
)
array (
  'prefix' => 'wpr',
  'licensing_servers' => 
  array (
    0 => 'https://dashboard.wpreset.com/api/',
  ),
  'version' => '2.04',
  'slug' => 'wp-reset',
  'basename' => 'wp-reset/wp-reset.php',
  'plugin_page' => 'tools_page_wp-reset',
  'plugin_file' => 'C:\\xampp\\htdocs\\studio02\\wp-content\\plugins\\wp-reset\\wp-reset.php',
  'js_folder' => 'http://localhost/studio02/wp-content/plugins/wp-reset//js/',
  'api_ver' => 'v1/',
  'valid_forever' => '2035-01-01',
  'unlimited_installs' => 99999,
  'debug' => true,
  'filesystem_initialized' => false,
)

[Fri, 28 Feb 2025 03:06:22 +0000] wpr: __construct
array (
  'prefix' => 'wpr',
  'licensing_servers' => 
  array (
    0 => 'https://dashboard.wpreset.com/api/',
  ),
  'version' => '2.04',
  'plugin_file' => 'C:\\xampp\\htdocs\\studio02\\wp-content\\plugins\\wp-reset\\wp-reset.php',
  'plugin_page' => 'tools_page_wp-reset',
  'skip_hooks' => false,
  'debug' => true,
  'js_folder' => 'http://localhost/studio02/wp-content/plugins/wp-reset//js/',
)
array (
  'prefix' => 'wpr',
  'licensing_servers' => 
  array (
    0 => 'https://dashboard.wpreset.com/api/',
  ),
  'version' => '2.04',
  'slug' => 'wp-reset',
  'basename' => 'wp-reset/wp-reset.php',
  'plugin_page' => 'tools_page_wp-reset',
  'plugin_file' => 'C:\\xampp\\htdocs\\studio02\\wp-content\\plugins\\wp-reset\\wp-reset.php',
  'js_folder' => 'http://localhost/studio02/wp-content/plugins/wp-reset//js/',
  'api_ver' => 'v1/',
  'valid_forever' => '2035-01-01',
  'unlimited_installs' => 99999,
  'debug' => true,
  'filesystem_initialized' => false,
)

[Fri, 28 Feb 2025 03:06:34 +0000] wpr: __construct
array (
  'prefix' => 'wpr',
  'licensing_servers' => 
  array (
    0 => 'https://dashboard.wpreset.com/api/',
  ),
  'version' => '2.04',
  'plugin_file' => 'C:\\xampp\\htdocs\\studio02\\wp-content\\plugins\\wp-reset\\wp-reset.php',
  'plugin_page' => 'tools_page_wp-reset',
  'skip_hooks' => false,
  'debug' => true,
  'js_folder' => 'http://localhost/studio02/wp-content/plugins/wp-reset//js/',
)
array (
  'prefix' => 'wpr',
  'licensing_servers' => 
  array (
    0 => 'https://dashboard.wpreset.com/api/',
  ),
  'version' => '2.04',
  'slug' => 'wp-reset',
  'basename' => 'wp-reset/wp-reset.php',
  'plugin_page' => 'tools_page_wp-reset',
  'plugin_file' => 'C:\\xampp\\htdocs\\studio02\\wp-content\\plugins\\wp-reset\\wp-reset.php',
  'js_folder' => 'http://localhost/studio02/wp-content/plugins/wp-reset//js/',
  'api_ver' => 'v1/',
  'valid_forever' => '2035-01-01',
  'unlimited_installs' => 99999,
  'debug' => true,
  'filesystem_initialized' => false,
)

[Fri, 28 Feb 2025 03:06:48 +0000] wpr: __construct
array (
  'prefix' => 'wpr',
  'licensing_servers' => 
  array (
    0 => 'https://dashboard.wpreset.com/api/',
  ),
  'version' => '2.04',
  'plugin_file' => 'C:\\xampp\\htdocs\\studio02\\wp-content\\plugins\\wp-reset\\wp-reset.php',
  'plugin_page' => 'tools_page_wp-reset',
  'skip_hooks' => false,
  'debug' => true,
  'js_folder' => 'http://localhost/studio02/wp-content/plugins/wp-reset//js/',
)
array (
  'prefix' => 'wpr',
  'licensing_servers' => 
  array (
    0 => 'https://dashboard.wpreset.com/api/',
  ),
  'version' => '2.04',
  'slug' => 'wp-reset',
  'basename' => 'wp-reset/wp-reset.php',
  'plugin_page' => 'tools_page_wp-reset',
  'plugin_file' => 'C:\\xampp\\htdocs\\studio02\\wp-content\\plugins\\wp-reset\\wp-reset.php',
  'js_folder' => 'http://localhost/studio02/wp-content/plugins/wp-reset//js/',
  'api_ver' => 'v1/',
  'valid_forever' => '2035-01-01',
  'unlimited_installs' => 99999,
  'debug' => true,
  'filesystem_initialized' => false,
)

[Fri, 28 Feb 2025 03:06:49 +0000] wpr: __construct
array (
  'prefix' => 'wpr',
  'licensing_servers' => 
  array (
    0 => 'https://dashboard.wpreset.com/api/',
  ),
  'version' => '2.04',
  'plugin_file' => 'C:\\xampp\\htdocs\\studio02\\wp-content\\plugins\\wp-reset\\wp-reset.php',
  'plugin_page' => 'tools_page_wp-reset',
  'skip_hooks' => false,
  'debug' => true,
  'js_folder' => 'http://localhost/studio02/wp-content/plugins/wp-reset//js/',
)
array (
  'prefix' => 'wpr',
  'licensing_servers' => 
  array (
    0 => 'https://dashboard.wpreset.com/api/',
  ),
  'version' => '2.04',
  'slug' => 'wp-reset',
  'basename' => 'wp-reset/wp-reset.php',
  'plugin_page' => 'tools_page_wp-reset',
  'plugin_file' => 'C:\\xampp\\htdocs\\studio02\\wp-content\\plugins\\wp-reset\\wp-reset.php',
  'js_folder' => 'http://localhost/studio02/wp-content/plugins/wp-reset//js/',
  'api_ver' => 'v1/',
  'valid_forever' => '2035-01-01',
  'unlimited_installs' => 99999,
  'debug' => true,
  'filesystem_initialized' => false,
)

[Fri, 28 Feb 2025 03:06:54 +0000] wpr: __construct
array (
  'prefix' => 'wpr',
  'licensing_servers' => 
  array (
    0 => 'https://dashboard.wpreset.com/api/',
  ),
  'version' => '2.04',
  'plugin_file' => 'C:\\xampp\\htdocs\\studio02\\wp-content\\plugins\\wp-reset\\wp-reset.php',
  'plugin_page' => 'tools_page_wp-reset',
  'skip_hooks' => false,
  'debug' => true,
  'js_folder' => 'http://localhost/studio02/wp-content/plugins/wp-reset//js/',
)
array (
  'prefix' => 'wpr',
  'licensing_servers' => 
  array (
    0 => 'https://dashboard.wpreset.com/api/',
  ),
  'version' => '2.04',
  'slug' => 'wp-reset',
  'basename' => 'wp-reset/wp-reset.php',
  'plugin_page' => 'tools_page_wp-reset',
  'plugin_file' => 'C:\\xampp\\htdocs\\studio02\\wp-content\\plugins\\wp-reset\\wp-reset.php',
  'js_folder' => 'http://localhost/studio02/wp-content/plugins/wp-reset//js/',
  'api_ver' => 'v1/',
  'valid_forever' => '2035-01-01',
  'unlimited_installs' => 99999,
  'debug' => true,
  'filesystem_initialized' => false,
)

[Fri, 28 Feb 2025 03:07:01 +0000] wpr: __construct
array (
  'prefix' => 'wpr',
  'licensing_servers' => 
  array (
    0 => 'https://dashboard.wpreset.com/api/',
  ),
  'version' => '2.04',
  'plugin_file' => 'C:\\xampp\\htdocs\\studio02\\wp-content\\plugins\\wp-reset\\wp-reset.php',
  'plugin_page' => 'tools_page_wp-reset',
  'skip_hooks' => false,
  'debug' => true,
  'js_folder' => 'http://localhost/studio02/wp-content/plugins/wp-reset//js/',
)
array (
  'prefix' => 'wpr',
  'licensing_servers' => 
  array (
    0 => 'https://dashboard.wpreset.com/api/',
  ),
  'version' => '2.04',
  'slug' => 'wp-reset',
  'basename' => 'wp-reset/wp-reset.php',
  'plugin_page' => 'tools_page_wp-reset',
  'plugin_file' => 'C:\\xampp\\htdocs\\studio02\\wp-content\\plugins\\wp-reset\\wp-reset.php',
  'js_folder' => 'http://localhost/studio02/wp-content/plugins/wp-reset//js/',
  'api_ver' => 'v1/',
  'valid_forever' => '2035-01-01',
  'unlimited_installs' => 99999,
  'debug' => true,
  'filesystem_initialized' => false,
)

[Fri, 28 Feb 2025 03:07:02 +0000] wpr: __construct
array (
  'prefix' => 'wpr',
  'licensing_servers' => 
  array (
    0 => 'https://dashboard.wpreset.com/api/',
  ),
  'version' => '2.04',
  'plugin_file' => 'C:\\xampp\\htdocs\\studio02\\wp-content\\plugins\\wp-reset\\wp-reset.php',
  'plugin_page' => 'tools_page_wp-reset',
  'skip_hooks' => false,
  'debug' => true,
  'js_folder' => 'http://localhost/studio02/wp-content/plugins/wp-reset//js/',
)
array (
  'prefix' => 'wpr',
  'licensing_servers' => 
  array (
    0 => 'https://dashboard.wpreset.com/api/',
  ),
  'version' => '2.04',
  'slug' => 'wp-reset',
  'basename' => 'wp-reset/wp-reset.php',
  'plugin_page' => 'tools_page_wp-reset',
  'plugin_file' => 'C:\\xampp\\htdocs\\studio02\\wp-content\\plugins\\wp-reset\\wp-reset.php',
  'js_folder' => 'http://localhost/studio02/wp-content/plugins/wp-reset//js/',
  'api_ver' => 'v1/',
  'valid_forever' => '2035-01-01',
  'unlimited_installs' => 99999,
  'debug' => true,
  'filesystem_initialized' => false,
)

[Fri, 28 Feb 2025 03:07:04 +0000] wpr: __construct
array (
  'prefix' => 'wpr',
  'licensing_servers' => 
  array (
    0 => 'https://dashboard.wpreset.com/api/',
  ),
  'version' => '2.04',
  'plugin_file' => 'C:\\xampp\\htdocs\\studio02\\wp-content\\plugins\\wp-reset\\wp-reset.php',
  'plugin_page' => 'tools_page_wp-reset',
  'skip_hooks' => false,
  'debug' => true,
  'js_folder' => 'http://localhost/studio02/wp-content/plugins/wp-reset//js/',
)
array (
  'prefix' => 'wpr',
  'licensing_servers' => 
  array (
    0 => 'https://dashboard.wpreset.com/api/',
  ),
  'version' => '2.04',
  'slug' => 'wp-reset',
  'basename' => 'wp-reset/wp-reset.php',
  'plugin_page' => 'tools_page_wp-reset',
  'plugin_file' => 'C:\\xampp\\htdocs\\studio02\\wp-content\\plugins\\wp-reset\\wp-reset.php',
  'js_folder' => 'http://localhost/studio02/wp-content/plugins/wp-reset//js/',
  'api_ver' => 'v1/',
  'valid_forever' => '2035-01-01',
  'unlimited_installs' => 99999,
  'debug' => true,
  'filesystem_initialized' => false,
)

[Fri, 28 Feb 2025 03:07:05 +0000] wpr: __construct
array (
  'prefix' => 'wpr',
  'licensing_servers' => 
  array (
    0 => 'https://dashboard.wpreset.com/api/',
  ),
  'version' => '2.04',
  'plugin_file' => 'C:\\xampp\\htdocs\\studio02\\wp-content\\plugins\\wp-reset\\wp-reset.php',
  'plugin_page' => 'tools_page_wp-reset',
  'skip_hooks' => false,
  'debug' => true,
  'js_folder' => 'http://localhost/studio02/wp-content/plugins/wp-reset//js/',
)
array (
  'prefix' => 'wpr',
  'licensing_servers' => 
  array (
    0 => 'https://dashboard.wpreset.com/api/',
  ),
  'version' => '2.04',
  'slug' => 'wp-reset',
  'basename' => 'wp-reset/wp-reset.php',
  'plugin_page' => 'tools_page_wp-reset',
  'plugin_file' => 'C:\\xampp\\htdocs\\studio02\\wp-content\\plugins\\wp-reset\\wp-reset.php',
  'js_folder' => 'http://localhost/studio02/wp-content/plugins/wp-reset//js/',
  'api_ver' => 'v1/',
  'valid_forever' => '2035-01-01',
  'unlimited_installs' => 99999,
  'debug' => true,
  'filesystem_initialized' => false,
)

[Fri, 28 Feb 2025 03:07:05 +0000] wpr: __construct
array (
  'prefix' => 'wpr',
  'licensing_servers' => 
  array (
    0 => 'https://dashboard.wpreset.com/api/',
  ),
  'version' => '2.04',
  'plugin_file' => 'C:\\xampp\\htdocs\\studio02\\wp-content\\plugins\\wp-reset\\wp-reset.php',
  'plugin_page' => 'tools_page_wp-reset',
  'skip_hooks' => false,
  'debug' => true,
  'js_folder' => 'http://localhost/studio02/wp-content/plugins/wp-reset//js/',
)
array (
  'prefix' => 'wpr',
  'licensing_servers' => 
  array (
    0 => 'https://dashboard.wpreset.com/api/',
  ),
  'version' => '2.04',
  'slug' => 'wp-reset',
  'basename' => 'wp-reset/wp-reset.php',
  'plugin_page' => 'tools_page_wp-reset',
  'plugin_file' => 'C:\\xampp\\htdocs\\studio02\\wp-content\\plugins\\wp-reset\\wp-reset.php',
  'js_folder' => 'http://localhost/studio02/wp-content/plugins/wp-reset//js/',
  'api_ver' => 'v1/',
  'valid_forever' => '2035-01-01',
  'unlimited_installs' => 99999,
  'debug' => true,
  'filesystem_initialized' => false,
)

[Fri, 28 Feb 2025 03:07:06 +0000] wpr: __construct
array (
  'prefix' => 'wpr',
  'licensing_servers' => 
  array (
    0 => 'https://dashboard.wpreset.com/api/',
  ),
  'version' => '2.04',
  'plugin_file' => 'C:\\xampp\\htdocs\\studio02\\wp-content\\plugins\\wp-reset\\wp-reset.php',
  'plugin_page' => 'tools_page_wp-reset',
  'skip_hooks' => false,
  'debug' => true,
  'js_folder' => 'http://localhost/studio02/wp-content/plugins/wp-reset//js/',
)
array (
  'prefix' => 'wpr',
  'licensing_servers' => 
  array (
    0 => 'https://dashboard.wpreset.com/api/',
  ),
  'version' => '2.04',
  'slug' => 'wp-reset',
  'basename' => 'wp-reset/wp-reset.php',
  'plugin_page' => 'tools_page_wp-reset',
  'plugin_file' => 'C:\\xampp\\htdocs\\studio02\\wp-content\\plugins\\wp-reset\\wp-reset.php',
  'js_folder' => 'http://localhost/studio02/wp-content/plugins/wp-reset//js/',
  'api_ver' => 'v1/',
  'valid_forever' => '2035-01-01',
  'unlimited_installs' => 99999,
  'debug' => true,
  'filesystem_initialized' => false,
)

[Fri, 28 Feb 2025 03:07:06 +0000] wpr: __construct
array (
  'prefix' => 'wpr',
  'licensing_servers' => 
  array (
    0 => 'https://dashboard.wpreset.com/api/',
  ),
  'version' => '2.04',
  'plugin_file' => 'C:\\xampp\\htdocs\\studio02\\wp-content\\plugins\\wp-reset\\wp-reset.php',
  'plugin_page' => 'tools_page_wp-reset',
  'skip_hooks' => false,
  'debug' => true,
  'js_folder' => 'http://localhost/studio02/wp-content/plugins/wp-reset//js/',
)
array (
  'prefix' => 'wpr',
  'licensing_servers' => 
  array (
    0 => 'https://dashboard.wpreset.com/api/',
  ),
  'version' => '2.04',
  'slug' => 'wp-reset',
  'basename' => 'wp-reset/wp-reset.php',
  'plugin_page' => 'tools_page_wp-reset',
  'plugin_file' => 'C:\\xampp\\htdocs\\studio02\\wp-content\\plugins\\wp-reset\\wp-reset.php',
  'js_folder' => 'http://localhost/studio02/wp-content/plugins/wp-reset//js/',
  'api_ver' => 'v1/',
  'valid_forever' => '2035-01-01',
  'unlimited_installs' => 99999,
  'debug' => true,
  'filesystem_initialized' => false,
)

[Fri, 28 Feb 2025 03:07:07 +0000] wpr: __construct
array (
  'prefix' => 'wpr',
  'licensing_servers' => 
  array (
    0 => 'https://dashboard.wpreset.com/api/',
  ),
  'version' => '2.04',
  'plugin_file' => 'C:\\xampp\\htdocs\\studio02\\wp-content\\plugins\\wp-reset\\wp-reset.php',
  'plugin_page' => 'tools_page_wp-reset',
  'skip_hooks' => false,
  'debug' => true,
  'js_folder' => 'http://localhost/studio02/wp-content/plugins/wp-reset//js/',
)
array (
  'prefix' => 'wpr',
  'licensing_servers' => 
  array (
    0 => 'https://dashboard.wpreset.com/api/',
  ),
  'version' => '2.04',
  'slug' => 'wp-reset',
  'basename' => 'wp-reset/wp-reset.php',
  'plugin_page' => 'tools_page_wp-reset',
  'plugin_file' => 'C:\\xampp\\htdocs\\studio02\\wp-content\\plugins\\wp-reset\\wp-reset.php',
  'js_folder' => 'http://localhost/studio02/wp-content/plugins/wp-reset//js/',
  'api_ver' => 'v1/',
  'valid_forever' => '2035-01-01',
  'unlimited_installs' => 99999,
  'debug' => true,
  'filesystem_initialized' => false,
)

[Fri, 28 Feb 2025 03:07:08 +0000] wpr: __construct
array (
  'prefix' => 'wpr',
  'licensing_servers' => 
  array (
    0 => 'https://dashboard.wpreset.com/api/',
  ),
  'version' => '2.04',
  'plugin_file' => 'C:\\xampp\\htdocs\\studio02\\wp-content\\plugins\\wp-reset\\wp-reset.php',
  'plugin_page' => 'tools_page_wp-reset',
  'skip_hooks' => false,
  'debug' => true,
  'js_folder' => 'http://localhost/studio02/wp-content/plugins/wp-reset//js/',
)
array (
  'prefix' => 'wpr',
  'licensing_servers' => 
  array (
    0 => 'https://dashboard.wpreset.com/api/',
  ),
  'version' => '2.04',
  'slug' => 'wp-reset',
  'basename' => 'wp-reset/wp-reset.php',
  'plugin_page' => 'tools_page_wp-reset',
  'plugin_file' => 'C:\\xampp\\htdocs\\studio02\\wp-content\\plugins\\wp-reset\\wp-reset.php',
  'js_folder' => 'http://localhost/studio02/wp-content/plugins/wp-reset//js/',
  'api_ver' => 'v1/',
  'valid_forever' => '2035-01-01',
  'unlimited_installs' => 99999,
  'debug' => true,
  'filesystem_initialized' => false,
)

[Fri, 28 Feb 2025 03:07:09 +0000] wpr: __construct
array (
  'prefix' => 'wpr',
  'licensing_servers' => 
  array (
    0 => 'https://dashboard.wpreset.com/api/',
  ),
  'version' => '2.04',
  'plugin_file' => 'C:\\xampp\\htdocs\\studio02\\wp-content\\plugins\\wp-reset\\wp-reset.php',
  'plugin_page' => 'tools_page_wp-reset',
  'skip_hooks' => false,
  'debug' => true,
  'js_folder' => 'http://localhost/studio02/wp-content/plugins/wp-reset//js/',
)
array (
  'prefix' => 'wpr',
  'licensing_servers' => 
  array (
    0 => 'https://dashboard.wpreset.com/api/',
  ),
  'version' => '2.04',
  'slug' => 'wp-reset',
  'basename' => 'wp-reset/wp-reset.php',
  'plugin_page' => 'tools_page_wp-reset',
  'plugin_file' => 'C:\\xampp\\htdocs\\studio02\\wp-content\\plugins\\wp-reset\\wp-reset.php',
  'js_folder' => 'http://localhost/studio02/wp-content/plugins/wp-reset//js/',
  'api_ver' => 'v1/',
  'valid_forever' => '2035-01-01',
  'unlimited_installs' => 99999,
  'debug' => true,
  'filesystem_initialized' => false,
)

[Fri, 28 Feb 2025 03:07:12 +0000] wpr: __construct
array (
  'prefix' => 'wpr',
  'licensing_servers' => 
  array (
    0 => 'https://dashboard.wpreset.com/api/',
  ),
  'version' => '2.04',
  'plugin_file' => 'C:\\xampp\\htdocs\\studio02\\wp-content\\plugins\\wp-reset\\wp-reset.php',
  'plugin_page' => 'tools_page_wp-reset',
  'skip_hooks' => false,
  'debug' => true,
  'js_folder' => 'http://localhost/studio02/wp-content/plugins/wp-reset//js/',
)
array (
  'prefix' => 'wpr',
  'licensing_servers' => 
  array (
    0 => 'https://dashboard.wpreset.com/api/',
  ),
  'version' => '2.04',
  'slug' => 'wp-reset',
  'basename' => 'wp-reset/wp-reset.php',
  'plugin_page' => 'tools_page_wp-reset',
  'plugin_file' => 'C:\\xampp\\htdocs\\studio02\\wp-content\\plugins\\wp-reset\\wp-reset.php',
  'js_folder' => 'http://localhost/studio02/wp-content/plugins/wp-reset//js/',
  'api_ver' => 'v1/',
  'valid_forever' => '2035-01-01',
  'unlimited_installs' => 99999,
  'debug' => true,
  'filesystem_initialized' => false,
)

[Fri, 28 Feb 2025 03:07:13 +0000] wpr: __construct
array (
  'prefix' => 'wpr',
  'licensing_servers' => 
  array (
    0 => 'https://dashboard.wpreset.com/api/',
  ),
  'version' => '2.04',
  'plugin_file' => 'C:\\xampp\\htdocs\\studio02\\wp-content\\plugins\\wp-reset\\wp-reset.php',
  'plugin_page' => 'tools_page_wp-reset',
  'skip_hooks' => false,
  'debug' => true,
  'js_folder' => 'http://localhost/studio02/wp-content/plugins/wp-reset//js/',
)
array (
  'prefix' => 'wpr',
  'licensing_servers' => 
  array (
    0 => 'https://dashboard.wpreset.com/api/',
  ),
  'version' => '2.04',
  'slug' => 'wp-reset',
  'basename' => 'wp-reset/wp-reset.php',
  'plugin_page' => 'tools_page_wp-reset',
  'plugin_file' => 'C:\\xampp\\htdocs\\studio02\\wp-content\\plugins\\wp-reset\\wp-reset.php',
  'js_folder' => 'http://localhost/studio02/wp-content/plugins/wp-reset//js/',
  'api_ver' => 'v1/',
  'valid_forever' => '2035-01-01',
  'unlimited_installs' => 99999,
  'debug' => true,
  'filesystem_initialized' => false,
)

[Fri, 28 Feb 2025 03:07:23 +0000] wpr: __construct
array (
  'prefix' => 'wpr',
  'licensing_servers' => 
  array (
    0 => 'https://dashboard.wpreset.com/api/',
  ),
  'version' => '2.04',
  'plugin_file' => 'C:\\xampp\\htdocs\\studio02\\wp-content\\plugins\\wp-reset\\wp-reset.php',
  'plugin_page' => 'tools_page_wp-reset',
  'skip_hooks' => false,
  'debug' => true,
  'js_folder' => 'http://localhost/studio02/wp-content/plugins/wp-reset//js/',
)
array (
  'prefix' => 'wpr',
  'licensing_servers' => 
  array (
    0 => 'https://dashboard.wpreset.com/api/',
  ),
  'version' => '2.04',
  'slug' => 'wp-reset',
  'basename' => 'wp-reset/wp-reset.php',
  'plugin_page' => 'tools_page_wp-reset',
  'plugin_file' => 'C:\\xampp\\htdocs\\studio02\\wp-content\\plugins\\wp-reset\\wp-reset.php',
  'js_folder' => 'http://localhost/studio02/wp-content/plugins/wp-reset//js/',
  'api_ver' => 'v1/',
  'valid_forever' => '2035-01-01',
  'unlimited_installs' => 99999,
  'debug' => true,
  'filesystem_initialized' => false,
)

[Fri, 28 Feb 2025 03:07:29 +0000] wpr: __construct
array (
  'prefix' => 'wpr',
  'licensing_servers' => 
  array (
    0 => 'https://dashboard.wpreset.com/api/',
  ),
  'version' => '2.04',
  'plugin_file' => 'C:\\xampp\\htdocs\\studio02\\wp-content\\plugins\\wp-reset\\wp-reset.php',
  'plugin_page' => 'tools_page_wp-reset',
  'skip_hooks' => false,
  'debug' => true,
  'js_folder' => 'http://localhost/studio02/wp-content/plugins/wp-reset//js/',
)
array (
  'prefix' => 'wpr',
  'licensing_servers' => 
  array (
    0 => 'https://dashboard.wpreset.com/api/',
  ),
  'version' => '2.04',
  'slug' => 'wp-reset',
  'basename' => 'wp-reset/wp-reset.php',
  'plugin_page' => 'tools_page_wp-reset',
  'plugin_file' => 'C:\\xampp\\htdocs\\studio02\\wp-content\\plugins\\wp-reset\\wp-reset.php',
  'js_folder' => 'http://localhost/studio02/wp-content/plugins/wp-reset//js/',
  'api_ver' => 'v1/',
  'valid_forever' => '2035-01-01',
  'unlimited_installs' => 99999,
  'debug' => true,
  'filesystem_initialized' => false,
)

[Fri, 28 Feb 2025 03:07:33 +0000] wpr: __construct
array (
  'prefix' => 'wpr',
  'licensing_servers' => 
  array (
    0 => 'https://dashboard.wpreset.com/api/',
  ),
  'version' => '2.04',
  'plugin_file' => 'C:\\xampp\\htdocs\\studio02\\wp-content\\plugins\\wp-reset\\wp-reset.php',
  'plugin_page' => 'tools_page_wp-reset',
  'skip_hooks' => false,
  'debug' => true,
  'js_folder' => 'http://localhost/studio02/wp-content/plugins/wp-reset//js/',
)
array (
  'prefix' => 'wpr',
  'licensing_servers' => 
  array (
    0 => 'https://dashboard.wpreset.com/api/',
  ),
  'version' => '2.04',
  'slug' => 'wp-reset',
  'basename' => 'wp-reset/wp-reset.php',
  'plugin_page' => 'tools_page_wp-reset',
  'plugin_file' => 'C:\\xampp\\htdocs\\studio02\\wp-content\\plugins\\wp-reset\\wp-reset.php',
  'js_folder' => 'http://localhost/studio02/wp-content/plugins/wp-reset//js/',
  'api_ver' => 'v1/',
  'valid_forever' => '2035-01-01',
  'unlimited_installs' => 99999,
  'debug' => true,
  'filesystem_initialized' => false,
)

[Fri, 28 Feb 2025 03:07:34 +0000] wpr: __construct
array (
  'prefix' => 'wpr',
  'licensing_servers' => 
  array (
    0 => 'https://dashboard.wpreset.com/api/',
  ),
  'version' => '2.04',
  'plugin_file' => 'C:\\xampp\\htdocs\\studio02\\wp-content\\plugins\\wp-reset\\wp-reset.php',
  'plugin_page' => 'tools_page_wp-reset',
  'skip_hooks' => false,
  'debug' => true,
  'js_folder' => 'http://localhost/studio02/wp-content/plugins/wp-reset//js/',
)
array (
  'prefix' => 'wpr',
  'licensing_servers' => 
  array (
    0 => 'https://dashboard.wpreset.com/api/',
  ),
  'version' => '2.04',
  'slug' => 'wp-reset',
  'basename' => 'wp-reset/wp-reset.php',
  'plugin_page' => 'tools_page_wp-reset',
  'plugin_file' => 'C:\\xampp\\htdocs\\studio02\\wp-content\\plugins\\wp-reset\\wp-reset.php',
  'js_folder' => 'http://localhost/studio02/wp-content/plugins/wp-reset//js/',
  'api_ver' => 'v1/',
  'valid_forever' => '2035-01-01',
  'unlimited_installs' => 99999,
  'debug' => true,
  'filesystem_initialized' => false,
)

[Fri, 28 Feb 2025 03:07:37 +0000] wpr: __construct
array (
  'prefix' => 'wpr',
  'licensing_servers' => 
  array (
    0 => 'https://dashboard.wpreset.com/api/',
  ),
  'version' => '2.04',
  'plugin_file' => 'C:\\xampp\\htdocs\\studio02\\wp-content\\plugins\\wp-reset\\wp-reset.php',
  'plugin_page' => 'tools_page_wp-reset',
  'skip_hooks' => false,
  'debug' => true,
  'js_folder' => 'http://localhost/studio02/wp-content/plugins/wp-reset//js/',
)
array (
  'prefix' => 'wpr',
  'licensing_servers' => 
  array (
    0 => 'https://dashboard.wpreset.com/api/',
  ),
  'version' => '2.04',
  'slug' => 'wp-reset',
  'basename' => 'wp-reset/wp-reset.php',
  'plugin_page' => 'tools_page_wp-reset',
  'plugin_file' => 'C:\\xampp\\htdocs\\studio02\\wp-content\\plugins\\wp-reset\\wp-reset.php',
  'js_folder' => 'http://localhost/studio02/wp-content/plugins/wp-reset//js/',
  'api_ver' => 'v1/',
  'valid_forever' => '2035-01-01',
  'unlimited_installs' => 99999,
  'debug' => true,
  'filesystem_initialized' => false,
)

[Fri, 28 Feb 2025 03:07:38 +0000] wpr: __construct
array (
  'prefix' => 'wpr',
  'licensing_servers' => 
  array (
    0 => 'https://dashboard.wpreset.com/api/',
  ),
  'version' => '2.04',
  'plugin_file' => 'C:\\xampp\\htdocs\\studio02\\wp-content\\plugins\\wp-reset\\wp-reset.php',
  'plugin_page' => 'tools_page_wp-reset',
  'skip_hooks' => false,
  'debug' => true,
  'js_folder' => 'http://localhost/studio02/wp-content/plugins/wp-reset//js/',
)
array (
  'prefix' => 'wpr',
  'licensing_servers' => 
  array (
    0 => 'https://dashboard.wpreset.com/api/',
  ),
  'version' => '2.04',
  'slug' => 'wp-reset',
  'basename' => 'wp-reset/wp-reset.php',
  'plugin_page' => 'tools_page_wp-reset',
  'plugin_file' => 'C:\\xampp\\htdocs\\studio02\\wp-content\\plugins\\wp-reset\\wp-reset.php',
  'js_folder' => 'http://localhost/studio02/wp-content/plugins/wp-reset//js/',
  'api_ver' => 'v1/',
  'valid_forever' => '2035-01-01',
  'unlimited_installs' => 99999,
  'debug' => true,
  'filesystem_initialized' => false,
)

[Fri, 28 Feb 2025 03:08:00 +0000] wpr: __construct
array (
  'prefix' => 'wpr',
  'licensing_servers' => 
  array (
    0 => 'https://dashboard.wpreset.com/api/',
  ),
  'version' => '2.04',
  'plugin_file' => 'C:\\xampp\\htdocs\\studio02\\wp-content\\plugins\\wp-reset\\wp-reset.php',
  'plugin_page' => 'tools_page_wp-reset',
  'skip_hooks' => false,
  'debug' => true,
  'js_folder' => 'http://localhost/studio02/wp-content/plugins/wp-reset//js/',
)
array (
  'prefix' => 'wpr',
  'licensing_servers' => 
  array (
    0 => 'https://dashboard.wpreset.com/api/',
  ),
  'version' => '2.04',
  'slug' => 'wp-reset',
  'basename' => 'wp-reset/wp-reset.php',
  'plugin_page' => 'tools_page_wp-reset',
  'plugin_file' => 'C:\\xampp\\htdocs\\studio02\\wp-content\\plugins\\wp-reset\\wp-reset.php',
  'js_folder' => 'http://localhost/studio02/wp-content/plugins/wp-reset//js/',
  'api_ver' => 'v1/',
  'valid_forever' => '2035-01-01',
  'unlimited_installs' => 99999,
  'debug' => true,
  'filesystem_initialized' => false,
)

[Fri, 28 Feb 2025 03:08:03 +0000] wpr: __construct
array (
  'prefix' => 'wpr',
  'licensing_servers' => 
  array (
    0 => 'https://dashboard.wpreset.com/api/',
  ),
  'version' => '2.04',
  'plugin_file' => 'C:\\xampp\\htdocs\\studio02\\wp-content\\plugins\\wp-reset\\wp-reset.php',
  'plugin_page' => 'tools_page_wp-reset',
  'skip_hooks' => false,
  'debug' => true,
  'js_folder' => 'http://localhost/studio02/wp-content/plugins/wp-reset//js/',
)
array (
  'prefix' => 'wpr',
  'licensing_servers' => 
  array (
    0 => 'https://dashboard.wpreset.com/api/',
  ),
  'version' => '2.04',
  'slug' => 'wp-reset',
  'basename' => 'wp-reset/wp-reset.php',
  'plugin_page' => 'tools_page_wp-reset',
  'plugin_file' => 'C:\\xampp\\htdocs\\studio02\\wp-content\\plugins\\wp-reset\\wp-reset.php',
  'js_folder' => 'http://localhost/studio02/wp-content/plugins/wp-reset//js/',
  'api_ver' => 'v1/',
  'valid_forever' => '2035-01-01',
  'unlimited_installs' => 99999,
  'debug' => true,
  'filesystem_initialized' => false,
)

[Fri, 28 Feb 2025 03:08:05 +0000] wpr: __construct
array (
  'prefix' => 'wpr',
  'licensing_servers' => 
  array (
    0 => 'https://dashboard.wpreset.com/api/',
  ),
  'version' => '2.04',
  'plugin_file' => 'C:\\xampp\\htdocs\\studio02\\wp-content\\plugins\\wp-reset\\wp-reset.php',
  'plugin_page' => 'tools_page_wp-reset',
  'skip_hooks' => false,
  'debug' => true,
  'js_folder' => 'http://localhost/studio02/wp-content/plugins/wp-reset//js/',
)
array (
  'prefix' => 'wpr',
  'licensing_servers' => 
  array (
    0 => 'https://dashboard.wpreset.com/api/',
  ),
  'version' => '2.04',
  'slug' => 'wp-reset',
  'basename' => 'wp-reset/wp-reset.php',
  'plugin_page' => 'tools_page_wp-reset',
  'plugin_file' => 'C:\\xampp\\htdocs\\studio02\\wp-content\\plugins\\wp-reset\\wp-reset.php',
  'js_folder' => 'http://localhost/studio02/wp-content/plugins/wp-reset//js/',
  'api_ver' => 'v1/',
  'valid_forever' => '2035-01-01',
  'unlimited_installs' => 99999,
  'debug' => true,
  'filesystem_initialized' => false,
)

[Fri, 28 Feb 2025 03:08:06 +0000] wpr: __construct
array (
  'prefix' => 'wpr',
  'licensing_servers' => 
  array (
    0 => 'https://dashboard.wpreset.com/api/',
  ),
  'version' => '2.04',
  'plugin_file' => 'C:\\xampp\\htdocs\\studio02\\wp-content\\plugins\\wp-reset\\wp-reset.php',
  'plugin_page' => 'tools_page_wp-reset',
  'skip_hooks' => false,
  'debug' => true,
  'js_folder' => 'http://localhost/studio02/wp-content/plugins/wp-reset//js/',
)
array (
  'prefix' => 'wpr',
  'licensing_servers' => 
  array (
    0 => 'https://dashboard.wpreset.com/api/',
  ),
  'version' => '2.04',
  'slug' => 'wp-reset',
  'basename' => 'wp-reset/wp-reset.php',
  'plugin_page' => 'tools_page_wp-reset',
  'plugin_file' => 'C:\\xampp\\htdocs\\studio02\\wp-content\\plugins\\wp-reset\\wp-reset.php',
  'js_folder' => 'http://localhost/studio02/wp-content/plugins/wp-reset//js/',
  'api_ver' => 'v1/',
  'valid_forever' => '2035-01-01',
  'unlimited_installs' => 99999,
  'debug' => true,
  'filesystem_initialized' => false,
)

[Fri, 28 Feb 2025 03:08:11 +0000] wpr: __construct
array (
  'prefix' => 'wpr',
  'licensing_servers' => 
  array (
    0 => 'https://dashboard.wpreset.com/api/',
  ),
  'version' => '2.04',
  'plugin_file' => 'C:\\xampp\\htdocs\\studio02\\wp-content\\plugins\\wp-reset\\wp-reset.php',
  'plugin_page' => 'tools_page_wp-reset',
  'skip_hooks' => false,
  'debug' => true,
  'js_folder' => 'http://localhost/studio02/wp-content/plugins/wp-reset//js/',
)
array (
  'prefix' => 'wpr',
  'licensing_servers' => 
  array (
    0 => 'https://dashboard.wpreset.com/api/',
  ),
  'version' => '2.04',
  'slug' => 'wp-reset',
  'basename' => 'wp-reset/wp-reset.php',
  'plugin_page' => 'tools_page_wp-reset',
  'plugin_file' => 'C:\\xampp\\htdocs\\studio02\\wp-content\\plugins\\wp-reset\\wp-reset.php',
  'js_folder' => 'http://localhost/studio02/wp-content/plugins/wp-reset//js/',
  'api_ver' => 'v1/',
  'valid_forever' => '2035-01-01',
  'unlimited_installs' => 99999,
  'debug' => true,
  'filesystem_initialized' => false,
)

[Fri, 28 Feb 2025 03:08:15 +0000] wpr: __construct
array (
  'prefix' => 'wpr',
  'licensing_servers' => 
  array (
    0 => 'https://dashboard.wpreset.com/api/',
  ),
  'version' => '2.04',
  'plugin_file' => 'C:\\xampp\\htdocs\\studio02\\wp-content\\plugins\\wp-reset\\wp-reset.php',
  'plugin_page' => 'tools_page_wp-reset',
  'skip_hooks' => false,
  'debug' => true,
  'js_folder' => 'http://localhost/studio02/wp-content/plugins/wp-reset//js/',
)
array (
  'prefix' => 'wpr',
  'licensing_servers' => 
  array (
    0 => 'https://dashboard.wpreset.com/api/',
  ),
  'version' => '2.04',
  'slug' => 'wp-reset',
  'basename' => 'wp-reset/wp-reset.php',
  'plugin_page' => 'tools_page_wp-reset',
  'plugin_file' => 'C:\\xampp\\htdocs\\studio02\\wp-content\\plugins\\wp-reset\\wp-reset.php',
  'js_folder' => 'http://localhost/studio02/wp-content/plugins/wp-reset//js/',
  'api_ver' => 'v1/',
  'valid_forever' => '2035-01-01',
  'unlimited_installs' => 99999,
  'debug' => true,
  'filesystem_initialized' => false,
)

[Fri, 28 Feb 2025 03:08:20 +0000] wpr: __construct
array (
  'prefix' => 'wpr',
  'licensing_servers' => 
  array (
    0 => 'https://dashboard.wpreset.com/api/',
  ),
  'version' => '2.04',
  'plugin_file' => 'C:\\xampp\\htdocs\\studio02\\wp-content\\plugins\\wp-reset\\wp-reset.php',
  'plugin_page' => 'tools_page_wp-reset',
  'skip_hooks' => false,
  'debug' => true,
  'js_folder' => 'http://localhost/studio02/wp-content/plugins/wp-reset//js/',
)
array (
  'prefix' => 'wpr',
  'licensing_servers' => 
  array (
    0 => 'https://dashboard.wpreset.com/api/',
  ),
  'version' => '2.04',
  'slug' => 'wp-reset',
  'basename' => 'wp-reset/wp-reset.php',
  'plugin_page' => 'tools_page_wp-reset',
  'plugin_file' => 'C:\\xampp\\htdocs\\studio02\\wp-content\\plugins\\wp-reset\\wp-reset.php',
  'js_folder' => 'http://localhost/studio02/wp-content/plugins/wp-reset//js/',
  'api_ver' => 'v1/',
  'valid_forever' => '2035-01-01',
  'unlimited_installs' => 99999,
  'debug' => true,
  'filesystem_initialized' => false,
)

[Fri, 28 Feb 2025 03:08:22 +0000] wpr: __construct
array (
  'prefix' => 'wpr',
  'licensing_servers' => 
  array (
    0 => 'https://dashboard.wpreset.com/api/',
  ),
  'version' => '2.04',
  'plugin_file' => 'C:\\xampp\\htdocs\\studio02\\wp-content\\plugins\\wp-reset\\wp-reset.php',
  'plugin_page' => 'tools_page_wp-reset',
  'skip_hooks' => false,
  'debug' => true,
  'js_folder' => 'http://localhost/studio02/wp-content/plugins/wp-reset//js/',
)
array (
  'prefix' => 'wpr',
  'licensing_servers' => 
  array (
    0 => 'https://dashboard.wpreset.com/api/',
  ),
  'version' => '2.04',
  'slug' => 'wp-reset',
  'basename' => 'wp-reset/wp-reset.php',
  'plugin_page' => 'tools_page_wp-reset',
  'plugin_file' => 'C:\\xampp\\htdocs\\studio02\\wp-content\\plugins\\wp-reset\\wp-reset.php',
  'js_folder' => 'http://localhost/studio02/wp-content/plugins/wp-reset//js/',
  'api_ver' => 'v1/',
  'valid_forever' => '2035-01-01',
  'unlimited_installs' => 99999,
  'debug' => true,
  'filesystem_initialized' => false,
)

[Fri, 28 Feb 2025 03:08:25 +0000] wpr: __construct
array (
  'prefix' => 'wpr',
  'licensing_servers' => 
  array (
    0 => 'https://dashboard.wpreset.com/api/',
  ),
  'version' => '2.04',
  'plugin_file' => 'C:\\xampp\\htdocs\\studio02\\wp-content\\plugins\\wp-reset\\wp-reset.php',
  'plugin_page' => 'tools_page_wp-reset',
  'skip_hooks' => false,
  'debug' => true,
  'js_folder' => 'http://localhost/studio02/wp-content/plugins/wp-reset//js/',
)
array (
  'prefix' => 'wpr',
  'licensing_servers' => 
  array (
    0 => 'https://dashboard.wpreset.com/api/',
  ),
  'version' => '2.04',
  'slug' => 'wp-reset',
  'basename' => 'wp-reset/wp-reset.php',
  'plugin_page' => 'tools_page_wp-reset',
  'plugin_file' => 'C:\\xampp\\htdocs\\studio02\\wp-content\\plugins\\wp-reset\\wp-reset.php',
  'js_folder' => 'http://localhost/studio02/wp-content/plugins/wp-reset//js/',
  'api_ver' => 'v1/',
  'valid_forever' => '2035-01-01',
  'unlimited_installs' => 99999,
  'debug' => true,
  'filesystem_initialized' => false,
)

[Fri, 28 Feb 2025 03:08:39 +0000] wpr: __construct
array (
  'prefix' => 'wpr',
  'licensing_servers' => 
  array (
    0 => 'https://dashboard.wpreset.com/api/',
  ),
  'version' => '2.04',
  'plugin_file' => 'C:\\xampp\\htdocs\\studio02\\wp-content\\plugins\\wp-reset\\wp-reset.php',
  'plugin_page' => 'tools_page_wp-reset',
  'skip_hooks' => false,
  'debug' => true,
  'js_folder' => 'http://localhost/studio02/wp-content/plugins/wp-reset//js/',
)
array (
  'prefix' => 'wpr',
  'licensing_servers' => 
  array (
    0 => 'https://dashboard.wpreset.com/api/',
  ),
  'version' => '2.04',
  'slug' => 'wp-reset',
  'basename' => 'wp-reset/wp-reset.php',
  'plugin_page' => 'tools_page_wp-reset',
  'plugin_file' => 'C:\\xampp\\htdocs\\studio02\\wp-content\\plugins\\wp-reset\\wp-reset.php',
  'js_folder' => 'http://localhost/studio02/wp-content/plugins/wp-reset//js/',
  'api_ver' => 'v1/',
  'valid_forever' => '2035-01-01',
  'unlimited_installs' => 99999,
  'debug' => true,
  'filesystem_initialized' => false,
)

[Fri, 28 Feb 2025 03:08:41 +0000] wpr: __construct
array (
  'prefix' => 'wpr',
  'licensing_servers' => 
  array (
    0 => 'https://dashboard.wpreset.com/api/',
  ),
  'version' => '2.04',
  'plugin_file' => 'C:\\xampp\\htdocs\\studio02\\wp-content\\plugins\\wp-reset\\wp-reset.php',
  'plugin_page' => 'tools_page_wp-reset',
  'skip_hooks' => false,
  'debug' => true,
  'js_folder' => 'http://localhost/studio02/wp-content/plugins/wp-reset//js/',
)
array (
  'prefix' => 'wpr',
  'licensing_servers' => 
  array (
    0 => 'https://dashboard.wpreset.com/api/',
  ),
  'version' => '2.04',
  'slug' => 'wp-reset',
  'basename' => 'wp-reset/wp-reset.php',
  'plugin_page' => 'tools_page_wp-reset',
  'plugin_file' => 'C:\\xampp\\htdocs\\studio02\\wp-content\\plugins\\wp-reset\\wp-reset.php',
  'js_folder' => 'http://localhost/studio02/wp-content/plugins/wp-reset//js/',
  'api_ver' => 'v1/',
  'valid_forever' => '2035-01-01',
  'unlimited_installs' => 99999,
  'debug' => true,
  'filesystem_initialized' => false,
)

[Fri, 28 Feb 2025 03:08:44 +0000] wpr: __construct
array (
  'prefix' => 'wpr',
  'licensing_servers' => 
  array (
    0 => 'https://dashboard.wpreset.com/api/',
  ),
  'version' => '2.04',
  'plugin_file' => 'C:\\xampp\\htdocs\\studio02\\wp-content\\plugins\\wp-reset\\wp-reset.php',
  'plugin_page' => 'tools_page_wp-reset',
  'skip_hooks' => false,
  'debug' => true,
  'js_folder' => 'http://localhost/studio02/wp-content/plugins/wp-reset//js/',
)
array (
  'prefix' => 'wpr',
  'licensing_servers' => 
  array (
    0 => 'https://dashboard.wpreset.com/api/',
  ),
  'version' => '2.04',
  'slug' => 'wp-reset',
  'basename' => 'wp-reset/wp-reset.php',
  'plugin_page' => 'tools_page_wp-reset',
  'plugin_file' => 'C:\\xampp\\htdocs\\studio02\\wp-content\\plugins\\wp-reset\\wp-reset.php',
  'js_folder' => 'http://localhost/studio02/wp-content/plugins/wp-reset//js/',
  'api_ver' => 'v1/',
  'valid_forever' => '2035-01-01',
  'unlimited_installs' => 99999,
  'debug' => true,
  'filesystem_initialized' => false,
)

[Fri, 28 Feb 2025 03:08:49 +0000] wpr: __construct
array (
  'prefix' => 'wpr',
  'licensing_servers' => 
  array (
    0 => 'https://dashboard.wpreset.com/api/',
  ),
  'version' => '2.04',
  'plugin_file' => 'C:\\xampp\\htdocs\\studio02\\wp-content\\plugins\\wp-reset\\wp-reset.php',
  'plugin_page' => 'tools_page_wp-reset',
  'skip_hooks' => false,
  'debug' => true,
  'js_folder' => 'http://localhost/studio02/wp-content/plugins/wp-reset//js/',
)
array (
  'prefix' => 'wpr',
  'licensing_servers' => 
  array (
    0 => 'https://dashboard.wpreset.com/api/',
  ),
  'version' => '2.04',
  'slug' => 'wp-reset',
  'basename' => 'wp-reset/wp-reset.php',
  'plugin_page' => 'tools_page_wp-reset',
  'plugin_file' => 'C:\\xampp\\htdocs\\studio02\\wp-content\\plugins\\wp-reset\\wp-reset.php',
  'js_folder' => 'http://localhost/studio02/wp-content/plugins/wp-reset//js/',
  'api_ver' => 'v1/',
  'valid_forever' => '2035-01-01',
  'unlimited_installs' => 99999,
  'debug' => true,
  'filesystem_initialized' => false,
)

[Fri, 28 Feb 2025 03:08:50 +0000] wpr: __construct
array (
  'prefix' => 'wpr',
  'licensing_servers' => 
  array (
    0 => 'https://dashboard.wpreset.com/api/',
  ),
  'version' => '2.04',
  'plugin_file' => 'C:\\xampp\\htdocs\\studio02\\wp-content\\plugins\\wp-reset\\wp-reset.php',
  'plugin_page' => 'tools_page_wp-reset',
  'skip_hooks' => false,
  'debug' => true,
  'js_folder' => 'http://localhost/studio02/wp-content/plugins/wp-reset//js/',
)
array (
  'prefix' => 'wpr',
  'licensing_servers' => 
  array (
    0 => 'https://dashboard.wpreset.com/api/',
  ),
  'version' => '2.04',
  'slug' => 'wp-reset',
  'basename' => 'wp-reset/wp-reset.php',
  'plugin_page' => 'tools_page_wp-reset',
  'plugin_file' => 'C:\\xampp\\htdocs\\studio02\\wp-content\\plugins\\wp-reset\\wp-reset.php',
  'js_folder' => 'http://localhost/studio02/wp-content/plugins/wp-reset//js/',
  'api_ver' => 'v1/',
  'valid_forever' => '2035-01-01',
  'unlimited_installs' => 99999,
  'debug' => true,
  'filesystem_initialized' => false,
)

[Fri, 28 Feb 2025 03:08:52 +0000] wpr: __construct
array (
  'prefix' => 'wpr',
  'licensing_servers' => 
  array (
    0 => 'https://dashboard.wpreset.com/api/',
  ),
  'version' => '2.04',
  'plugin_file' => 'C:\\xampp\\htdocs\\studio02\\wp-content\\plugins\\wp-reset\\wp-reset.php',
  'plugin_page' => 'tools_page_wp-reset',
  'skip_hooks' => false,
  'debug' => true,
  'js_folder' => 'http://localhost/studio02/wp-content/plugins/wp-reset//js/',
)
array (
  'prefix' => 'wpr',
  'licensing_servers' => 
  array (
    0 => 'https://dashboard.wpreset.com/api/',
  ),
  'version' => '2.04',
  'slug' => 'wp-reset',
  'basename' => 'wp-reset/wp-reset.php',
  'plugin_page' => 'tools_page_wp-reset',
  'plugin_file' => 'C:\\xampp\\htdocs\\studio02\\wp-content\\plugins\\wp-reset\\wp-reset.php',
  'js_folder' => 'http://localhost/studio02/wp-content/plugins/wp-reset//js/',
  'api_ver' => 'v1/',
  'valid_forever' => '2035-01-01',
  'unlimited_installs' => 99999,
  'debug' => true,
  'filesystem_initialized' => false,
)

[Fri, 28 Feb 2025 03:08:54 +0000] wpr: __construct
array (
  'prefix' => 'wpr',
  'licensing_servers' => 
  array (
    0 => 'https://dashboard.wpreset.com/api/',
  ),
  'version' => '2.04',
  'plugin_file' => 'C:\\xampp\\htdocs\\studio02\\wp-content\\plugins\\wp-reset\\wp-reset.php',
  'plugin_page' => 'tools_page_wp-reset',
  'skip_hooks' => false,
  'debug' => true,
  'js_folder' => 'http://localhost/studio02/wp-content/plugins/wp-reset//js/',
)
array (
  'prefix' => 'wpr',
  'licensing_servers' => 
  array (
    0 => 'https://dashboard.wpreset.com/api/',
  ),
  'version' => '2.04',
  'slug' => 'wp-reset',
  'basename' => 'wp-reset/wp-reset.php',
  'plugin_page' => 'tools_page_wp-reset',
  'plugin_file' => 'C:\\xampp\\htdocs\\studio02\\wp-content\\plugins\\wp-reset\\wp-reset.php',
  'js_folder' => 'http://localhost/studio02/wp-content/plugins/wp-reset//js/',
  'api_ver' => 'v1/',
  'valid_forever' => '2035-01-01',
  'unlimited_installs' => 99999,
  'debug' => true,
  'filesystem_initialized' => false,
)

[Fri, 28 Feb 2025 03:08:56 +0000] wpr: __construct
array (
  'prefix' => 'wpr',
  'licensing_servers' => 
  array (
    0 => 'https://dashboard.wpreset.com/api/',
  ),
  'version' => '2.04',
  'plugin_file' => 'C:\\xampp\\htdocs\\studio02\\wp-content\\plugins\\wp-reset\\wp-reset.php',
  'plugin_page' => 'tools_page_wp-reset',
  'skip_hooks' => false,
  'debug' => true,
  'js_folder' => 'http://localhost/studio02/wp-content/plugins/wp-reset//js/',
)
array (
  'prefix' => 'wpr',
  'licensing_servers' => 
  array (
    0 => 'https://dashboard.wpreset.com/api/',
  ),
  'version' => '2.04',
  'slug' => 'wp-reset',
  'basename' => 'wp-reset/wp-reset.php',
  'plugin_page' => 'tools_page_wp-reset',
  'plugin_file' => 'C:\\xampp\\htdocs\\studio02\\wp-content\\plugins\\wp-reset\\wp-reset.php',
  'js_folder' => 'http://localhost/studio02/wp-content/plugins/wp-reset//js/',
  'api_ver' => 'v1/',
  'valid_forever' => '2035-01-01',
  'unlimited_installs' => 99999,
  'debug' => true,
  'filesystem_initialized' => false,
)

[Fri, 28 Feb 2025 03:08:57 +0000] wpr: __construct
array (
  'prefix' => 'wpr',
  'licensing_servers' => 
  array (
    0 => 'https://dashboard.wpreset.com/api/',
  ),
  'version' => '2.04',
  'plugin_file' => 'C:\\xampp\\htdocs\\studio02\\wp-content\\plugins\\wp-reset\\wp-reset.php',
  'plugin_page' => 'tools_page_wp-reset',
  'skip_hooks' => false,
  'debug' => true,
  'js_folder' => 'http://localhost/studio02/wp-content/plugins/wp-reset//js/',
)
array (
  'prefix' => 'wpr',
  'licensing_servers' => 
  array (
    0 => 'https://dashboard.wpreset.com/api/',
  ),
  'version' => '2.04',
  'slug' => 'wp-reset',
  'basename' => 'wp-reset/wp-reset.php',
  'plugin_page' => 'tools_page_wp-reset',
  'plugin_file' => 'C:\\xampp\\htdocs\\studio02\\wp-content\\plugins\\wp-reset\\wp-reset.php',
  'js_folder' => 'http://localhost/studio02/wp-content/plugins/wp-reset//js/',
  'api_ver' => 'v1/',
  'valid_forever' => '2035-01-01',
  'unlimited_installs' => 99999,
  'debug' => true,
  'filesystem_initialized' => false,
)

[Fri, 28 Feb 2025 03:08:59 +0000] wpr: __construct
array (
  'prefix' => 'wpr',
  'licensing_servers' => 
  array (
    0 => 'https://dashboard.wpreset.com/api/',
  ),
  'version' => '2.04',
  'plugin_file' => 'C:\\xampp\\htdocs\\studio02\\wp-content\\plugins\\wp-reset\\wp-reset.php',
  'plugin_page' => 'tools_page_wp-reset',
  'skip_hooks' => false,
  'debug' => true,
  'js_folder' => 'http://localhost/studio02/wp-content/plugins/wp-reset//js/',
)
array (
  'prefix' => 'wpr',
  'licensing_servers' => 
  array (
    0 => 'https://dashboard.wpreset.com/api/',
  ),
  'version' => '2.04',
  'slug' => 'wp-reset',
  'basename' => 'wp-reset/wp-reset.php',
  'plugin_page' => 'tools_page_wp-reset',
  'plugin_file' => 'C:\\xampp\\htdocs\\studio02\\wp-content\\plugins\\wp-reset\\wp-reset.php',
  'js_folder' => 'http://localhost/studio02/wp-content/plugins/wp-reset//js/',
  'api_ver' => 'v1/',
  'valid_forever' => '2035-01-01',
  'unlimited_installs' => 99999,
  'debug' => true,
  'filesystem_initialized' => false,
)

[Fri, 28 Feb 2025 03:09:01 +0000] wpr: __construct
array (
  'prefix' => 'wpr',
  'licensing_servers' => 
  array (
    0 => 'https://dashboard.wpreset.com/api/',
  ),
  'version' => '2.04',
  'plugin_file' => 'C:\\xampp\\htdocs\\studio02\\wp-content\\plugins\\wp-reset\\wp-reset.php',
  'plugin_page' => 'tools_page_wp-reset',
  'skip_hooks' => false,
  'debug' => true,
  'js_folder' => 'http://localhost/studio02/wp-content/plugins/wp-reset//js/',
)
array (
  'prefix' => 'wpr',
  'licensing_servers' => 
  array (
    0 => 'https://dashboard.wpreset.com/api/',
  ),
  'version' => '2.04',
  'slug' => 'wp-reset',
  'basename' => 'wp-reset/wp-reset.php',
  'plugin_page' => 'tools_page_wp-reset',
  'plugin_file' => 'C:\\xampp\\htdocs\\studio02\\wp-content\\plugins\\wp-reset\\wp-reset.php',
  'js_folder' => 'http://localhost/studio02/wp-content/plugins/wp-reset//js/',
  'api_ver' => 'v1/',
  'valid_forever' => '2035-01-01',
  'unlimited_installs' => 99999,
  'debug' => true,
  'filesystem_initialized' => false,
)

[Fri, 28 Feb 2025 03:09:06 +0000] wpr: __construct
array (
  'prefix' => 'wpr',
  'licensing_servers' => 
  array (
    0 => 'https://dashboard.wpreset.com/api/',
  ),
  'version' => '2.04',
  'plugin_file' => 'C:\\xampp\\htdocs\\studio02\\wp-content\\plugins\\wp-reset\\wp-reset.php',
  'plugin_page' => 'tools_page_wp-reset',
  'skip_hooks' => false,
  'debug' => true,
  'js_folder' => 'http://localhost/studio02/wp-content/plugins/wp-reset//js/',
)
array (
  'prefix' => 'wpr',
  'licensing_servers' => 
  array (
    0 => 'https://dashboard.wpreset.com/api/',
  ),
  'version' => '2.04',
  'slug' => 'wp-reset',
  'basename' => 'wp-reset/wp-reset.php',
  'plugin_page' => 'tools_page_wp-reset',
  'plugin_file' => 'C:\\xampp\\htdocs\\studio02\\wp-content\\plugins\\wp-reset\\wp-reset.php',
  'js_folder' => 'http://localhost/studio02/wp-content/plugins/wp-reset//js/',
  'api_ver' => 'v1/',
  'valid_forever' => '2035-01-01',
  'unlimited_installs' => 99999,
  'debug' => true,
  'filesystem_initialized' => false,
)

[Fri, 28 Feb 2025 03:09:13 +0000] wpr: __construct
array (
  'prefix' => 'wpr',
  'licensing_servers' => 
  array (
    0 => 'https://dashboard.wpreset.com/api/',
  ),
  'version' => '2.04',
  'plugin_file' => 'C:\\xampp\\htdocs\\studio02\\wp-content\\plugins\\wp-reset\\wp-reset.php',
  'plugin_page' => 'tools_page_wp-reset',
  'skip_hooks' => false,
  'debug' => true,
  'js_folder' => 'http://localhost/studio02/wp-content/plugins/wp-reset//js/',
)
array (
  'prefix' => 'wpr',
  'licensing_servers' => 
  array (
    0 => 'https://dashboard.wpreset.com/api/',
  ),
  'version' => '2.04',
  'slug' => 'wp-reset',
  'basename' => 'wp-reset/wp-reset.php',
  'plugin_page' => 'tools_page_wp-reset',
  'plugin_file' => 'C:\\xampp\\htdocs\\studio02\\wp-content\\plugins\\wp-reset\\wp-reset.php',
  'js_folder' => 'http://localhost/studio02/wp-content/plugins/wp-reset//js/',
  'api_ver' => 'v1/',
  'valid_forever' => '2035-01-01',
  'unlimited_installs' => 99999,
  'debug' => true,
  'filesystem_initialized' => false,
)

[Fri, 28 Feb 2025 03:09:15 +0000] wpr: __construct
array (
  'prefix' => 'wpr',
  'licensing_servers' => 
  array (
    0 => 'https://dashboard.wpreset.com/api/',
  ),
  'version' => '2.04',
  'plugin_file' => 'C:\\xampp\\htdocs\\studio02\\wp-content\\plugins\\wp-reset\\wp-reset.php',
  'plugin_page' => 'tools_page_wp-reset',
  'skip_hooks' => false,
  'debug' => true,
  'js_folder' => 'http://localhost/studio02/wp-content/plugins/wp-reset//js/',
)
array (
  'prefix' => 'wpr',
  'licensing_servers' => 
  array (
    0 => 'https://dashboard.wpreset.com/api/',
  ),
  'version' => '2.04',
  'slug' => 'wp-reset',
  'basename' => 'wp-reset/wp-reset.php',
  'plugin_page' => 'tools_page_wp-reset',
  'plugin_file' => 'C:\\xampp\\htdocs\\studio02\\wp-content\\plugins\\wp-reset\\wp-reset.php',
  'js_folder' => 'http://localhost/studio02/wp-content/plugins/wp-reset//js/',
  'api_ver' => 'v1/',
  'valid_forever' => '2035-01-01',
  'unlimited_installs' => 99999,
  'debug' => true,
  'filesystem_initialized' => false,
)

[Fri, 28 Feb 2025 03:09:16 +0000] wpr: __construct
array (
  'prefix' => 'wpr',
  'licensing_servers' => 
  array (
    0 => 'https://dashboard.wpreset.com/api/',
  ),
  'version' => '2.04',
  'plugin_file' => 'C:\\xampp\\htdocs\\studio02\\wp-content\\plugins\\wp-reset\\wp-reset.php',
  'plugin_page' => 'tools_page_wp-reset',
  'skip_hooks' => false,
  'debug' => true,
  'js_folder' => 'http://localhost/studio02/wp-content/plugins/wp-reset//js/',
)
array (
  'prefix' => 'wpr',
  'licensing_servers' => 
  array (
    0 => 'https://dashboard.wpreset.com/api/',
  ),
  'version' => '2.04',
  'slug' => 'wp-reset',
  'basename' => 'wp-reset/wp-reset.php',
  'plugin_page' => 'tools_page_wp-reset',
  'plugin_file' => 'C:\\xampp\\htdocs\\studio02\\wp-content\\plugins\\wp-reset\\wp-reset.php',
  'js_folder' => 'http://localhost/studio02/wp-content/plugins/wp-reset//js/',
  'api_ver' => 'v1/',
  'valid_forever' => '2035-01-01',
  'unlimited_installs' => 99999,
  'debug' => true,
  'filesystem_initialized' => false,
)

[Fri, 28 Feb 2025 03:09:19 +0000] wpr: __construct
array (
  'prefix' => 'wpr',
  'licensing_servers' => 
  array (
    0 => 'https://dashboard.wpreset.com/api/',
  ),
  'version' => '2.04',
  'plugin_file' => 'C:\\xampp\\htdocs\\studio02\\wp-content\\plugins\\wp-reset\\wp-reset.php',
  'plugin_page' => 'tools_page_wp-reset',
  'skip_hooks' => false,
  'debug' => true,
  'js_folder' => 'http://localhost/studio02/wp-content/plugins/wp-reset//js/',
)
array (
  'prefix' => 'wpr',
  'licensing_servers' => 
  array (
    0 => 'https://dashboard.wpreset.com/api/',
  ),
  'version' => '2.04',
  'slug' => 'wp-reset',
  'basename' => 'wp-reset/wp-reset.php',
  'plugin_page' => 'tools_page_wp-reset',
  'plugin_file' => 'C:\\xampp\\htdocs\\studio02\\wp-content\\plugins\\wp-reset\\wp-reset.php',
  'js_folder' => 'http://localhost/studio02/wp-content/plugins/wp-reset//js/',
  'api_ver' => 'v1/',
  'valid_forever' => '2035-01-01',
  'unlimited_installs' => 99999,
  'debug' => true,
  'filesystem_initialized' => false,
)

[Fri, 28 Feb 2025 03:09:19 +0000] wpr: __construct
array (
  'prefix' => 'wpr',
  'licensing_servers' => 
  array (
    0 => 'https://dashboard.wpreset.com/api/',
  ),
  'version' => '2.04',
  'plugin_file' => 'C:\\xampp\\htdocs\\studio02\\wp-content\\plugins\\wp-reset\\wp-reset.php',
  'plugin_page' => 'tools_page_wp-reset',
  'skip_hooks' => false,
  'debug' => true,
  'js_folder' => 'http://localhost/studio02/wp-content/plugins/wp-reset//js/',
)
array (
  'prefix' => 'wpr',
  'licensing_servers' => 
  array (
    0 => 'https://dashboard.wpreset.com/api/',
  ),
  'version' => '2.04',
  'slug' => 'wp-reset',
  'basename' => 'wp-reset/wp-reset.php',
  'plugin_page' => 'tools_page_wp-reset',
  'plugin_file' => 'C:\\xampp\\htdocs\\studio02\\wp-content\\plugins\\wp-reset\\wp-reset.php',
  'js_folder' => 'http://localhost/studio02/wp-content/plugins/wp-reset//js/',
  'api_ver' => 'v1/',
  'valid_forever' => '2035-01-01',
  'unlimited_installs' => 99999,
  'debug' => true,
  'filesystem_initialized' => false,
)

[Fri, 28 Feb 2025 03:09:28 +0000] wpr: __construct
array (
  'prefix' => 'wpr',
  'licensing_servers' => 
  array (
    0 => 'https://dashboard.wpreset.com/api/',
  ),
  'version' => '2.04',
  'plugin_file' => 'C:\\xampp\\htdocs\\studio02\\wp-content\\plugins\\wp-reset\\wp-reset.php',
  'plugin_page' => 'tools_page_wp-reset',
  'skip_hooks' => false,
  'debug' => true,
  'js_folder' => 'http://localhost/studio02/wp-content/plugins/wp-reset//js/',
)
array (
  'prefix' => 'wpr',
  'licensing_servers' => 
  array (
    0 => 'https://dashboard.wpreset.com/api/',
  ),
  'version' => '2.04',
  'slug' => 'wp-reset',
  'basename' => 'wp-reset/wp-reset.php',
  'plugin_page' => 'tools_page_wp-reset',
  'plugin_file' => 'C:\\xampp\\htdocs\\studio02\\wp-content\\plugins\\wp-reset\\wp-reset.php',
  'js_folder' => 'http://localhost/studio02/wp-content/plugins/wp-reset//js/',
  'api_ver' => 'v1/',
  'valid_forever' => '2035-01-01',
  'unlimited_installs' => 99999,
  'debug' => true,
  'filesystem_initialized' => false,
)

[Fri, 28 Feb 2025 03:09:29 +0000] wpr: __construct
array (
  'prefix' => 'wpr',
  'licensing_servers' => 
  array (
    0 => 'https://dashboard.wpreset.com/api/',
  ),
  'version' => '2.04',
  'plugin_file' => 'C:\\xampp\\htdocs\\studio02\\wp-content\\plugins\\wp-reset\\wp-reset.php',
  'plugin_page' => 'tools_page_wp-reset',
  'skip_hooks' => false,
  'debug' => true,
  'js_folder' => 'http://localhost/studio02/wp-content/plugins/wp-reset//js/',
)
array (
  'prefix' => 'wpr',
  'licensing_servers' => 
  array (
    0 => 'https://dashboard.wpreset.com/api/',
  ),
  'version' => '2.04',
  'slug' => 'wp-reset',
  'basename' => 'wp-reset/wp-reset.php',
  'plugin_page' => 'tools_page_wp-reset',
  'plugin_file' => 'C:\\xampp\\htdocs\\studio02\\wp-content\\plugins\\wp-reset\\wp-reset.php',
  'js_folder' => 'http://localhost/studio02/wp-content/plugins/wp-reset//js/',
  'api_ver' => 'v1/',
  'valid_forever' => '2035-01-01',
  'unlimited_installs' => 99999,
  'debug' => true,
  'filesystem_initialized' => false,
)

[Fri, 28 Feb 2025 03:09:29 +0000] wpr: __construct
array (
  'prefix' => 'wpr',
  'licensing_servers' => 
  array (
    0 => 'https://dashboard.wpreset.com/api/',
  ),
  'version' => '2.04',
  'plugin_file' => 'C:\\xampp\\htdocs\\studio02\\wp-content\\plugins\\wp-reset\\wp-reset.php',
  'plugin_page' => 'tools_page_wp-reset',
  'skip_hooks' => false,
  'debug' => true,
  'js_folder' => 'http://localhost/studio02/wp-content/plugins/wp-reset//js/',
)
array (
  'prefix' => 'wpr',
  'licensing_servers' => 
  array (
    0 => 'https://dashboard.wpreset.com/api/',
  ),
  'version' => '2.04',
  'slug' => 'wp-reset',
  'basename' => 'wp-reset/wp-reset.php',
  'plugin_page' => 'tools_page_wp-reset',
  'plugin_file' => 'C:\\xampp\\htdocs\\studio02\\wp-content\\plugins\\wp-reset\\wp-reset.php',
  'js_folder' => 'http://localhost/studio02/wp-content/plugins/wp-reset//js/',
  'api_ver' => 'v1/',
  'valid_forever' => '2035-01-01',
  'unlimited_installs' => 99999,
  'debug' => true,
  'filesystem_initialized' => false,
)

[Fri, 28 Feb 2025 03:09:31 +0000] wpr: __construct
array (
  'prefix' => 'wpr',
  'licensing_servers' => 
  array (
    0 => 'https://dashboard.wpreset.com/api/',
  ),
  'version' => '2.04',
  'plugin_file' => 'C:\\xampp\\htdocs\\studio02\\wp-content\\plugins\\wp-reset\\wp-reset.php',
  'plugin_page' => 'tools_page_wp-reset',
  'skip_hooks' => false,
  'debug' => true,
  'js_folder' => 'http://localhost/studio02/wp-content/plugins/wp-reset//js/',
)
array (
  'prefix' => 'wpr',
  'licensing_servers' => 
  array (
    0 => 'https://dashboard.wpreset.com/api/',
  ),
  'version' => '2.04',
  'slug' => 'wp-reset',
  'basename' => 'wp-reset/wp-reset.php',
  'plugin_page' => 'tools_page_wp-reset',
  'plugin_file' => 'C:\\xampp\\htdocs\\studio02\\wp-content\\plugins\\wp-reset\\wp-reset.php',
  'js_folder' => 'http://localhost/studio02/wp-content/plugins/wp-reset//js/',
  'api_ver' => 'v1/',
  'valid_forever' => '2035-01-01',
  'unlimited_installs' => 99999,
  'debug' => true,
  'filesystem_initialized' => false,
)

[Fri, 28 Feb 2025 03:09:31 +0000] wpr: __construct
array (
  'prefix' => 'wpr',
  'licensing_servers' => 
  array (
    0 => 'https://dashboard.wpreset.com/api/',
  ),
  'version' => '2.04',
  'plugin_file' => 'C:\\xampp\\htdocs\\studio02\\wp-content\\plugins\\wp-reset\\wp-reset.php',
  'plugin_page' => 'tools_page_wp-reset',
  'skip_hooks' => false,
  'debug' => true,
  'js_folder' => 'http://localhost/studio02/wp-content/plugins/wp-reset//js/',
)
array (
  'prefix' => 'wpr',
  'licensing_servers' => 
  array (
    0 => 'https://dashboard.wpreset.com/api/',
  ),
  'version' => '2.04',
  'slug' => 'wp-reset',
  'basename' => 'wp-reset/wp-reset.php',
  'plugin_page' => 'tools_page_wp-reset',
  'plugin_file' => 'C:\\xampp\\htdocs\\studio02\\wp-content\\plugins\\wp-reset\\wp-reset.php',
  'js_folder' => 'http://localhost/studio02/wp-content/plugins/wp-reset//js/',
  'api_ver' => 'v1/',
  'valid_forever' => '2035-01-01',
  'unlimited_installs' => 99999,
  'debug' => true,
  'filesystem_initialized' => false,
)

[Fri, 28 Feb 2025 03:09:33 +0000] wpr: __construct
array (
  'prefix' => 'wpr',
  'licensing_servers' => 
  array (
    0 => 'https://dashboard.wpreset.com/api/',
  ),
  'version' => '2.04',
  'plugin_file' => 'C:\\xampp\\htdocs\\studio02\\wp-content\\plugins\\wp-reset\\wp-reset.php',
  'plugin_page' => 'tools_page_wp-reset',
  'skip_hooks' => false,
  'debug' => true,
  'js_folder' => 'http://localhost/studio02/wp-content/plugins/wp-reset//js/',
)
array (
  'prefix' => 'wpr',
  'licensing_servers' => 
  array (
    0 => 'https://dashboard.wpreset.com/api/',
  ),
  'version' => '2.04',
  'slug' => 'wp-reset',
  'basename' => 'wp-reset/wp-reset.php',
  'plugin_page' => 'tools_page_wp-reset',
  'plugin_file' => 'C:\\xampp\\htdocs\\studio02\\wp-content\\plugins\\wp-reset\\wp-reset.php',
  'js_folder' => 'http://localhost/studio02/wp-content/plugins/wp-reset//js/',
  'api_ver' => 'v1/',
  'valid_forever' => '2035-01-01',
  'unlimited_installs' => 99999,
  'debug' => true,
  'filesystem_initialized' => false,
)

[Fri, 28 Feb 2025 03:09:34 +0000] wpr: __construct
array (
  'prefix' => 'wpr',
  'licensing_servers' => 
  array (
    0 => 'https://dashboard.wpreset.com/api/',
  ),
  'version' => '2.04',
  'plugin_file' => 'C:\\xampp\\htdocs\\studio02\\wp-content\\plugins\\wp-reset\\wp-reset.php',
  'plugin_page' => 'tools_page_wp-reset',
  'skip_hooks' => false,
  'debug' => true,
  'js_folder' => 'http://localhost/studio02/wp-content/plugins/wp-reset//js/',
)
array (
  'prefix' => 'wpr',
  'licensing_servers' => 
  array (
    0 => 'https://dashboard.wpreset.com/api/',
  ),
  'version' => '2.04',
  'slug' => 'wp-reset',
  'basename' => 'wp-reset/wp-reset.php',
  'plugin_page' => 'tools_page_wp-reset',
  'plugin_file' => 'C:\\xampp\\htdocs\\studio02\\wp-content\\plugins\\wp-reset\\wp-reset.php',
  'js_folder' => 'http://localhost/studio02/wp-content/plugins/wp-reset//js/',
  'api_ver' => 'v1/',
  'valid_forever' => '2035-01-01',
  'unlimited_installs' => 99999,
  'debug' => true,
  'filesystem_initialized' => false,
)

[Fri, 28 Feb 2025 03:09:34 +0000] wpr: __construct
array (
  'prefix' => 'wpr',
  'licensing_servers' => 
  array (
    0 => 'https://dashboard.wpreset.com/api/',
  ),
  'version' => '2.04',
  'plugin_file' => 'C:\\xampp\\htdocs\\studio02\\wp-content\\plugins\\wp-reset\\wp-reset.php',
  'plugin_page' => 'tools_page_wp-reset',
  'skip_hooks' => false,
  'debug' => true,
  'js_folder' => 'http://localhost/studio02/wp-content/plugins/wp-reset//js/',
)
array (
  'prefix' => 'wpr',
  'licensing_servers' => 
  array (
    0 => 'https://dashboard.wpreset.com/api/',
  ),
  'version' => '2.04',
  'slug' => 'wp-reset',
  'basename' => 'wp-reset/wp-reset.php',
  'plugin_page' => 'tools_page_wp-reset',
  'plugin_file' => 'C:\\xampp\\htdocs\\studio02\\wp-content\\plugins\\wp-reset\\wp-reset.php',
  'js_folder' => 'http://localhost/studio02/wp-content/plugins/wp-reset//js/',
  'api_ver' => 'v1/',
  'valid_forever' => '2035-01-01',
  'unlimited_installs' => 99999,
  'debug' => true,
  'filesystem_initialized' => false,
)

[Fri, 28 Feb 2025 03:09:40 +0000] wpr: __construct
array (
  'prefix' => 'wpr',
  'licensing_servers' => 
  array (
    0 => 'https://dashboard.wpreset.com/api/',
  ),
  'version' => '2.04',
  'plugin_file' => 'C:\\xampp\\htdocs\\studio02\\wp-content\\plugins\\wp-reset\\wp-reset.php',
  'plugin_page' => 'tools_page_wp-reset',
  'skip_hooks' => false,
  'debug' => true,
  'js_folder' => 'http://localhost/studio02/wp-content/plugins/wp-reset//js/',
)
array (
  'prefix' => 'wpr',
  'licensing_servers' => 
  array (
    0 => 'https://dashboard.wpreset.com/api/',
  ),
  'version' => '2.04',
  'slug' => 'wp-reset',
  'basename' => 'wp-reset/wp-reset.php',
  'plugin_page' => 'tools_page_wp-reset',
  'plugin_file' => 'C:\\xampp\\htdocs\\studio02\\wp-content\\plugins\\wp-reset\\wp-reset.php',
  'js_folder' => 'http://localhost/studio02/wp-content/plugins/wp-reset//js/',
  'api_ver' => 'v1/',
  'valid_forever' => '2035-01-01',
  'unlimited_installs' => 99999,
  'debug' => true,
  'filesystem_initialized' => false,
)

[Fri, 28 Feb 2025 03:09:47 +0000] wpr: __construct
array (
  'prefix' => 'wpr',
  'licensing_servers' => 
  array (
    0 => 'https://dashboard.wpreset.com/api/',
  ),
  'version' => '2.04',
  'plugin_file' => 'C:\\xampp\\htdocs\\studio02\\wp-content\\plugins\\wp-reset\\wp-reset.php',
  'plugin_page' => 'tools_page_wp-reset',
  'skip_hooks' => false,
  'debug' => true,
  'js_folder' => 'http://localhost/studio02/wp-content/plugins/wp-reset//js/',
)
array (
  'prefix' => 'wpr',
  'licensing_servers' => 
  array (
    0 => 'https://dashboard.wpreset.com/api/',
  ),
  'version' => '2.04',
  'slug' => 'wp-reset',
  'basename' => 'wp-reset/wp-reset.php',
  'plugin_page' => 'tools_page_wp-reset',
  'plugin_file' => 'C:\\xampp\\htdocs\\studio02\\wp-content\\plugins\\wp-reset\\wp-reset.php',
  'js_folder' => 'http://localhost/studio02/wp-content/plugins/wp-reset//js/',
  'api_ver' => 'v1/',
  'valid_forever' => '2035-01-01',
  'unlimited_installs' => 99999,
  'debug' => true,
  'filesystem_initialized' => false,
)

[Fri, 28 Feb 2025 03:09:49 +0000] wpr: __construct
array (
  'prefix' => 'wpr',
  'licensing_servers' => 
  array (
    0 => 'https://dashboard.wpreset.com/api/',
  ),
  'version' => '2.04',
  'plugin_file' => 'C:\\xampp\\htdocs\\studio02\\wp-content\\plugins\\wp-reset\\wp-reset.php',
  'plugin_page' => 'tools_page_wp-reset',
  'skip_hooks' => false,
  'debug' => true,
  'js_folder' => 'http://localhost/studio02/wp-content/plugins/wp-reset//js/',
)
array (
  'prefix' => 'wpr',
  'licensing_servers' => 
  array (
    0 => 'https://dashboard.wpreset.com/api/',
  ),
  'version' => '2.04',
  'slug' => 'wp-reset',
  'basename' => 'wp-reset/wp-reset.php',
  'plugin_page' => 'tools_page_wp-reset',
  'plugin_file' => 'C:\\xampp\\htdocs\\studio02\\wp-content\\plugins\\wp-reset\\wp-reset.php',
  'js_folder' => 'http://localhost/studio02/wp-content/plugins/wp-reset//js/',
  'api_ver' => 'v1/',
  'valid_forever' => '2035-01-01',
  'unlimited_installs' => 99999,
  'debug' => true,
  'filesystem_initialized' => false,
)

[Fri, 28 Feb 2025 03:09:50 +0000] wpr: __construct
array (
  'prefix' => 'wpr',
  'licensing_servers' => 
  array (
    0 => 'https://dashboard.wpreset.com/api/',
  ),
  'version' => '2.04',
  'plugin_file' => 'C:\\xampp\\htdocs\\studio02\\wp-content\\plugins\\wp-reset\\wp-reset.php',
  'plugin_page' => 'tools_page_wp-reset',
  'skip_hooks' => false,
  'debug' => true,
  'js_folder' => 'http://localhost/studio02/wp-content/plugins/wp-reset//js/',
)
array (
  'prefix' => 'wpr',
  'licensing_servers' => 
  array (
    0 => 'https://dashboard.wpreset.com/api/',
  ),
  'version' => '2.04',
  'slug' => 'wp-reset',
  'basename' => 'wp-reset/wp-reset.php',
  'plugin_page' => 'tools_page_wp-reset',
  'plugin_file' => 'C:\\xampp\\htdocs\\studio02\\wp-content\\plugins\\wp-reset\\wp-reset.php',
  'js_folder' => 'http://localhost/studio02/wp-content/plugins/wp-reset//js/',
  'api_ver' => 'v1/',
  'valid_forever' => '2035-01-01',
  'unlimited_installs' => 99999,
  'debug' => true,
  'filesystem_initialized' => false,
)

[Fri, 28 Feb 2025 03:09:54 +0000] wpr: __construct
array (
  'prefix' => 'wpr',
  'licensing_servers' => 
  array (
    0 => 'https://dashboard.wpreset.com/api/',
  ),
  'version' => '2.04',
  'plugin_file' => 'C:\\xampp\\htdocs\\studio02\\wp-content\\plugins\\wp-reset\\wp-reset.php',
  'plugin_page' => 'tools_page_wp-reset',
  'skip_hooks' => false,
  'debug' => true,
  'js_folder' => 'http://localhost/studio02/wp-content/plugins/wp-reset//js/',
)
array (
  'prefix' => 'wpr',
  'licensing_servers' => 
  array (
    0 => 'https://dashboard.wpreset.com/api/',
  ),
  'version' => '2.04',
  'slug' => 'wp-reset',
  'basename' => 'wp-reset/wp-reset.php',
  'plugin_page' => 'tools_page_wp-reset',
  'plugin_file' => 'C:\\xampp\\htdocs\\studio02\\wp-content\\plugins\\wp-reset\\wp-reset.php',
  'js_folder' => 'http://localhost/studio02/wp-content/plugins/wp-reset//js/',
  'api_ver' => 'v1/',
  'valid_forever' => '2035-01-01',
  'unlimited_installs' => 99999,
  'debug' => true,
  'filesystem_initialized' => false,
)

[Fri, 28 Feb 2025 03:09:54 +0000] wpr: __construct
array (
  'prefix' => 'wpr',
  'licensing_servers' => 
  array (
    0 => 'https://dashboard.wpreset.com/api/',
  ),
  'version' => '2.04',
  'plugin_file' => 'C:\\xampp\\htdocs\\studio02\\wp-content\\plugins\\wp-reset\\wp-reset.php',
  'plugin_page' => 'tools_page_wp-reset',
  'skip_hooks' => false,
  'debug' => true,
  'js_folder' => 'http://localhost/studio02/wp-content/plugins/wp-reset//js/',
)
array (
  'prefix' => 'wpr',
  'licensing_servers' => 
  array (
    0 => 'https://dashboard.wpreset.com/api/',
  ),
  'version' => '2.04',
  'slug' => 'wp-reset',
  'basename' => 'wp-reset/wp-reset.php',
  'plugin_page' => 'tools_page_wp-reset',
  'plugin_file' => 'C:\\xampp\\htdocs\\studio02\\wp-content\\plugins\\wp-reset\\wp-reset.php',
  'js_folder' => 'http://localhost/studio02/wp-content/plugins/wp-reset//js/',
  'api_ver' => 'v1/',
  'valid_forever' => '2035-01-01',
  'unlimited_installs' => 99999,
  'debug' => true,
  'filesystem_initialized' => false,
)

[Fri, 28 Feb 2025 03:10:04 +0000] wpr: __construct
array (
  'prefix' => 'wpr',
  'licensing_servers' => 
  array (
    0 => 'https://dashboard.wpreset.com/api/',
  ),
  'version' => '2.04',
  'plugin_file' => 'C:\\xampp\\htdocs\\studio02\\wp-content\\plugins\\wp-reset\\wp-reset.php',
  'plugin_page' => 'tools_page_wp-reset',
  'skip_hooks' => false,
  'debug' => true,
  'js_folder' => 'http://localhost/studio02/wp-content/plugins/wp-reset//js/',
)
array (
  'prefix' => 'wpr',
  'licensing_servers' => 
  array (
    0 => 'https://dashboard.wpreset.com/api/',
  ),
  'version' => '2.04',
  'slug' => 'wp-reset',
  'basename' => 'wp-reset/wp-reset.php',
  'plugin_page' => 'tools_page_wp-reset',
  'plugin_file' => 'C:\\xampp\\htdocs\\studio02\\wp-content\\plugins\\wp-reset\\wp-reset.php',
  'js_folder' => 'http://localhost/studio02/wp-content/plugins/wp-reset//js/',
  'api_ver' => 'v1/',
  'valid_forever' => '2035-01-01',
  'unlimited_installs' => 99999,
  'debug' => true,
  'filesystem_initialized' => false,
)

[Fri, 28 Feb 2025 03:10:05 +0000] wpr: __construct
array (
  'prefix' => 'wpr',
  'licensing_servers' => 
  array (
    0 => 'https://dashboard.wpreset.com/api/',
  ),
  'version' => '2.04',
  'plugin_file' => 'C:\\xampp\\htdocs\\studio02\\wp-content\\plugins\\wp-reset\\wp-reset.php',
  'plugin_page' => 'tools_page_wp-reset',
  'skip_hooks' => false,
  'debug' => true,
  'js_folder' => 'http://localhost/studio02/wp-content/plugins/wp-reset//js/',
)
array (
  'prefix' => 'wpr',
  'licensing_servers' => 
  array (
    0 => 'https://dashboard.wpreset.com/api/',
  ),
  'version' => '2.04',
  'slug' => 'wp-reset',
  'basename' => 'wp-reset/wp-reset.php',
  'plugin_page' => 'tools_page_wp-reset',
  'plugin_file' => 'C:\\xampp\\htdocs\\studio02\\wp-content\\plugins\\wp-reset\\wp-reset.php',
  'js_folder' => 'http://localhost/studio02/wp-content/plugins/wp-reset//js/',
  'api_ver' => 'v1/',
  'valid_forever' => '2035-01-01',
  'unlimited_installs' => 99999,
  'debug' => true,
  'filesystem_initialized' => false,
)

[Fri, 28 Feb 2025 03:10:05 +0000] wpr: __construct
array (
  'prefix' => 'wpr',
  'licensing_servers' => 
  array (
    0 => 'https://dashboard.wpreset.com/api/',
  ),
  'version' => '2.04',
  'plugin_file' => 'C:\\xampp\\htdocs\\studio02\\wp-content\\plugins\\wp-reset\\wp-reset.php',
  'plugin_page' => 'tools_page_wp-reset',
  'skip_hooks' => false,
  'debug' => true,
  'js_folder' => 'http://localhost/studio02/wp-content/plugins/wp-reset//js/',
)
array (
  'prefix' => 'wpr',
  'licensing_servers' => 
  array (
    0 => 'https://dashboard.wpreset.com/api/',
  ),
  'version' => '2.04',
  'slug' => 'wp-reset',
  'basename' => 'wp-reset/wp-reset.php',
  'plugin_page' => 'tools_page_wp-reset',
  'plugin_file' => 'C:\\xampp\\htdocs\\studio02\\wp-content\\plugins\\wp-reset\\wp-reset.php',
  'js_folder' => 'http://localhost/studio02/wp-content/plugins/wp-reset//js/',
  'api_ver' => 'v1/',
  'valid_forever' => '2035-01-01',
  'unlimited_installs' => 99999,
  'debug' => true,
  'filesystem_initialized' => false,
)

[Fri, 28 Feb 2025 03:10:06 +0000] wpr: __construct
array (
  'prefix' => 'wpr',
  'licensing_servers' => 
  array (
    0 => 'https://dashboard.wpreset.com/api/',
  ),
  'version' => '2.04',
  'plugin_file' => 'C:\\xampp\\htdocs\\studio02\\wp-content\\plugins\\wp-reset\\wp-reset.php',
  'plugin_page' => 'tools_page_wp-reset',
  'skip_hooks' => false,
  'debug' => true,
  'js_folder' => 'http://localhost/studio02/wp-content/plugins/wp-reset//js/',
)
array (
  'prefix' => 'wpr',
  'licensing_servers' => 
  array (
    0 => 'https://dashboard.wpreset.com/api/',
  ),
  'version' => '2.04',
  'slug' => 'wp-reset',
  'basename' => 'wp-reset/wp-reset.php',
  'plugin_page' => 'tools_page_wp-reset',
  'plugin_file' => 'C:\\xampp\\htdocs\\studio02\\wp-content\\plugins\\wp-reset\\wp-reset.php',
  'js_folder' => 'http://localhost/studio02/wp-content/plugins/wp-reset//js/',
  'api_ver' => 'v1/',
  'valid_forever' => '2035-01-01',
  'unlimited_installs' => 99999,
  'debug' => true,
  'filesystem_initialized' => false,
)

[Fri, 28 Feb 2025 03:10:07 +0000] wpr: __construct
array (
  'prefix' => 'wpr',
  'licensing_servers' => 
  array (
    0 => 'https://dashboard.wpreset.com/api/',
  ),
  'version' => '2.04',
  'plugin_file' => 'C:\\xampp\\htdocs\\studio02\\wp-content\\plugins\\wp-reset\\wp-reset.php',
  'plugin_page' => 'tools_page_wp-reset',
  'skip_hooks' => false,
  'debug' => true,
  'js_folder' => 'http://localhost/studio02/wp-content/plugins/wp-reset//js/',
)
array (
  'prefix' => 'wpr',
  'licensing_servers' => 
  array (
    0 => 'https://dashboard.wpreset.com/api/',
  ),
  'version' => '2.04',
  'slug' => 'wp-reset',
  'basename' => 'wp-reset/wp-reset.php',
  'plugin_page' => 'tools_page_wp-reset',
  'plugin_file' => 'C:\\xampp\\htdocs\\studio02\\wp-content\\plugins\\wp-reset\\wp-reset.php',
  'js_folder' => 'http://localhost/studio02/wp-content/plugins/wp-reset//js/',
  'api_ver' => 'v1/',
  'valid_forever' => '2035-01-01',
  'unlimited_installs' => 99999,
  'debug' => true,
  'filesystem_initialized' => false,
)

[Fri, 28 Feb 2025 03:10:09 +0000] wpr: __construct
array (
  'prefix' => 'wpr',
  'licensing_servers' => 
  array (
    0 => 'https://dashboard.wpreset.com/api/',
  ),
  'version' => '2.04',
  'plugin_file' => 'C:\\xampp\\htdocs\\studio02\\wp-content\\plugins\\wp-reset\\wp-reset.php',
  'plugin_page' => 'tools_page_wp-reset',
  'skip_hooks' => false,
  'debug' => true,
  'js_folder' => 'http://localhost/studio02/wp-content/plugins/wp-reset//js/',
)
array (
  'prefix' => 'wpr',
  'licensing_servers' => 
  array (
    0 => 'https://dashboard.wpreset.com/api/',
  ),
  'version' => '2.04',
  'slug' => 'wp-reset',
  'basename' => 'wp-reset/wp-reset.php',
  'plugin_page' => 'tools_page_wp-reset',
  'plugin_file' => 'C:\\xampp\\htdocs\\studio02\\wp-content\\plugins\\wp-reset\\wp-reset.php',
  'js_folder' => 'http://localhost/studio02/wp-content/plugins/wp-reset//js/',
  'api_ver' => 'v1/',
  'valid_forever' => '2035-01-01',
  'unlimited_installs' => 99999,
  'debug' => true,
  'filesystem_initialized' => false,
)

[Fri, 28 Feb 2025 03:10:11 +0000] wpr: __construct
array (
  'prefix' => 'wpr',
  'licensing_servers' => 
  array (
    0 => 'https://dashboard.wpreset.com/api/',
  ),
  'version' => '2.04',
  'plugin_file' => 'C:\\xampp\\htdocs\\studio02\\wp-content\\plugins\\wp-reset\\wp-reset.php',
  'plugin_page' => 'tools_page_wp-reset',
  'skip_hooks' => false,
  'debug' => true,
  'js_folder' => 'http://localhost/studio02/wp-content/plugins/wp-reset//js/',
)
array (
  'prefix' => 'wpr',
  'licensing_servers' => 
  array (
    0 => 'https://dashboard.wpreset.com/api/',
  ),
  'version' => '2.04',
  'slug' => 'wp-reset',
  'basename' => 'wp-reset/wp-reset.php',
  'plugin_page' => 'tools_page_wp-reset',
  'plugin_file' => 'C:\\xampp\\htdocs\\studio02\\wp-content\\plugins\\wp-reset\\wp-reset.php',
  'js_folder' => 'http://localhost/studio02/wp-content/plugins/wp-reset//js/',
  'api_ver' => 'v1/',
  'valid_forever' => '2035-01-01',
  'unlimited_installs' => 99999,
  'debug' => true,
  'filesystem_initialized' => false,
)

[Fri, 28 Feb 2025 03:10:15 +0000] wpr: __construct
array (
  'prefix' => 'wpr',
  'licensing_servers' => 
  array (
    0 => 'https://dashboard.wpreset.com/api/',
  ),
  'version' => '2.04',
  'plugin_file' => 'C:\\xampp\\htdocs\\studio02\\wp-content\\plugins\\wp-reset\\wp-reset.php',
  'plugin_page' => 'tools_page_wp-reset',
  'skip_hooks' => false,
  'debug' => true,
  'js_folder' => 'http://localhost/studio02/wp-content/plugins/wp-reset//js/',
)
array (
  'prefix' => 'wpr',
  'licensing_servers' => 
  array (
    0 => 'https://dashboard.wpreset.com/api/',
  ),
  'version' => '2.04',
  'slug' => 'wp-reset',
  'basename' => 'wp-reset/wp-reset.php',
  'plugin_page' => 'tools_page_wp-reset',
  'plugin_file' => 'C:\\xampp\\htdocs\\studio02\\wp-content\\plugins\\wp-reset\\wp-reset.php',
  'js_folder' => 'http://localhost/studio02/wp-content/plugins/wp-reset//js/',
  'api_ver' => 'v1/',
  'valid_forever' => '2035-01-01',
  'unlimited_installs' => 99999,
  'debug' => true,
  'filesystem_initialized' => false,
)

[Fri, 28 Feb 2025 03:10:22 +0000] wpr: __construct
array (
  'prefix' => 'wpr',
  'licensing_servers' => 
  array (
    0 => 'https://dashboard.wpreset.com/api/',
  ),
  'version' => '2.04',
  'plugin_file' => 'C:\\xampp\\htdocs\\studio02\\wp-content\\plugins\\wp-reset\\wp-reset.php',
  'plugin_page' => 'tools_page_wp-reset',
  'skip_hooks' => false,
  'debug' => true,
  'js_folder' => 'http://localhost/studio02/wp-content/plugins/wp-reset//js/',
)
array (
  'prefix' => 'wpr',
  'licensing_servers' => 
  array (
    0 => 'https://dashboard.wpreset.com/api/',
  ),
  'version' => '2.04',
  'slug' => 'wp-reset',
  'basename' => 'wp-reset/wp-reset.php',
  'plugin_page' => 'tools_page_wp-reset',
  'plugin_file' => 'C:\\xampp\\htdocs\\studio02\\wp-content\\plugins\\wp-reset\\wp-reset.php',
  'js_folder' => 'http://localhost/studio02/wp-content/plugins/wp-reset//js/',
  'api_ver' => 'v1/',
  'valid_forever' => '2035-01-01',
  'unlimited_installs' => 99999,
  'debug' => true,
  'filesystem_initialized' => false,
)

[Fri, 28 Feb 2025 03:10:24 +0000] wpr: __construct
array (
  'prefix' => 'wpr',
  'licensing_servers' => 
  array (
    0 => 'https://dashboard.wpreset.com/api/',
  ),
  'version' => '2.04',
  'plugin_file' => 'C:\\xampp\\htdocs\\studio02\\wp-content\\plugins\\wp-reset\\wp-reset.php',
  'plugin_page' => 'tools_page_wp-reset',
  'skip_hooks' => false,
  'debug' => true,
  'js_folder' => 'http://localhost/studio02/wp-content/plugins/wp-reset//js/',
)
array (
  'prefix' => 'wpr',
  'licensing_servers' => 
  array (
    0 => 'https://dashboard.wpreset.com/api/',
  ),
  'version' => '2.04',
  'slug' => 'wp-reset',
  'basename' => 'wp-reset/wp-reset.php',
  'plugin_page' => 'tools_page_wp-reset',
  'plugin_file' => 'C:\\xampp\\htdocs\\studio02\\wp-content\\plugins\\wp-reset\\wp-reset.php',
  'js_folder' => 'http://localhost/studio02/wp-content/plugins/wp-reset//js/',
  'api_ver' => 'v1/',
  'valid_forever' => '2035-01-01',
  'unlimited_installs' => 99999,
  'debug' => true,
  'filesystem_initialized' => false,
)

[Fri, 28 Feb 2025 03:10:28 +0000] wpr: __construct
array (
  'prefix' => 'wpr',
  'licensing_servers' => 
  array (
    0 => 'https://dashboard.wpreset.com/api/',
  ),
  'version' => '2.04',
  'plugin_file' => 'C:\\xampp\\htdocs\\studio02\\wp-content\\plugins\\wp-reset\\wp-reset.php',
  'plugin_page' => 'tools_page_wp-reset',
  'skip_hooks' => false,
  'debug' => true,
  'js_folder' => 'http://localhost/studio02/wp-content/plugins/wp-reset//js/',
)
array (
  'prefix' => 'wpr',
  'licensing_servers' => 
  array (
    0 => 'https://dashboard.wpreset.com/api/',
  ),
  'version' => '2.04',
  'slug' => 'wp-reset',
  'basename' => 'wp-reset/wp-reset.php',
  'plugin_page' => 'tools_page_wp-reset',
  'plugin_file' => 'C:\\xampp\\htdocs\\studio02\\wp-content\\plugins\\wp-reset\\wp-reset.php',
  'js_folder' => 'http://localhost/studio02/wp-content/plugins/wp-reset//js/',
  'api_ver' => 'v1/',
  'valid_forever' => '2035-01-01',
  'unlimited_installs' => 99999,
  'debug' => true,
  'filesystem_initialized' => false,
)

[Fri, 28 Feb 2025 03:10:35 +0000] wpr: __construct
array (
  'prefix' => 'wpr',
  'licensing_servers' => 
  array (
    0 => 'https://dashboard.wpreset.com/api/',
  ),
  'version' => '2.04',
  'plugin_file' => 'C:\\xampp\\htdocs\\studio02\\wp-content\\plugins\\wp-reset\\wp-reset.php',
  'plugin_page' => 'tools_page_wp-reset',
  'skip_hooks' => false,
  'debug' => true,
  'js_folder' => 'http://localhost/studio02/wp-content/plugins/wp-reset//js/',
)
array (
  'prefix' => 'wpr',
  'licensing_servers' => 
  array (
    0 => 'https://dashboard.wpreset.com/api/',
  ),
  'version' => '2.04',
  'slug' => 'wp-reset',
  'basename' => 'wp-reset/wp-reset.php',
  'plugin_page' => 'tools_page_wp-reset',
  'plugin_file' => 'C:\\xampp\\htdocs\\studio02\\wp-content\\plugins\\wp-reset\\wp-reset.php',
  'js_folder' => 'http://localhost/studio02/wp-content/plugins/wp-reset//js/',
  'api_ver' => 'v1/',
  'valid_forever' => '2035-01-01',
  'unlimited_installs' => 99999,
  'debug' => true,
  'filesystem_initialized' => false,
)

[Fri, 28 Feb 2025 03:11:30 +0000] wpr: __construct
array (
  'prefix' => 'wpr',
  'licensing_servers' => 
  array (
    0 => 'https://dashboard.wpreset.com/api/',
  ),
  'version' => '2.04',
  'plugin_file' => 'C:\\xampp\\htdocs\\studio02\\wp-content\\plugins\\wp-reset\\wp-reset.php',
  'plugin_page' => 'tools_page_wp-reset',
  'skip_hooks' => false,
  'debug' => true,
  'js_folder' => 'http://localhost/studio02/wp-content/plugins/wp-reset//js/',
)
array (
  'prefix' => 'wpr',
  'licensing_servers' => 
  array (
    0 => 'https://dashboard.wpreset.com/api/',
  ),
  'version' => '2.04',
  'slug' => 'wp-reset',
  'basename' => 'wp-reset/wp-reset.php',
  'plugin_page' => 'tools_page_wp-reset',
  'plugin_file' => 'C:\\xampp\\htdocs\\studio02\\wp-content\\plugins\\wp-reset\\wp-reset.php',
  'js_folder' => 'http://localhost/studio02/wp-content/plugins/wp-reset//js/',
  'api_ver' => 'v1/',
  'valid_forever' => '2035-01-01',
  'unlimited_installs' => 99999,
  'debug' => true,
  'filesystem_initialized' => false,
)

[Fri, 28 Feb 2025 03:13:09 +0000] wpr: __construct
array (
  'prefix' => 'wpr',
  'licensing_servers' => 
  array (
    0 => 'https://dashboard.wpreset.com/api/',
  ),
  'version' => '2.04',
  'plugin_file' => 'C:\\xampp\\htdocs\\studio02\\wp-content\\plugins\\wp-reset\\wp-reset.php',
  'plugin_page' => 'tools_page_wp-reset',
  'skip_hooks' => false,
  'debug' => true,
  'js_folder' => 'http://localhost/studio02/wp-content/plugins/wp-reset//js/',
)
array (
  'prefix' => 'wpr',
  'licensing_servers' => 
  array (
    0 => 'https://dashboard.wpreset.com/api/',
  ),
  'version' => '2.04',
  'slug' => 'wp-reset',
  'basename' => 'wp-reset/wp-reset.php',
  'plugin_page' => 'tools_page_wp-reset',
  'plugin_file' => 'C:\\xampp\\htdocs\\studio02\\wp-content\\plugins\\wp-reset\\wp-reset.php',
  'js_folder' => 'http://localhost/studio02/wp-content/plugins/wp-reset//js/',
  'api_ver' => 'v1/',
  'valid_forever' => '2035-01-01',
  'unlimited_installs' => 99999,
  'debug' => true,
  'filesystem_initialized' => false,
)

[Fri, 28 Feb 2025 03:13:21 +0000] wpr: __construct
array (
  'prefix' => 'wpr',
  'licensing_servers' => 
  array (
    0 => 'https://dashboard.wpreset.com/api/',
  ),
  'version' => '2.04',
  'plugin_file' => 'C:\\xampp\\htdocs\\studio02\\wp-content\\plugins\\wp-reset\\wp-reset.php',
  'plugin_page' => 'tools_page_wp-reset',
  'skip_hooks' => false,
  'debug' => true,
  'js_folder' => 'http://localhost/studio02/wp-content/plugins/wp-reset//js/',
)
array (
  'prefix' => 'wpr',
  'licensing_servers' => 
  array (
    0 => 'https://dashboard.wpreset.com/api/',
  ),
  'version' => '2.04',
  'slug' => 'wp-reset',
  'basename' => 'wp-reset/wp-reset.php',
  'plugin_page' => 'tools_page_wp-reset',
  'plugin_file' => 'C:\\xampp\\htdocs\\studio02\\wp-content\\plugins\\wp-reset\\wp-reset.php',
  'js_folder' => 'http://localhost/studio02/wp-content/plugins/wp-reset//js/',
  'api_ver' => 'v1/',
  'valid_forever' => '2035-01-01',
  'unlimited_installs' => 99999,
  'debug' => true,
  'filesystem_initialized' => false,
)

[Fri, 28 Feb 2025 03:13:50 +0000] wpr: __construct
array (
  'prefix' => 'wpr',
  'licensing_servers' => 
  array (
    0 => 'https://dashboard.wpreset.com/api/',
  ),
  'version' => '2.04',
  'plugin_file' => 'C:\\xampp\\htdocs\\studio02\\wp-content\\plugins\\wp-reset\\wp-reset.php',
  'plugin_page' => 'tools_page_wp-reset',
  'skip_hooks' => false,
  'debug' => true,
  'js_folder' => 'http://localhost/studio02/wp-content/plugins/wp-reset//js/',
)
array (
  'prefix' => 'wpr',
  'licensing_servers' => 
  array (
    0 => 'https://dashboard.wpreset.com/api/',
  ),
  'version' => '2.04',
  'slug' => 'wp-reset',
  'basename' => 'wp-reset/wp-reset.php',
  'plugin_page' => 'tools_page_wp-reset',
  'plugin_file' => 'C:\\xampp\\htdocs\\studio02\\wp-content\\plugins\\wp-reset\\wp-reset.php',
  'js_folder' => 'http://localhost/studio02/wp-content/plugins/wp-reset//js/',
  'api_ver' => 'v1/',
  'valid_forever' => '2035-01-01',
  'unlimited_installs' => 99999,
  'debug' => true,
  'filesystem_initialized' => false,
)

[Fri, 28 Feb 2025 03:13:56 +0000] wpr: __construct
array (
  'prefix' => 'wpr',
  'licensing_servers' => 
  array (
    0 => 'https://dashboard.wpreset.com/api/',
  ),
  'version' => '2.04',
  'plugin_file' => 'C:\\xampp\\htdocs\\studio02\\wp-content\\plugins\\wp-reset\\wp-reset.php',
  'plugin_page' => 'tools_page_wp-reset',
  'skip_hooks' => false,
  'debug' => true,
  'js_folder' => 'http://localhost/studio02/wp-content/plugins/wp-reset//js/',
)
array (
  'prefix' => 'wpr',
  'licensing_servers' => 
  array (
    0 => 'https://dashboard.wpreset.com/api/',
  ),
  'version' => '2.04',
  'slug' => 'wp-reset',
  'basename' => 'wp-reset/wp-reset.php',
  'plugin_page' => 'tools_page_wp-reset',
  'plugin_file' => 'C:\\xampp\\htdocs\\studio02\\wp-content\\plugins\\wp-reset\\wp-reset.php',
  'js_folder' => 'http://localhost/studio02/wp-content/plugins/wp-reset//js/',
  'api_ver' => 'v1/',
  'valid_forever' => '2035-01-01',
  'unlimited_installs' => 99999,
  'debug' => true,
  'filesystem_initialized' => false,
)

[Fri, 28 Feb 2025 03:14:09 +0000] wpr: __construct
array (
  'prefix' => 'wpr',
  'licensing_servers' => 
  array (
    0 => 'https://dashboard.wpreset.com/api/',
  ),
  'version' => '2.04',
  'plugin_file' => 'C:\\xampp\\htdocs\\studio02\\wp-content\\plugins\\wp-reset\\wp-reset.php',
  'plugin_page' => 'tools_page_wp-reset',
  'skip_hooks' => false,
  'debug' => true,
  'js_folder' => 'http://localhost/studio02/wp-content/plugins/wp-reset//js/',
)
array (
  'prefix' => 'wpr',
  'licensing_servers' => 
  array (
    0 => 'https://dashboard.wpreset.com/api/',
  ),
  'version' => '2.04',
  'slug' => 'wp-reset',
  'basename' => 'wp-reset/wp-reset.php',
  'plugin_page' => 'tools_page_wp-reset',
  'plugin_file' => 'C:\\xampp\\htdocs\\studio02\\wp-content\\plugins\\wp-reset\\wp-reset.php',
  'js_folder' => 'http://localhost/studio02/wp-content/plugins/wp-reset//js/',
  'api_ver' => 'v1/',
  'valid_forever' => '2035-01-01',
  'unlimited_installs' => 99999,
  'debug' => true,
  'filesystem_initialized' => false,
)

[Fri, 28 Feb 2025 03:15:09 +0000] wpr: __construct
array (
  'prefix' => 'wpr',
  'licensing_servers' => 
  array (
    0 => 'https://dashboard.wpreset.com/api/',
  ),
  'version' => '2.04',
  'plugin_file' => 'C:\\xampp\\htdocs\\studio02\\wp-content\\plugins\\wp-reset\\wp-reset.php',
  'plugin_page' => 'tools_page_wp-reset',
  'skip_hooks' => false,
  'debug' => true,
  'js_folder' => 'http://localhost/studio02/wp-content/plugins/wp-reset//js/',
)
array (
  'prefix' => 'wpr',
  'licensing_servers' => 
  array (
    0 => 'https://dashboard.wpreset.com/api/',
  ),
  'version' => '2.04',
  'slug' => 'wp-reset',
  'basename' => 'wp-reset/wp-reset.php',
  'plugin_page' => 'tools_page_wp-reset',
  'plugin_file' => 'C:\\xampp\\htdocs\\studio02\\wp-content\\plugins\\wp-reset\\wp-reset.php',
  'js_folder' => 'http://localhost/studio02/wp-content/plugins/wp-reset//js/',
  'api_ver' => 'v1/',
  'valid_forever' => '2035-01-01',
  'unlimited_installs' => 99999,
  'debug' => true,
  'filesystem_initialized' => false,
)

[Fri, 28 Feb 2025 03:16:09 +0000] wpr: __construct
array (
  'prefix' => 'wpr',
  'licensing_servers' => 
  array (
    0 => 'https://dashboard.wpreset.com/api/',
  ),
  'version' => '2.04',
  'plugin_file' => 'C:\\xampp\\htdocs\\studio02\\wp-content\\plugins\\wp-reset\\wp-reset.php',
  'plugin_page' => 'tools_page_wp-reset',
  'skip_hooks' => false,
  'debug' => true,
  'js_folder' => 'http://localhost/studio02/wp-content/plugins/wp-reset//js/',
)
array (
  'prefix' => 'wpr',
  'licensing_servers' => 
  array (
    0 => 'https://dashboard.wpreset.com/api/',
  ),
  'version' => '2.04',
  'slug' => 'wp-reset',
  'basename' => 'wp-reset/wp-reset.php',
  'plugin_page' => 'tools_page_wp-reset',
  'plugin_file' => 'C:\\xampp\\htdocs\\studio02\\wp-content\\plugins\\wp-reset\\wp-reset.php',
  'js_folder' => 'http://localhost/studio02/wp-content/plugins/wp-reset//js/',
  'api_ver' => 'v1/',
  'valid_forever' => '2035-01-01',
  'unlimited_installs' => 99999,
  'debug' => true,
  'filesystem_initialized' => false,
)

[Fri, 28 Feb 2025 03:17:09 +0000] wpr: __construct
array (
  'prefix' => 'wpr',
  'licensing_servers' => 
  array (
    0 => 'https://dashboard.wpreset.com/api/',
  ),
  'version' => '2.04',
  'plugin_file' => 'C:\\xampp\\htdocs\\studio02\\wp-content\\plugins\\wp-reset\\wp-reset.php',
  'plugin_page' => 'tools_page_wp-reset',
  'skip_hooks' => false,
  'debug' => true,
  'js_folder' => 'http://localhost/studio02/wp-content/plugins/wp-reset//js/',
)
array (
  'prefix' => 'wpr',
  'licensing_servers' => 
  array (
    0 => 'https://dashboard.wpreset.com/api/',
  ),
  'version' => '2.04',
  'slug' => 'wp-reset',
  'basename' => 'wp-reset/wp-reset.php',
  'plugin_page' => 'tools_page_wp-reset',
  'plugin_file' => 'C:\\xampp\\htdocs\\studio02\\wp-content\\plugins\\wp-reset\\wp-reset.php',
  'js_folder' => 'http://localhost/studio02/wp-content/plugins/wp-reset//js/',
  'api_ver' => 'v1/',
  'valid_forever' => '2035-01-01',
  'unlimited_installs' => 99999,
  'debug' => true,
  'filesystem_initialized' => false,
)

[Fri, 28 Feb 2025 03:18:09 +0000] wpr: __construct
array (
  'prefix' => 'wpr',
  'licensing_servers' => 
  array (
    0 => 'https://dashboard.wpreset.com/api/',
  ),
  'version' => '2.04',
  'plugin_file' => 'C:\\xampp\\htdocs\\studio02\\wp-content\\plugins\\wp-reset\\wp-reset.php',
  'plugin_page' => 'tools_page_wp-reset',
  'skip_hooks' => false,
  'debug' => true,
  'js_folder' => 'http://localhost/studio02/wp-content/plugins/wp-reset//js/',
)
array (
  'prefix' => 'wpr',
  'licensing_servers' => 
  array (
    0 => 'https://dashboard.wpreset.com/api/',
  ),
  'version' => '2.04',
  'slug' => 'wp-reset',
  'basename' => 'wp-reset/wp-reset.php',
  'plugin_page' => 'tools_page_wp-reset',
  'plugin_file' => 'C:\\xampp\\htdocs\\studio02\\wp-content\\plugins\\wp-reset\\wp-reset.php',
  'js_folder' => 'http://localhost/studio02/wp-content/plugins/wp-reset//js/',
  'api_ver' => 'v1/',
  'valid_forever' => '2035-01-01',
  'unlimited_installs' => 99999,
  'debug' => true,
  'filesystem_initialized' => false,
)

[Fri, 28 Feb 2025 03:19:09 +0000] wpr: __construct
array (
  'prefix' => 'wpr',
  'licensing_servers' => 
  array (
    0 => 'https://dashboard.wpreset.com/api/',
  ),
  'version' => '2.04',
  'plugin_file' => 'C:\\xampp\\htdocs\\studio02\\wp-content\\plugins\\wp-reset\\wp-reset.php',
  'plugin_page' => 'tools_page_wp-reset',
  'skip_hooks' => false,
  'debug' => true,
  'js_folder' => 'http://localhost/studio02/wp-content/plugins/wp-reset//js/',
)
array (
  'prefix' => 'wpr',
  'licensing_servers' => 
  array (
    0 => 'https://dashboard.wpreset.com/api/',
  ),
  'version' => '2.04',
  'slug' => 'wp-reset',
  'basename' => 'wp-reset/wp-reset.php',
  'plugin_page' => 'tools_page_wp-reset',
  'plugin_file' => 'C:\\xampp\\htdocs\\studio02\\wp-content\\plugins\\wp-reset\\wp-reset.php',
  'js_folder' => 'http://localhost/studio02/wp-content/plugins/wp-reset//js/',
  'api_ver' => 'v1/',
  'valid_forever' => '2035-01-01',
  'unlimited_installs' => 99999,
  'debug' => true,
  'filesystem_initialized' => false,
)

[Fri, 28 Feb 2025 03:20:09 +0000] wpr: __construct
array (
  'prefix' => 'wpr',
  'licensing_servers' => 
  array (
    0 => 'https://dashboard.wpreset.com/api/',
  ),
  'version' => '2.04',
  'plugin_file' => 'C:\\xampp\\htdocs\\studio02\\wp-content\\plugins\\wp-reset\\wp-reset.php',
  'plugin_page' => 'tools_page_wp-reset',
  'skip_hooks' => false,
  'debug' => true,
  'js_folder' => 'http://localhost/studio02/wp-content/plugins/wp-reset//js/',
)
array (
  'prefix' => 'wpr',
  'licensing_servers' => 
  array (
    0 => 'https://dashboard.wpreset.com/api/',
  ),
  'version' => '2.04',
  'slug' => 'wp-reset',
  'basename' => 'wp-reset/wp-reset.php',
  'plugin_page' => 'tools_page_wp-reset',
  'plugin_file' => 'C:\\xampp\\htdocs\\studio02\\wp-content\\plugins\\wp-reset\\wp-reset.php',
  'js_folder' => 'http://localhost/studio02/wp-content/plugins/wp-reset//js/',
  'api_ver' => 'v1/',
  'valid_forever' => '2035-01-01',
  'unlimited_installs' => 99999,
  'debug' => true,
  'filesystem_initialized' => false,
)

[Fri, 28 Feb 2025 03:20:58 +0000] wpr: __construct
array (
  'prefix' => 'wpr',
  'licensing_servers' => 
  array (
    0 => 'https://dashboard.wpreset.com/api/',
  ),
  'version' => '2.04',
  'plugin_file' => 'C:\\xampp\\htdocs\\studio02\\wp-content\\plugins\\wp-reset\\wp-reset.php',
  'plugin_page' => 'tools_page_wp-reset',
  'skip_hooks' => false,
  'debug' => true,
  'js_folder' => 'http://localhost/studio02/wp-content/plugins/wp-reset//js/',
)
array (
  'prefix' => 'wpr',
  'licensing_servers' => 
  array (
    0 => 'https://dashboard.wpreset.com/api/',
  ),
  'version' => '2.04',
  'slug' => 'wp-reset',
  'basename' => 'wp-reset/wp-reset.php',
  'plugin_page' => 'tools_page_wp-reset',
  'plugin_file' => 'C:\\xampp\\htdocs\\studio02\\wp-content\\plugins\\wp-reset\\wp-reset.php',
  'js_folder' => 'http://localhost/studio02/wp-content/plugins/wp-reset//js/',
  'api_ver' => 'v1/',
  'valid_forever' => '2035-01-01',
  'unlimited_installs' => 99999,
  'debug' => true,
  'filesystem_initialized' => false,
)

[Fri, 28 Feb 2025 03:21:10 +0000] wpr: __construct
array (
  'prefix' => 'wpr',
  'licensing_servers' => 
  array (
    0 => 'https://dashboard.wpreset.com/api/',
  ),
  'version' => '2.04',
  'plugin_file' => 'C:\\xampp\\htdocs\\studio02\\wp-content\\plugins\\wp-reset\\wp-reset.php',
  'plugin_page' => 'tools_page_wp-reset',
  'skip_hooks' => false,
  'debug' => true,
  'js_folder' => 'http://localhost/studio02/wp-content/plugins/wp-reset//js/',
)
array (
  'prefix' => 'wpr',
  'licensing_servers' => 
  array (
    0 => 'https://dashboard.wpreset.com/api/',
  ),
  'version' => '2.04',
  'slug' => 'wp-reset',
  'basename' => 'wp-reset/wp-reset.php',
  'plugin_page' => 'tools_page_wp-reset',
  'plugin_file' => 'C:\\xampp\\htdocs\\studio02\\wp-content\\plugins\\wp-reset\\wp-reset.php',
  'js_folder' => 'http://localhost/studio02/wp-content/plugins/wp-reset//js/',
  'api_ver' => 'v1/',
  'valid_forever' => '2035-01-01',
  'unlimited_installs' => 99999,
  'debug' => true,
  'filesystem_initialized' => false,
)

[Fri, 28 Feb 2025 03:22:09 +0000] wpr: __construct
array (
  'prefix' => 'wpr',
  'licensing_servers' => 
  array (
    0 => 'https://dashboard.wpreset.com/api/',
  ),
  'version' => '2.04',
  'plugin_file' => 'C:\\xampp\\htdocs\\studio02\\wp-content\\plugins\\wp-reset\\wp-reset.php',
  'plugin_page' => 'tools_page_wp-reset',
  'skip_hooks' => false,
  'debug' => true,
  'js_folder' => 'http://localhost/studio02/wp-content/plugins/wp-reset//js/',
)
array (
  'prefix' => 'wpr',
  'licensing_servers' => 
  array (
    0 => 'https://dashboard.wpreset.com/api/',
  ),
  'version' => '2.04',
  'slug' => 'wp-reset',
  'basename' => 'wp-reset/wp-reset.php',
  'plugin_page' => 'tools_page_wp-reset',
  'plugin_file' => 'C:\\xampp\\htdocs\\studio02\\wp-content\\plugins\\wp-reset\\wp-reset.php',
  'js_folder' => 'http://localhost/studio02/wp-content/plugins/wp-reset//js/',
  'api_ver' => 'v1/',
  'valid_forever' => '2035-01-01',
  'unlimited_installs' => 99999,
  'debug' => true,
  'filesystem_initialized' => false,
)

[Fri, 28 Feb 2025 03:23:09 +0000] wpr: __construct
array (
  'prefix' => 'wpr',
  'licensing_servers' => 
  array (
    0 => 'https://dashboard.wpreset.com/api/',
  ),
  'version' => '2.04',
  'plugin_file' => 'C:\\xampp\\htdocs\\studio02\\wp-content\\plugins\\wp-reset\\wp-reset.php',
  'plugin_page' => 'tools_page_wp-reset',
  'skip_hooks' => false,
  'debug' => true,
  'js_folder' => 'http://localhost/studio02/wp-content/plugins/wp-reset//js/',
)
array (
  'prefix' => 'wpr',
  'licensing_servers' => 
  array (
    0 => 'https://dashboard.wpreset.com/api/',
  ),
  'version' => '2.04',
  'slug' => 'wp-reset',
  'basename' => 'wp-reset/wp-reset.php',
  'plugin_page' => 'tools_page_wp-reset',
  'plugin_file' => 'C:\\xampp\\htdocs\\studio02\\wp-content\\plugins\\wp-reset\\wp-reset.php',
  'js_folder' => 'http://localhost/studio02/wp-content/plugins/wp-reset//js/',
  'api_ver' => 'v1/',
  'valid_forever' => '2035-01-01',
  'unlimited_installs' => 99999,
  'debug' => true,
  'filesystem_initialized' => false,
)

[Fri, 28 Feb 2025 03:24:09 +0000] wpr: __construct
array (
  'prefix' => 'wpr',
  'licensing_servers' => 
  array (
    0 => 'https://dashboard.wpreset.com/api/',
  ),
  'version' => '2.04',
  'plugin_file' => 'C:\\xampp\\htdocs\\studio02\\wp-content\\plugins\\wp-reset\\wp-reset.php',
  'plugin_page' => 'tools_page_wp-reset',
  'skip_hooks' => false,
  'debug' => true,
  'js_folder' => 'http://localhost/studio02/wp-content/plugins/wp-reset//js/',
)
array (
  'prefix' => 'wpr',
  'licensing_servers' => 
  array (
    0 => 'https://dashboard.wpreset.com/api/',
  ),
  'version' => '2.04',
  'slug' => 'wp-reset',
  'basename' => 'wp-reset/wp-reset.php',
  'plugin_page' => 'tools_page_wp-reset',
  'plugin_file' => 'C:\\xampp\\htdocs\\studio02\\wp-content\\plugins\\wp-reset\\wp-reset.php',
  'js_folder' => 'http://localhost/studio02/wp-content/plugins/wp-reset//js/',
  'api_ver' => 'v1/',
  'valid_forever' => '2035-01-01',
  'unlimited_installs' => 99999,
  'debug' => true,
  'filesystem_initialized' => false,
)

[Fri, 28 Feb 2025 03:25:09 +0000] wpr: __construct
array (
  'prefix' => 'wpr',
  'licensing_servers' => 
  array (
    0 => 'https://dashboard.wpreset.com/api/',
  ),
  'version' => '2.04',
  'plugin_file' => 'C:\\xampp\\htdocs\\studio02\\wp-content\\plugins\\wp-reset\\wp-reset.php',
  'plugin_page' => 'tools_page_wp-reset',
  'skip_hooks' => false,
  'debug' => true,
  'js_folder' => 'http://localhost/studio02/wp-content/plugins/wp-reset//js/',
)
array (
  'prefix' => 'wpr',
  'licensing_servers' => 
  array (
    0 => 'https://dashboard.wpreset.com/api/',
  ),
  'version' => '2.04',
  'slug' => 'wp-reset',
  'basename' => 'wp-reset/wp-reset.php',
  'plugin_page' => 'tools_page_wp-reset',
  'plugin_file' => 'C:\\xampp\\htdocs\\studio02\\wp-content\\plugins\\wp-reset\\wp-reset.php',
  'js_folder' => 'http://localhost/studio02/wp-content/plugins/wp-reset//js/',
  'api_ver' => 'v1/',
  'valid_forever' => '2035-01-01',
  'unlimited_installs' => 99999,
  'debug' => true,
  'filesystem_initialized' => false,
)

[Fri, 28 Feb 2025 03:26:09 +0000] wpr: __construct
array (
  'prefix' => 'wpr',
  'licensing_servers' => 
  array (
    0 => 'https://dashboard.wpreset.com/api/',
  ),
  'version' => '2.04',
  'plugin_file' => 'C:\\xampp\\htdocs\\studio02\\wp-content\\plugins\\wp-reset\\wp-reset.php',
  'plugin_page' => 'tools_page_wp-reset',
  'skip_hooks' => false,
  'debug' => true,
  'js_folder' => 'http://localhost/studio02/wp-content/plugins/wp-reset//js/',
)
array (
  'prefix' => 'wpr',
  'licensing_servers' => 
  array (
    0 => 'https://dashboard.wpreset.com/api/',
  ),
  'version' => '2.04',
  'slug' => 'wp-reset',
  'basename' => 'wp-reset/wp-reset.php',
  'plugin_page' => 'tools_page_wp-reset',
  'plugin_file' => 'C:\\xampp\\htdocs\\studio02\\wp-content\\plugins\\wp-reset\\wp-reset.php',
  'js_folder' => 'http://localhost/studio02/wp-content/plugins/wp-reset//js/',
  'api_ver' => 'v1/',
  'valid_forever' => '2035-01-01',
  'unlimited_installs' => 99999,
  'debug' => true,
  'filesystem_initialized' => false,
)

[Fri, 28 Feb 2025 03:26:19 +0000] wpr: __construct
array (
  'prefix' => 'wpr',
  'licensing_servers' => 
  array (
    0 => 'https://dashboard.wpreset.com/api/',
  ),
  'version' => '2.04',
  'plugin_file' => 'C:\\xampp\\htdocs\\studio02\\wp-content\\plugins\\wp-reset\\wp-reset.php',
  'plugin_page' => 'tools_page_wp-reset',
  'skip_hooks' => false,
  'debug' => true,
  'js_folder' => 'http://localhost/studio02/wp-content/plugins/wp-reset//js/',
)
array (
  'prefix' => 'wpr',
  'licensing_servers' => 
  array (
    0 => 'https://dashboard.wpreset.com/api/',
  ),
  'version' => '2.04',
  'slug' => 'wp-reset',
  'basename' => 'wp-reset/wp-reset.php',
  'plugin_page' => 'tools_page_wp-reset',
  'plugin_file' => 'C:\\xampp\\htdocs\\studio02\\wp-content\\plugins\\wp-reset\\wp-reset.php',
  'js_folder' => 'http://localhost/studio02/wp-content/plugins/wp-reset//js/',
  'api_ver' => 'v1/',
  'valid_forever' => '2035-01-01',
  'unlimited_installs' => 99999,
  'debug' => true,
  'filesystem_initialized' => false,
)

[Fri, 28 Feb 2025 03:27:10 +0000] wpr: __construct
array (
  'prefix' => 'wpr',
  'licensing_servers' => 
  array (
    0 => 'https://dashboard.wpreset.com/api/',
  ),
  'version' => '2.04',
  'plugin_file' => 'C:\\xampp\\htdocs\\studio02\\wp-content\\plugins\\wp-reset\\wp-reset.php',
  'plugin_page' => 'tools_page_wp-reset',
  'skip_hooks' => false,
  'debug' => true,
  'js_folder' => 'http://localhost/studio02/wp-content/plugins/wp-reset//js/',
)
array (
  'prefix' => 'wpr',
  'licensing_servers' => 
  array (
    0 => 'https://dashboard.wpreset.com/api/',
  ),
  'version' => '2.04',
  'slug' => 'wp-reset',
  'basename' => 'wp-reset/wp-reset.php',
  'plugin_page' => 'tools_page_wp-reset',
  'plugin_file' => 'C:\\xampp\\htdocs\\studio02\\wp-content\\plugins\\wp-reset\\wp-reset.php',
  'js_folder' => 'http://localhost/studio02/wp-content/plugins/wp-reset//js/',
  'api_ver' => 'v1/',
  'valid_forever' => '2035-01-01',
  'unlimited_installs' => 99999,
  'debug' => true,
  'filesystem_initialized' => false,
)

[Fri, 28 Feb 2025 03:28:09 +0000] wpr: __construct
array (
  'prefix' => 'wpr',
  'licensing_servers' => 
  array (
    0 => 'https://dashboard.wpreset.com/api/',
  ),
  'version' => '2.04',
  'plugin_file' => 'C:\\xampp\\htdocs\\studio02\\wp-content\\plugins\\wp-reset\\wp-reset.php',
  'plugin_page' => 'tools_page_wp-reset',
  'skip_hooks' => false,
  'debug' => true,
  'js_folder' => 'http://localhost/studio02/wp-content/plugins/wp-reset//js/',
)
array (
  'prefix' => 'wpr',
  'licensing_servers' => 
  array (
    0 => 'https://dashboard.wpreset.com/api/',
  ),
  'version' => '2.04',
  'slug' => 'wp-reset',
  'basename' => 'wp-reset/wp-reset.php',
  'plugin_page' => 'tools_page_wp-reset',
  'plugin_file' => 'C:\\xampp\\htdocs\\studio02\\wp-content\\plugins\\wp-reset\\wp-reset.php',
  'js_folder' => 'http://localhost/studio02/wp-content/plugins/wp-reset//js/',
  'api_ver' => 'v1/',
  'valid_forever' => '2035-01-01',
  'unlimited_installs' => 99999,
  'debug' => true,
  'filesystem_initialized' => false,
)

[Fri, 28 Feb 2025 03:29:09 +0000] wpr: __construct
array (
  'prefix' => 'wpr',
  'licensing_servers' => 
  array (
    0 => 'https://dashboard.wpreset.com/api/',
  ),
  'version' => '2.04',
  'plugin_file' => 'C:\\xampp\\htdocs\\studio02\\wp-content\\plugins\\wp-reset\\wp-reset.php',
  'plugin_page' => 'tools_page_wp-reset',
  'skip_hooks' => false,
  'debug' => true,
  'js_folder' => 'http://localhost/studio02/wp-content/plugins/wp-reset//js/',
)
array (
  'prefix' => 'wpr',
  'licensing_servers' => 
  array (
    0 => 'https://dashboard.wpreset.com/api/',
  ),
  'version' => '2.04',
  'slug' => 'wp-reset',
  'basename' => 'wp-reset/wp-reset.php',
  'plugin_page' => 'tools_page_wp-reset',
  'plugin_file' => 'C:\\xampp\\htdocs\\studio02\\wp-content\\plugins\\wp-reset\\wp-reset.php',
  'js_folder' => 'http://localhost/studio02/wp-content/plugins/wp-reset//js/',
  'api_ver' => 'v1/',
  'valid_forever' => '2035-01-01',
  'unlimited_installs' => 99999,
  'debug' => true,
  'filesystem_initialized' => false,
)

[Fri, 28 Feb 2025 03:30:09 +0000] wpr: __construct
array (
  'prefix' => 'wpr',
  'licensing_servers' => 
  array (
    0 => 'https://dashboard.wpreset.com/api/',
  ),
  'version' => '2.04',
  'plugin_file' => 'C:\\xampp\\htdocs\\studio02\\wp-content\\plugins\\wp-reset\\wp-reset.php',
  'plugin_page' => 'tools_page_wp-reset',
  'skip_hooks' => false,
  'debug' => true,
  'js_folder' => 'http://localhost/studio02/wp-content/plugins/wp-reset//js/',
)
array (
  'prefix' => 'wpr',
  'licensing_servers' => 
  array (
    0 => 'https://dashboard.wpreset.com/api/',
  ),
  'version' => '2.04',
  'slug' => 'wp-reset',
  'basename' => 'wp-reset/wp-reset.php',
  'plugin_page' => 'tools_page_wp-reset',
  'plugin_file' => 'C:\\xampp\\htdocs\\studio02\\wp-content\\plugins\\wp-reset\\wp-reset.php',
  'js_folder' => 'http://localhost/studio02/wp-content/plugins/wp-reset//js/',
  'api_ver' => 'v1/',
  'valid_forever' => '2035-01-01',
  'unlimited_installs' => 99999,
  'debug' => true,
  'filesystem_initialized' => false,
)

[Fri, 28 Feb 2025 03:31:10 +0000] wpr: __construct
array (
  'prefix' => 'wpr',
  'licensing_servers' => 
  array (
    0 => 'https://dashboard.wpreset.com/api/',
  ),
  'version' => '2.04',
  'plugin_file' => 'C:\\xampp\\htdocs\\studio02\\wp-content\\plugins\\wp-reset\\wp-reset.php',
  'plugin_page' => 'tools_page_wp-reset',
  'skip_hooks' => false,
  'debug' => true,
  'js_folder' => 'http://localhost/studio02/wp-content/plugins/wp-reset//js/',
)
array (
  'prefix' => 'wpr',
  'licensing_servers' => 
  array (
    0 => 'https://dashboard.wpreset.com/api/',
  ),
  'version' => '2.04',
  'slug' => 'wp-reset',
  'basename' => 'wp-reset/wp-reset.php',
  'plugin_page' => 'tools_page_wp-reset',
  'plugin_file' => 'C:\\xampp\\htdocs\\studio02\\wp-content\\plugins\\wp-reset\\wp-reset.php',
  'js_folder' => 'http://localhost/studio02/wp-content/plugins/wp-reset//js/',
  'api_ver' => 'v1/',
  'valid_forever' => '2035-01-01',
  'unlimited_installs' => 99999,
  'debug' => true,
  'filesystem_initialized' => false,
)

[Fri, 28 Feb 2025 03:32:10 +0000] wpr: __construct
array (
  'prefix' => 'wpr',
  'licensing_servers' => 
  array (
    0 => 'https://dashboard.wpreset.com/api/',
  ),
  'version' => '2.04',
  'plugin_file' => 'C:\\xampp\\htdocs\\studio02\\wp-content\\plugins\\wp-reset\\wp-reset.php',
  'plugin_page' => 'tools_page_wp-reset',
  'skip_hooks' => false,
  'debug' => true,
  'js_folder' => 'http://localhost/studio02/wp-content/plugins/wp-reset//js/',
)
array (
  'prefix' => 'wpr',
  'licensing_servers' => 
  array (
    0 => 'https://dashboard.wpreset.com/api/',
  ),
  'version' => '2.04',
  'slug' => 'wp-reset',
  'basename' => 'wp-reset/wp-reset.php',
  'plugin_page' => 'tools_page_wp-reset',
  'plugin_file' => 'C:\\xampp\\htdocs\\studio02\\wp-content\\plugins\\wp-reset\\wp-reset.php',
  'js_folder' => 'http://localhost/studio02/wp-content/plugins/wp-reset//js/',
  'api_ver' => 'v1/',
  'valid_forever' => '2035-01-01',
  'unlimited_installs' => 99999,
  'debug' => true,
  'filesystem_initialized' => false,
)

[Fri, 28 Feb 2025 03:33:10 +0000] wpr: __construct
array (
  'prefix' => 'wpr',
  'licensing_servers' => 
  array (
    0 => 'https://dashboard.wpreset.com/api/',
  ),
  'version' => '2.04',
  'plugin_file' => 'C:\\xampp\\htdocs\\studio02\\wp-content\\plugins\\wp-reset\\wp-reset.php',
  'plugin_page' => 'tools_page_wp-reset',
  'skip_hooks' => false,
  'debug' => true,
  'js_folder' => 'http://localhost/studio02/wp-content/plugins/wp-reset//js/',
)
array (
  'prefix' => 'wpr',
  'licensing_servers' => 
  array (
    0 => 'https://dashboard.wpreset.com/api/',
  ),
  'version' => '2.04',
  'slug' => 'wp-reset',
  'basename' => 'wp-reset/wp-reset.php',
  'plugin_page' => 'tools_page_wp-reset',
  'plugin_file' => 'C:\\xampp\\htdocs\\studio02\\wp-content\\plugins\\wp-reset\\wp-reset.php',
  'js_folder' => 'http://localhost/studio02/wp-content/plugins/wp-reset//js/',
  'api_ver' => 'v1/',
  'valid_forever' => '2035-01-01',
  'unlimited_installs' => 99999,
  'debug' => true,
  'filesystem_initialized' => false,
)

[Fri, 28 Feb 2025 03:34:10 +0000] wpr: __construct
array (
  'prefix' => 'wpr',
  'licensing_servers' => 
  array (
    0 => 'https://dashboard.wpreset.com/api/',
  ),
  'version' => '2.04',
  'plugin_file' => 'C:\\xampp\\htdocs\\studio02\\wp-content\\plugins\\wp-reset\\wp-reset.php',
  'plugin_page' => 'tools_page_wp-reset',
  'skip_hooks' => false,
  'debug' => true,
  'js_folder' => 'http://localhost/studio02/wp-content/plugins/wp-reset//js/',
)
array (
  'prefix' => 'wpr',
  'licensing_servers' => 
  array (
    0 => 'https://dashboard.wpreset.com/api/',
  ),
  'version' => '2.04',
  'slug' => 'wp-reset',
  'basename' => 'wp-reset/wp-reset.php',
  'plugin_page' => 'tools_page_wp-reset',
  'plugin_file' => 'C:\\xampp\\htdocs\\studio02\\wp-content\\plugins\\wp-reset\\wp-reset.php',
  'js_folder' => 'http://localhost/studio02/wp-content/plugins/wp-reset//js/',
  'api_ver' => 'v1/',
  'valid_forever' => '2035-01-01',
  'unlimited_installs' => 99999,
  'debug' => true,
  'filesystem_initialized' => false,
)

[Fri, 28 Feb 2025 03:35:10 +0000] wpr: __construct
array (
  'prefix' => 'wpr',
  'licensing_servers' => 
  array (
    0 => 'https://dashboard.wpreset.com/api/',
  ),
  'version' => '2.04',
  'plugin_file' => 'C:\\xampp\\htdocs\\studio02\\wp-content\\plugins\\wp-reset\\wp-reset.php',
  'plugin_page' => 'tools_page_wp-reset',
  'skip_hooks' => false,
  'debug' => true,
  'js_folder' => 'http://localhost/studio02/wp-content/plugins/wp-reset//js/',
)
array (
  'prefix' => 'wpr',
  'licensing_servers' => 
  array (
    0 => 'https://dashboard.wpreset.com/api/',
  ),
  'version' => '2.04',
  'slug' => 'wp-reset',
  'basename' => 'wp-reset/wp-reset.php',
  'plugin_page' => 'tools_page_wp-reset',
  'plugin_file' => 'C:\\xampp\\htdocs\\studio02\\wp-content\\plugins\\wp-reset\\wp-reset.php',
  'js_folder' => 'http://localhost/studio02/wp-content/plugins/wp-reset//js/',
  'api_ver' => 'v1/',
  'valid_forever' => '2035-01-01',
  'unlimited_installs' => 99999,
  'debug' => true,
  'filesystem_initialized' => false,
)

[Fri, 28 Feb 2025 03:36:10 +0000] wpr: __construct
array (
  'prefix' => 'wpr',
  'licensing_servers' => 
  array (
    0 => 'https://dashboard.wpreset.com/api/',
  ),
  'version' => '2.04',
  'plugin_file' => 'C:\\xampp\\htdocs\\studio02\\wp-content\\plugins\\wp-reset\\wp-reset.php',
  'plugin_page' => 'tools_page_wp-reset',
  'skip_hooks' => false,
  'debug' => true,
  'js_folder' => 'http://localhost/studio02/wp-content/plugins/wp-reset//js/',
)
array (
  'prefix' => 'wpr',
  'licensing_servers' => 
  array (
    0 => 'https://dashboard.wpreset.com/api/',
  ),
  'version' => '2.04',
  'slug' => 'wp-reset',
  'basename' => 'wp-reset/wp-reset.php',
  'plugin_page' => 'tools_page_wp-reset',
  'plugin_file' => 'C:\\xampp\\htdocs\\studio02\\wp-content\\plugins\\wp-reset\\wp-reset.php',
  'js_folder' => 'http://localhost/studio02/wp-content/plugins/wp-reset//js/',
  'api_ver' => 'v1/',
  'valid_forever' => '2035-01-01',
  'unlimited_installs' => 99999,
  'debug' => true,
  'filesystem_initialized' => false,
)

[Fri, 28 Feb 2025 03:37:10 +0000] wpr: __construct
array (
  'prefix' => 'wpr',
  'licensing_servers' => 
  array (
    0 => 'https://dashboard.wpreset.com/api/',
  ),
  'version' => '2.04',
  'plugin_file' => 'C:\\xampp\\htdocs\\studio02\\wp-content\\plugins\\wp-reset\\wp-reset.php',
  'plugin_page' => 'tools_page_wp-reset',
  'skip_hooks' => false,
  'debug' => true,
  'js_folder' => 'http://localhost/studio02/wp-content/plugins/wp-reset//js/',
)
array (
  'prefix' => 'wpr',
  'licensing_servers' => 
  array (
    0 => 'https://dashboard.wpreset.com/api/',
  ),
  'version' => '2.04',
  'slug' => 'wp-reset',
  'basename' => 'wp-reset/wp-reset.php',
  'plugin_page' => 'tools_page_wp-reset',
  'plugin_file' => 'C:\\xampp\\htdocs\\studio02\\wp-content\\plugins\\wp-reset\\wp-reset.php',
  'js_folder' => 'http://localhost/studio02/wp-content/plugins/wp-reset//js/',
  'api_ver' => 'v1/',
  'valid_forever' => '2035-01-01',
  'unlimited_installs' => 99999,
  'debug' => true,
  'filesystem_initialized' => false,
)

[Fri, 28 Feb 2025 03:38:10 +0000] wpr: __construct
array (
  'prefix' => 'wpr',
  'licensing_servers' => 
  array (
    0 => 'https://dashboard.wpreset.com/api/',
  ),
  'version' => '2.04',
  'plugin_file' => 'C:\\xampp\\htdocs\\studio02\\wp-content\\plugins\\wp-reset\\wp-reset.php',
  'plugin_page' => 'tools_page_wp-reset',
  'skip_hooks' => false,
  'debug' => true,
  'js_folder' => 'http://localhost/studio02/wp-content/plugins/wp-reset//js/',
)
array (
  'prefix' => 'wpr',
  'licensing_servers' => 
  array (
    0 => 'https://dashboard.wpreset.com/api/',
  ),
  'version' => '2.04',
  'slug' => 'wp-reset',
  'basename' => 'wp-reset/wp-reset.php',
  'plugin_page' => 'tools_page_wp-reset',
  'plugin_file' => 'C:\\xampp\\htdocs\\studio02\\wp-content\\plugins\\wp-reset\\wp-reset.php',
  'js_folder' => 'http://localhost/studio02/wp-content/plugins/wp-reset//js/',
  'api_ver' => 'v1/',
  'valid_forever' => '2035-01-01',
  'unlimited_installs' => 99999,
  'debug' => true,
  'filesystem_initialized' => false,
)

[Fri, 28 Feb 2025 03:39:10 +0000] wpr: __construct
array (
  'prefix' => 'wpr',
  'licensing_servers' => 
  array (
    0 => 'https://dashboard.wpreset.com/api/',
  ),
  'version' => '2.04',
  'plugin_file' => 'C:\\xampp\\htdocs\\studio02\\wp-content\\plugins\\wp-reset\\wp-reset.php',
  'plugin_page' => 'tools_page_wp-reset',
  'skip_hooks' => false,
  'debug' => true,
  'js_folder' => 'http://localhost/studio02/wp-content/plugins/wp-reset//js/',
)
array (
  'prefix' => 'wpr',
  'licensing_servers' => 
  array (
    0 => 'https://dashboard.wpreset.com/api/',
  ),
  'version' => '2.04',
  'slug' => 'wp-reset',
  'basename' => 'wp-reset/wp-reset.php',
  'plugin_page' => 'tools_page_wp-reset',
  'plugin_file' => 'C:\\xampp\\htdocs\\studio02\\wp-content\\plugins\\wp-reset\\wp-reset.php',
  'js_folder' => 'http://localhost/studio02/wp-content/plugins/wp-reset//js/',
  'api_ver' => 'v1/',
  'valid_forever' => '2035-01-01',
  'unlimited_installs' => 99999,
  'debug' => true,
  'filesystem_initialized' => false,
)

[Fri, 28 Feb 2025 03:40:10 +0000] wpr: __construct
array (
  'prefix' => 'wpr',
  'licensing_servers' => 
  array (
    0 => 'https://dashboard.wpreset.com/api/',
  ),
  'version' => '2.04',
  'plugin_file' => 'C:\\xampp\\htdocs\\studio02\\wp-content\\plugins\\wp-reset\\wp-reset.php',
  'plugin_page' => 'tools_page_wp-reset',
  'skip_hooks' => false,
  'debug' => true,
  'js_folder' => 'http://localhost/studio02/wp-content/plugins/wp-reset//js/',
)
array (
  'prefix' => 'wpr',
  'licensing_servers' => 
  array (
    0 => 'https://dashboard.wpreset.com/api/',
  ),
  'version' => '2.04',
  'slug' => 'wp-reset',
  'basename' => 'wp-reset/wp-reset.php',
  'plugin_page' => 'tools_page_wp-reset',
  'plugin_file' => 'C:\\xampp\\htdocs\\studio02\\wp-content\\plugins\\wp-reset\\wp-reset.php',
  'js_folder' => 'http://localhost/studio02/wp-content/plugins/wp-reset//js/',
  'api_ver' => 'v1/',
  'valid_forever' => '2035-01-01',
  'unlimited_installs' => 99999,
  'debug' => true,
  'filesystem_initialized' => false,
)

[Fri, 28 Feb 2025 03:41:10 +0000] wpr: __construct
array (
  'prefix' => 'wpr',
  'licensing_servers' => 
  array (
    0 => 'https://dashboard.wpreset.com/api/',
  ),
  'version' => '2.04',
  'plugin_file' => 'C:\\xampp\\htdocs\\studio02\\wp-content\\plugins\\wp-reset\\wp-reset.php',
  'plugin_page' => 'tools_page_wp-reset',
  'skip_hooks' => false,
  'debug' => true,
  'js_folder' => 'http://localhost/studio02/wp-content/plugins/wp-reset//js/',
)
array (
  'prefix' => 'wpr',
  'licensing_servers' => 
  array (
    0 => 'https://dashboard.wpreset.com/api/',
  ),
  'version' => '2.04',
  'slug' => 'wp-reset',
  'basename' => 'wp-reset/wp-reset.php',
  'plugin_page' => 'tools_page_wp-reset',
  'plugin_file' => 'C:\\xampp\\htdocs\\studio02\\wp-content\\plugins\\wp-reset\\wp-reset.php',
  'js_folder' => 'http://localhost/studio02/wp-content/plugins/wp-reset//js/',
  'api_ver' => 'v1/',
  'valid_forever' => '2035-01-01',
  'unlimited_installs' => 99999,
  'debug' => true,
  'filesystem_initialized' => false,
)

[Fri, 28 Feb 2025 03:42:10 +0000] wpr: __construct
array (
  'prefix' => 'wpr',
  'licensing_servers' => 
  array (
    0 => 'https://dashboard.wpreset.com/api/',
  ),
  'version' => '2.04',
  'plugin_file' => 'C:\\xampp\\htdocs\\studio02\\wp-content\\plugins\\wp-reset\\wp-reset.php',
  'plugin_page' => 'tools_page_wp-reset',
  'skip_hooks' => false,
  'debug' => true,
  'js_folder' => 'http://localhost/studio02/wp-content/plugins/wp-reset//js/',
)
array (
  'prefix' => 'wpr',
  'licensing_servers' => 
  array (
    0 => 'https://dashboard.wpreset.com/api/',
  ),
  'version' => '2.04',
  'slug' => 'wp-reset',
  'basename' => 'wp-reset/wp-reset.php',
  'plugin_page' => 'tools_page_wp-reset',
  'plugin_file' => 'C:\\xampp\\htdocs\\studio02\\wp-content\\plugins\\wp-reset\\wp-reset.php',
  'js_folder' => 'http://localhost/studio02/wp-content/plugins/wp-reset//js/',
  'api_ver' => 'v1/',
  'valid_forever' => '2035-01-01',
  'unlimited_installs' => 99999,
  'debug' => true,
  'filesystem_initialized' => false,
)

[Fri, 28 Feb 2025 03:43:10 +0000] wpr: __construct
array (
  'prefix' => 'wpr',
  'licensing_servers' => 
  array (
    0 => 'https://dashboard.wpreset.com/api/',
  ),
  'version' => '2.04',
  'plugin_file' => 'C:\\xampp\\htdocs\\studio02\\wp-content\\plugins\\wp-reset\\wp-reset.php',
  'plugin_page' => 'tools_page_wp-reset',
  'skip_hooks' => false,
  'debug' => true,
  'js_folder' => 'http://localhost/studio02/wp-content/plugins/wp-reset//js/',
)
array (
  'prefix' => 'wpr',
  'licensing_servers' => 
  array (
    0 => 'https://dashboard.wpreset.com/api/',
  ),
  'version' => '2.04',
  'slug' => 'wp-reset',
  'basename' => 'wp-reset/wp-reset.php',
  'plugin_page' => 'tools_page_wp-reset',
  'plugin_file' => 'C:\\xampp\\htdocs\\studio02\\wp-content\\plugins\\wp-reset\\wp-reset.php',
  'js_folder' => 'http://localhost/studio02/wp-content/plugins/wp-reset//js/',
  'api_ver' => 'v1/',
  'valid_forever' => '2035-01-01',
  'unlimited_installs' => 99999,
  'debug' => true,
  'filesystem_initialized' => false,
)

[Fri, 28 Feb 2025 03:43:26 +0000] wpr: __construct
array (
  'prefix' => 'wpr',
  'licensing_servers' => 
  array (
    0 => 'https://dashboard.wpreset.com/api/',
  ),
  'version' => '2.04',
  'plugin_file' => 'C:\\xampp\\htdocs\\studio02\\wp-content\\plugins\\wp-reset\\wp-reset.php',
  'plugin_page' => 'tools_page_wp-reset',
  'skip_hooks' => false,
  'debug' => true,
  'js_folder' => 'http://localhost/studio02/wp-content/plugins/wp-reset//js/',
)
array (
  'prefix' => 'wpr',
  'licensing_servers' => 
  array (
    0 => 'https://dashboard.wpreset.com/api/',
  ),
  'version' => '2.04',
  'slug' => 'wp-reset',
  'basename' => 'wp-reset/wp-reset.php',
  'plugin_page' => 'tools_page_wp-reset',
  'plugin_file' => 'C:\\xampp\\htdocs\\studio02\\wp-content\\plugins\\wp-reset\\wp-reset.php',
  'js_folder' => 'http://localhost/studio02/wp-content/plugins/wp-reset//js/',
  'api_ver' => 'v1/',
  'valid_forever' => '2035-01-01',
  'unlimited_installs' => 99999,
  'debug' => true,
  'filesystem_initialized' => false,
)

[Fri, 28 Feb 2025 03:44:10 +0000] wpr: __construct
array (
  'prefix' => 'wpr',
  'licensing_servers' => 
  array (
    0 => 'https://dashboard.wpreset.com/api/',
  ),
  'version' => '2.04',
  'plugin_file' => 'C:\\xampp\\htdocs\\studio02\\wp-content\\plugins\\wp-reset\\wp-reset.php',
  'plugin_page' => 'tools_page_wp-reset',
  'skip_hooks' => false,
  'debug' => true,
  'js_folder' => 'http://localhost/studio02/wp-content/plugins/wp-reset//js/',
)
array (
  'prefix' => 'wpr',
  'licensing_servers' => 
  array (
    0 => 'https://dashboard.wpreset.com/api/',
  ),
  'version' => '2.04',
  'slug' => 'wp-reset',
  'basename' => 'wp-reset/wp-reset.php',
  'plugin_page' => 'tools_page_wp-reset',
  'plugin_file' => 'C:\\xampp\\htdocs\\studio02\\wp-content\\plugins\\wp-reset\\wp-reset.php',
  'js_folder' => 'http://localhost/studio02/wp-content/plugins/wp-reset//js/',
  'api_ver' => 'v1/',
  'valid_forever' => '2035-01-01',
  'unlimited_installs' => 99999,
  'debug' => true,
  'filesystem_initialized' => false,
)

[Fri, 28 Feb 2025 03:45:10 +0000] wpr: __construct
array (
  'prefix' => 'wpr',
  'licensing_servers' => 
  array (
    0 => 'https://dashboard.wpreset.com/api/',
  ),
  'version' => '2.04',
  'plugin_file' => 'C:\\xampp\\htdocs\\studio02\\wp-content\\plugins\\wp-reset\\wp-reset.php',
  'plugin_page' => 'tools_page_wp-reset',
  'skip_hooks' => false,
  'debug' => true,
  'js_folder' => 'http://localhost/studio02/wp-content/plugins/wp-reset//js/',
)
array (
  'prefix' => 'wpr',
  'licensing_servers' => 
  array (
    0 => 'https://dashboard.wpreset.com/api/',
  ),
  'version' => '2.04',
  'slug' => 'wp-reset',
  'basename' => 'wp-reset/wp-reset.php',
  'plugin_page' => 'tools_page_wp-reset',
  'plugin_file' => 'C:\\xampp\\htdocs\\studio02\\wp-content\\plugins\\wp-reset\\wp-reset.php',
  'js_folder' => 'http://localhost/studio02/wp-content/plugins/wp-reset//js/',
  'api_ver' => 'v1/',
  'valid_forever' => '2035-01-01',
  'unlimited_installs' => 99999,
  'debug' => true,
  'filesystem_initialized' => false,
)

[Fri, 28 Feb 2025 03:46:10 +0000] wpr: __construct
array (
  'prefix' => 'wpr',
  'licensing_servers' => 
  array (
    0 => 'https://dashboard.wpreset.com/api/',
  ),
  'version' => '2.04',
  'plugin_file' => 'C:\\xampp\\htdocs\\studio02\\wp-content\\plugins\\wp-reset\\wp-reset.php',
  'plugin_page' => 'tools_page_wp-reset',
  'skip_hooks' => false,
  'debug' => true,
  'js_folder' => 'http://localhost/studio02/wp-content/plugins/wp-reset//js/',
)
array (
  'prefix' => 'wpr',
  'licensing_servers' => 
  array (
    0 => 'https://dashboard.wpreset.com/api/',
  ),
  'version' => '2.04',
  'slug' => 'wp-reset',
  'basename' => 'wp-reset/wp-reset.php',
  'plugin_page' => 'tools_page_wp-reset',
  'plugin_file' => 'C:\\xampp\\htdocs\\studio02\\wp-content\\plugins\\wp-reset\\wp-reset.php',
  'js_folder' => 'http://localhost/studio02/wp-content/plugins/wp-reset//js/',
  'api_ver' => 'v1/',
  'valid_forever' => '2035-01-01',
  'unlimited_installs' => 99999,
  'debug' => true,
  'filesystem_initialized' => false,
)

[Fri, 28 Feb 2025 03:47:10 +0000] wpr: __construct
array (
  'prefix' => 'wpr',
  'licensing_servers' => 
  array (
    0 => 'https://dashboard.wpreset.com/api/',
  ),
  'version' => '2.04',
  'plugin_file' => 'C:\\xampp\\htdocs\\studio02\\wp-content\\plugins\\wp-reset\\wp-reset.php',
  'plugin_page' => 'tools_page_wp-reset',
  'skip_hooks' => false,
  'debug' => true,
  'js_folder' => 'http://localhost/studio02/wp-content/plugins/wp-reset//js/',
)
array (
  'prefix' => 'wpr',
  'licensing_servers' => 
  array (
    0 => 'https://dashboard.wpreset.com/api/',
  ),
  'version' => '2.04',
  'slug' => 'wp-reset',
  'basename' => 'wp-reset/wp-reset.php',
  'plugin_page' => 'tools_page_wp-reset',
  'plugin_file' => 'C:\\xampp\\htdocs\\studio02\\wp-content\\plugins\\wp-reset\\wp-reset.php',
  'js_folder' => 'http://localhost/studio02/wp-content/plugins/wp-reset//js/',
  'api_ver' => 'v1/',
  'valid_forever' => '2035-01-01',
  'unlimited_installs' => 99999,
  'debug' => true,
  'filesystem_initialized' => false,
)

[Fri, 28 Feb 2025 03:48:10 +0000] wpr: __construct
array (
  'prefix' => 'wpr',
  'licensing_servers' => 
  array (
    0 => 'https://dashboard.wpreset.com/api/',
  ),
  'version' => '2.04',
  'plugin_file' => 'C:\\xampp\\htdocs\\studio02\\wp-content\\plugins\\wp-reset\\wp-reset.php',
  'plugin_page' => 'tools_page_wp-reset',
  'skip_hooks' => false,
  'debug' => true,
  'js_folder' => 'http://localhost/studio02/wp-content/plugins/wp-reset//js/',
)
array (
  'prefix' => 'wpr',
  'licensing_servers' => 
  array (
    0 => 'https://dashboard.wpreset.com/api/',
  ),
  'version' => '2.04',
  'slug' => 'wp-reset',
  'basename' => 'wp-reset/wp-reset.php',
  'plugin_page' => 'tools_page_wp-reset',
  'plugin_file' => 'C:\\xampp\\htdocs\\studio02\\wp-content\\plugins\\wp-reset\\wp-reset.php',
  'js_folder' => 'http://localhost/studio02/wp-content/plugins/wp-reset//js/',
  'api_ver' => 'v1/',
  'valid_forever' => '2035-01-01',
  'unlimited_installs' => 99999,
  'debug' => true,
  'filesystem_initialized' => false,
)

[Fri, 28 Feb 2025 03:49:10 +0000] wpr: __construct
array (
  'prefix' => 'wpr',
  'licensing_servers' => 
  array (
    0 => 'https://dashboard.wpreset.com/api/',
  ),
  'version' => '2.04',
  'plugin_file' => 'C:\\xampp\\htdocs\\studio02\\wp-content\\plugins\\wp-reset\\wp-reset.php',
  'plugin_page' => 'tools_page_wp-reset',
  'skip_hooks' => false,
  'debug' => true,
  'js_folder' => 'http://localhost/studio02/wp-content/plugins/wp-reset//js/',
)
array (
  'prefix' => 'wpr',
  'licensing_servers' => 
  array (
    0 => 'https://dashboard.wpreset.com/api/',
  ),
  'version' => '2.04',
  'slug' => 'wp-reset',
  'basename' => 'wp-reset/wp-reset.php',
  'plugin_page' => 'tools_page_wp-reset',
  'plugin_file' => 'C:\\xampp\\htdocs\\studio02\\wp-content\\plugins\\wp-reset\\wp-reset.php',
  'js_folder' => 'http://localhost/studio02/wp-content/plugins/wp-reset//js/',
  'api_ver' => 'v1/',
  'valid_forever' => '2035-01-01',
  'unlimited_installs' => 99999,
  'debug' => true,
  'filesystem_initialized' => false,
)

[Fri, 28 Feb 2025 03:50:10 +0000] wpr: __construct
array (
  'prefix' => 'wpr',
  'licensing_servers' => 
  array (
    0 => 'https://dashboard.wpreset.com/api/',
  ),
  'version' => '2.04',
  'plugin_file' => 'C:\\xampp\\htdocs\\studio02\\wp-content\\plugins\\wp-reset\\wp-reset.php',
  'plugin_page' => 'tools_page_wp-reset',
  'skip_hooks' => false,
  'debug' => true,
  'js_folder' => 'http://localhost/studio02/wp-content/plugins/wp-reset//js/',
)
array (
  'prefix' => 'wpr',
  'licensing_servers' => 
  array (
    0 => 'https://dashboard.wpreset.com/api/',
  ),
  'version' => '2.04',
  'slug' => 'wp-reset',
  'basename' => 'wp-reset/wp-reset.php',
  'plugin_page' => 'tools_page_wp-reset',
  'plugin_file' => 'C:\\xampp\\htdocs\\studio02\\wp-content\\plugins\\wp-reset\\wp-reset.php',
  'js_folder' => 'http://localhost/studio02/wp-content/plugins/wp-reset//js/',
  'api_ver' => 'v1/',
  'valid_forever' => '2035-01-01',
  'unlimited_installs' => 99999,
  'debug' => true,
  'filesystem_initialized' => false,
)

[Fri, 28 Feb 2025 03:51:10 +0000] wpr: __construct
array (
  'prefix' => 'wpr',
  'licensing_servers' => 
  array (
    0 => 'https://dashboard.wpreset.com/api/',
  ),
  'version' => '2.04',
  'plugin_file' => 'C:\\xampp\\htdocs\\studio02\\wp-content\\plugins\\wp-reset\\wp-reset.php',
  'plugin_page' => 'tools_page_wp-reset',
  'skip_hooks' => false,
  'debug' => true,
  'js_folder' => 'http://localhost/studio02/wp-content/plugins/wp-reset//js/',
)
array (
  'prefix' => 'wpr',
  'licensing_servers' => 
  array (
    0 => 'https://dashboard.wpreset.com/api/',
  ),
  'version' => '2.04',
  'slug' => 'wp-reset',
  'basename' => 'wp-reset/wp-reset.php',
  'plugin_page' => 'tools_page_wp-reset',
  'plugin_file' => 'C:\\xampp\\htdocs\\studio02\\wp-content\\plugins\\wp-reset\\wp-reset.php',
  'js_folder' => 'http://localhost/studio02/wp-content/plugins/wp-reset//js/',
  'api_ver' => 'v1/',
  'valid_forever' => '2035-01-01',
  'unlimited_installs' => 99999,
  'debug' => true,
  'filesystem_initialized' => false,
)

[Fri, 28 Feb 2025 03:52:10 +0000] wpr: __construct
array (
  'prefix' => 'wpr',
  'licensing_servers' => 
  array (
    0 => 'https://dashboard.wpreset.com/api/',
  ),
  'version' => '2.04',
  'plugin_file' => 'C:\\xampp\\htdocs\\studio02\\wp-content\\plugins\\wp-reset\\wp-reset.php',
  'plugin_page' => 'tools_page_wp-reset',
  'skip_hooks' => false,
  'debug' => true,
  'js_folder' => 'http://localhost/studio02/wp-content/plugins/wp-reset//js/',
)
array (
  'prefix' => 'wpr',
  'licensing_servers' => 
  array (
    0 => 'https://dashboard.wpreset.com/api/',
  ),
  'version' => '2.04',
  'slug' => 'wp-reset',
  'basename' => 'wp-reset/wp-reset.php',
  'plugin_page' => 'tools_page_wp-reset',
  'plugin_file' => 'C:\\xampp\\htdocs\\studio02\\wp-content\\plugins\\wp-reset\\wp-reset.php',
  'js_folder' => 'http://localhost/studio02/wp-content/plugins/wp-reset//js/',
  'api_ver' => 'v1/',
  'valid_forever' => '2035-01-01',
  'unlimited_installs' => 99999,
  'debug' => true,
  'filesystem_initialized' => false,
)

[Fri, 28 Feb 2025 03:52:30 +0000] wpr: __construct
array (
  'prefix' => 'wpr',
  'licensing_servers' => 
  array (
    0 => 'https://dashboard.wpreset.com/api/',
  ),
  'version' => '2.04',
  'plugin_file' => 'C:\\xampp\\htdocs\\studio02\\wp-content\\plugins\\wp-reset\\wp-reset.php',
  'plugin_page' => 'tools_page_wp-reset',
  'skip_hooks' => false,
  'debug' => true,
  'js_folder' => 'http://localhost/studio02/wp-content/plugins/wp-reset//js/',
)
array (
  'prefix' => 'wpr',
  'licensing_servers' => 
  array (
    0 => 'https://dashboard.wpreset.com/api/',
  ),
  'version' => '2.04',
  'slug' => 'wp-reset',
  'basename' => 'wp-reset/wp-reset.php',
  'plugin_page' => 'tools_page_wp-reset',
  'plugin_file' => 'C:\\xampp\\htdocs\\studio02\\wp-content\\plugins\\wp-reset\\wp-reset.php',
  'js_folder' => 'http://localhost/studio02/wp-content/plugins/wp-reset//js/',
  'api_ver' => 'v1/',
  'valid_forever' => '2035-01-01',
  'unlimited_installs' => 99999,
  'debug' => true,
  'filesystem_initialized' => false,
)

[Fri, 28 Feb 2025 03:53:11 +0000] wpr: __construct
array (
  'prefix' => 'wpr',
  'licensing_servers' => 
  array (
    0 => 'https://dashboard.wpreset.com/api/',
  ),
  'version' => '2.04',
  'plugin_file' => 'C:\\xampp\\htdocs\\studio02\\wp-content\\plugins\\wp-reset\\wp-reset.php',
  'plugin_page' => 'tools_page_wp-reset',
  'skip_hooks' => false,
  'debug' => true,
  'js_folder' => 'http://localhost/studio02/wp-content/plugins/wp-reset//js/',
)
array (
  'prefix' => 'wpr',
  'licensing_servers' => 
  array (
    0 => 'https://dashboard.wpreset.com/api/',
  ),
  'version' => '2.04',
  'slug' => 'wp-reset',
  'basename' => 'wp-reset/wp-reset.php',
  'plugin_page' => 'tools_page_wp-reset',
  'plugin_file' => 'C:\\xampp\\htdocs\\studio02\\wp-content\\plugins\\wp-reset\\wp-reset.php',
  'js_folder' => 'http://localhost/studio02/wp-content/plugins/wp-reset//js/',
  'api_ver' => 'v1/',
  'valid_forever' => '2035-01-01',
  'unlimited_installs' => 99999,
  'debug' => true,
  'filesystem_initialized' => false,
)

[Fri, 28 Feb 2025 03:54:12 +0000] wpr: __construct
array (
  'prefix' => 'wpr',
  'licensing_servers' => 
  array (
    0 => 'https://dashboard.wpreset.com/api/',
  ),
  'version' => '2.04',
  'plugin_file' => 'C:\\xampp\\htdocs\\studio02\\wp-content\\plugins\\wp-reset\\wp-reset.php',
  'plugin_page' => 'tools_page_wp-reset',
  'skip_hooks' => false,
  'debug' => true,
  'js_folder' => 'http://localhost/studio02/wp-content/plugins/wp-reset//js/',
)
array (
  'prefix' => 'wpr',
  'licensing_servers' => 
  array (
    0 => 'https://dashboard.wpreset.com/api/',
  ),
  'version' => '2.04',
  'slug' => 'wp-reset',
  'basename' => 'wp-reset/wp-reset.php',
  'plugin_page' => 'tools_page_wp-reset',
  'plugin_file' => 'C:\\xampp\\htdocs\\studio02\\wp-content\\plugins\\wp-reset\\wp-reset.php',
  'js_folder' => 'http://localhost/studio02/wp-content/plugins/wp-reset//js/',
  'api_ver' => 'v1/',
  'valid_forever' => '2035-01-01',
  'unlimited_installs' => 99999,
  'debug' => true,
  'filesystem_initialized' => false,
)

[Fri, 28 Feb 2025 03:55:11 +0000] wpr: __construct
array (
  'prefix' => 'wpr',
  'licensing_servers' => 
  array (
    0 => 'https://dashboard.wpreset.com/api/',
  ),
  'version' => '2.04',
  'plugin_file' => 'C:\\xampp\\htdocs\\studio02\\wp-content\\plugins\\wp-reset\\wp-reset.php',
  'plugin_page' => 'tools_page_wp-reset',
  'skip_hooks' => false,
  'debug' => true,
  'js_folder' => 'http://localhost/studio02/wp-content/plugins/wp-reset//js/',
)
array (
  'prefix' => 'wpr',
  'licensing_servers' => 
  array (
    0 => 'https://dashboard.wpreset.com/api/',
  ),
  'version' => '2.04',
  'slug' => 'wp-reset',
  'basename' => 'wp-reset/wp-reset.php',
  'plugin_page' => 'tools_page_wp-reset',
  'plugin_file' => 'C:\\xampp\\htdocs\\studio02\\wp-content\\plugins\\wp-reset\\wp-reset.php',
  'js_folder' => 'http://localhost/studio02/wp-content/plugins/wp-reset//js/',
  'api_ver' => 'v1/',
  'valid_forever' => '2035-01-01',
  'unlimited_installs' => 99999,
  'debug' => true,
  'filesystem_initialized' => false,
)

[Fri, 28 Feb 2025 03:56:42 +0000] wpr: __construct
array (
  'prefix' => 'wpr',
  'licensing_servers' => 
  array (
    0 => 'https://dashboard.wpreset.com/api/',
  ),
  'version' => '2.04',
  'plugin_file' => 'C:\\xampp\\htdocs\\studio02\\wp-content\\plugins\\wp-reset\\wp-reset.php',
  'plugin_page' => 'tools_page_wp-reset',
  'skip_hooks' => false,
  'debug' => true,
  'js_folder' => 'http://localhost/studio02/wp-content/plugins/wp-reset//js/',
)
array (
  'prefix' => 'wpr',
  'licensing_servers' => 
  array (
    0 => 'https://dashboard.wpreset.com/api/',
  ),
  'version' => '2.04',
  'slug' => 'wp-reset',
  'basename' => 'wp-reset/wp-reset.php',
  'plugin_page' => 'tools_page_wp-reset',
  'plugin_file' => 'C:\\xampp\\htdocs\\studio02\\wp-content\\plugins\\wp-reset\\wp-reset.php',
  'js_folder' => 'http://localhost/studio02/wp-content/plugins/wp-reset//js/',
  'api_ver' => 'v1/',
  'valid_forever' => '2035-01-01',
  'unlimited_installs' => 99999,
  'debug' => true,
  'filesystem_initialized' => false,
)

[Fri, 28 Feb 2025 03:57:41 +0000] wpr: __construct
array (
  'prefix' => 'wpr',
  'licensing_servers' => 
  array (
    0 => 'https://dashboard.wpreset.com/api/',
  ),
  'version' => '2.04',
  'plugin_file' => 'C:\\xampp\\htdocs\\studio02\\wp-content\\plugins\\wp-reset\\wp-reset.php',
  'plugin_page' => 'tools_page_wp-reset',
  'skip_hooks' => false,
  'debug' => true,
  'js_folder' => 'http://localhost/studio02/wp-content/plugins/wp-reset//js/',
)
array (
  'prefix' => 'wpr',
  'licensing_servers' => 
  array (
    0 => 'https://dashboard.wpreset.com/api/',
  ),
  'version' => '2.04',
  'slug' => 'wp-reset',
  'basename' => 'wp-reset/wp-reset.php',
  'plugin_page' => 'tools_page_wp-reset',
  'plugin_file' => 'C:\\xampp\\htdocs\\studio02\\wp-content\\plugins\\wp-reset\\wp-reset.php',
  'js_folder' => 'http://localhost/studio02/wp-content/plugins/wp-reset//js/',
  'api_ver' => 'v1/',
  'valid_forever' => '2035-01-01',
  'unlimited_installs' => 99999,
  'debug' => true,
  'filesystem_initialized' => false,
)

[Fri, 28 Feb 2025 03:58:41 +0000] wpr: __construct
array (
  'prefix' => 'wpr',
  'licensing_servers' => 
  array (
    0 => 'https://dashboard.wpreset.com/api/',
  ),
  'version' => '2.04',
  'plugin_file' => 'C:\\xampp\\htdocs\\studio02\\wp-content\\plugins\\wp-reset\\wp-reset.php',
  'plugin_page' => 'tools_page_wp-reset',
  'skip_hooks' => false,
  'debug' => true,
  'js_folder' => 'http://localhost/studio02/wp-content/plugins/wp-reset//js/',
)
array (
  'prefix' => 'wpr',
  'licensing_servers' => 
  array (
    0 => 'https://dashboard.wpreset.com/api/',
  ),
  'version' => '2.04',
  'slug' => 'wp-reset',
  'basename' => 'wp-reset/wp-reset.php',
  'plugin_page' => 'tools_page_wp-reset',
  'plugin_file' => 'C:\\xampp\\htdocs\\studio02\\wp-content\\plugins\\wp-reset\\wp-reset.php',
  'js_folder' => 'http://localhost/studio02/wp-content/plugins/wp-reset//js/',
  'api_ver' => 'v1/',
  'valid_forever' => '2035-01-01',
  'unlimited_installs' => 99999,
  'debug' => true,
  'filesystem_initialized' => false,
)

[Fri, 28 Feb 2025 03:59:41 +0000] wpr: __construct
array (
  'prefix' => 'wpr',
  'licensing_servers' => 
  array (
    0 => 'https://dashboard.wpreset.com/api/',
  ),
  'version' => '2.04',
  'plugin_file' => 'C:\\xampp\\htdocs\\studio02\\wp-content\\plugins\\wp-reset\\wp-reset.php',
  'plugin_page' => 'tools_page_wp-reset',
  'skip_hooks' => false,
  'debug' => true,
  'js_folder' => 'http://localhost/studio02/wp-content/plugins/wp-reset//js/',
)
array (
  'prefix' => 'wpr',
  'licensing_servers' => 
  array (
    0 => 'https://dashboard.wpreset.com/api/',
  ),
  'version' => '2.04',
  'slug' => 'wp-reset',
  'basename' => 'wp-reset/wp-reset.php',
  'plugin_page' => 'tools_page_wp-reset',
  'plugin_file' => 'C:\\xampp\\htdocs\\studio02\\wp-content\\plugins\\wp-reset\\wp-reset.php',
  'js_folder' => 'http://localhost/studio02/wp-content/plugins/wp-reset//js/',
  'api_ver' => 'v1/',
  'valid_forever' => '2035-01-01',
  'unlimited_installs' => 99999,
  'debug' => true,
  'filesystem_initialized' => false,
)

[Fri, 28 Feb 2025 04:00:41 +0000] wpr: __construct
array (
  'prefix' => 'wpr',
  'licensing_servers' => 
  array (
    0 => 'https://dashboard.wpreset.com/api/',
  ),
  'version' => '2.04',
  'plugin_file' => 'C:\\xampp\\htdocs\\studio02\\wp-content\\plugins\\wp-reset\\wp-reset.php',
  'plugin_page' => 'tools_page_wp-reset',
  'skip_hooks' => false,
  'debug' => true,
  'js_folder' => 'http://localhost/studio02/wp-content/plugins/wp-reset//js/',
)
array (
  'prefix' => 'wpr',
  'licensing_servers' => 
  array (
    0 => 'https://dashboard.wpreset.com/api/',
  ),
  'version' => '2.04',
  'slug' => 'wp-reset',
  'basename' => 'wp-reset/wp-reset.php',
  'plugin_page' => 'tools_page_wp-reset',
  'plugin_file' => 'C:\\xampp\\htdocs\\studio02\\wp-content\\plugins\\wp-reset\\wp-reset.php',
  'js_folder' => 'http://localhost/studio02/wp-content/plugins/wp-reset//js/',
  'api_ver' => 'v1/',
  'valid_forever' => '2035-01-01',
  'unlimited_installs' => 99999,
  'debug' => true,
  'filesystem_initialized' => false,
)

[Fri, 28 Feb 2025 04:01:41 +0000] wpr: __construct
array (
  'prefix' => 'wpr',
  'licensing_servers' => 
  array (
    0 => 'https://dashboard.wpreset.com/api/',
  ),
  'version' => '2.04',
  'plugin_file' => 'C:\\xampp\\htdocs\\studio02\\wp-content\\plugins\\wp-reset\\wp-reset.php',
  'plugin_page' => 'tools_page_wp-reset',
  'skip_hooks' => false,
  'debug' => true,
  'js_folder' => 'http://localhost/studio02/wp-content/plugins/wp-reset//js/',
)
array (
  'prefix' => 'wpr',
  'licensing_servers' => 
  array (
    0 => 'https://dashboard.wpreset.com/api/',
  ),
  'version' => '2.04',
  'slug' => 'wp-reset',
  'basename' => 'wp-reset/wp-reset.php',
  'plugin_page' => 'tools_page_wp-reset',
  'plugin_file' => 'C:\\xampp\\htdocs\\studio02\\wp-content\\plugins\\wp-reset\\wp-reset.php',
  'js_folder' => 'http://localhost/studio02/wp-content/plugins/wp-reset//js/',
  'api_ver' => 'v1/',
  'valid_forever' => '2035-01-01',
  'unlimited_installs' => 99999,
  'debug' => true,
  'filesystem_initialized' => false,
)

[Fri, 28 Feb 2025 04:02:41 +0000] wpr: __construct
array (
  'prefix' => 'wpr',
  'licensing_servers' => 
  array (
    0 => 'https://dashboard.wpreset.com/api/',
  ),
  'version' => '2.04',
  'plugin_file' => 'C:\\xampp\\htdocs\\studio02\\wp-content\\plugins\\wp-reset\\wp-reset.php',
  'plugin_page' => 'tools_page_wp-reset',
  'skip_hooks' => false,
  'debug' => true,
  'js_folder' => 'http://localhost/studio02/wp-content/plugins/wp-reset//js/',
)
array (
  'prefix' => 'wpr',
  'licensing_servers' => 
  array (
    0 => 'https://dashboard.wpreset.com/api/',
  ),
  'version' => '2.04',
  'slug' => 'wp-reset',
  'basename' => 'wp-reset/wp-reset.php',
  'plugin_page' => 'tools_page_wp-reset',
  'plugin_file' => 'C:\\xampp\\htdocs\\studio02\\wp-content\\plugins\\wp-reset\\wp-reset.php',
  'js_folder' => 'http://localhost/studio02/wp-content/plugins/wp-reset//js/',
  'api_ver' => 'v1/',
  'valid_forever' => '2035-01-01',
  'unlimited_installs' => 99999,
  'debug' => true,
  'filesystem_initialized' => false,
)

[Fri, 28 Feb 2025 04:03:42 +0000] wpr: __construct
array (
  'prefix' => 'wpr',
  'licensing_servers' => 
  array (
    0 => 'https://dashboard.wpreset.com/api/',
  ),
  'version' => '2.04',
  'plugin_file' => 'C:\\xampp\\htdocs\\studio02\\wp-content\\plugins\\wp-reset\\wp-reset.php',
  'plugin_page' => 'tools_page_wp-reset',
  'skip_hooks' => false,
  'debug' => true,
  'js_folder' => 'http://localhost/studio02/wp-content/plugins/wp-reset//js/',
)
array (
  'prefix' => 'wpr',
  'licensing_servers' => 
  array (
    0 => 'https://dashboard.wpreset.com/api/',
  ),
  'version' => '2.04',
  'slug' => 'wp-reset',
  'basename' => 'wp-reset/wp-reset.php',
  'plugin_page' => 'tools_page_wp-reset',
  'plugin_file' => 'C:\\xampp\\htdocs\\studio02\\wp-content\\plugins\\wp-reset\\wp-reset.php',
  'js_folder' => 'http://localhost/studio02/wp-content/plugins/wp-reset//js/',
  'api_ver' => 'v1/',
  'valid_forever' => '2035-01-01',
  'unlimited_installs' => 99999,
  'debug' => true,
  'filesystem_initialized' => false,
)

[Fri, 28 Feb 2025 04:04:42 +0000] wpr: __construct
array (
  'prefix' => 'wpr',
  'licensing_servers' => 
  array (
    0 => 'https://dashboard.wpreset.com/api/',
  ),
  'version' => '2.04',
  'plugin_file' => 'C:\\xampp\\htdocs\\studio02\\wp-content\\plugins\\wp-reset\\wp-reset.php',
  'plugin_page' => 'tools_page_wp-reset',
  'skip_hooks' => false,
  'debug' => true,
  'js_folder' => 'http://localhost/studio02/wp-content/plugins/wp-reset//js/',
)
array (
  'prefix' => 'wpr',
  'licensing_servers' => 
  array (
    0 => 'https://dashboard.wpreset.com/api/',
  ),
  'version' => '2.04',
  'slug' => 'wp-reset',
  'basename' => 'wp-reset/wp-reset.php',
  'plugin_page' => 'tools_page_wp-reset',
  'plugin_file' => 'C:\\xampp\\htdocs\\studio02\\wp-content\\plugins\\wp-reset\\wp-reset.php',
  'js_folder' => 'http://localhost/studio02/wp-content/plugins/wp-reset//js/',
  'api_ver' => 'v1/',
  'valid_forever' => '2035-01-01',
  'unlimited_installs' => 99999,
  'debug' => true,
  'filesystem_initialized' => false,
)

[Fri, 28 Feb 2025 04:05:42 +0000] wpr: __construct
array (
  'prefix' => 'wpr',
  'licensing_servers' => 
  array (
    0 => 'https://dashboard.wpreset.com/api/',
  ),
  'version' => '2.04',
  'plugin_file' => 'C:\\xampp\\htdocs\\studio02\\wp-content\\plugins\\wp-reset\\wp-reset.php',
  'plugin_page' => 'tools_page_wp-reset',
  'skip_hooks' => false,
  'debug' => true,
  'js_folder' => 'http://localhost/studio02/wp-content/plugins/wp-reset//js/',
)
array (
  'prefix' => 'wpr',
  'licensing_servers' => 
  array (
    0 => 'https://dashboard.wpreset.com/api/',
  ),
  'version' => '2.04',
  'slug' => 'wp-reset',
  'basename' => 'wp-reset/wp-reset.php',
  'plugin_page' => 'tools_page_wp-reset',
  'plugin_file' => 'C:\\xampp\\htdocs\\studio02\\wp-content\\plugins\\wp-reset\\wp-reset.php',
  'js_folder' => 'http://localhost/studio02/wp-content/plugins/wp-reset//js/',
  'api_ver' => 'v1/',
  'valid_forever' => '2035-01-01',
  'unlimited_installs' => 99999,
  'debug' => true,
  'filesystem_initialized' => false,
)

[Fri, 28 Feb 2025 04:06:42 +0000] wpr: __construct
array (
  'prefix' => 'wpr',
  'licensing_servers' => 
  array (
    0 => 'https://dashboard.wpreset.com/api/',
  ),
  'version' => '2.04',
  'plugin_file' => 'C:\\xampp\\htdocs\\studio02\\wp-content\\plugins\\wp-reset\\wp-reset.php',
  'plugin_page' => 'tools_page_wp-reset',
  'skip_hooks' => false,
  'debug' => true,
  'js_folder' => 'http://localhost/studio02/wp-content/plugins/wp-reset//js/',
)
array (
  'prefix' => 'wpr',
  'licensing_servers' => 
  array (
    0 => 'https://dashboard.wpreset.com/api/',
  ),
  'version' => '2.04',
  'slug' => 'wp-reset',
  'basename' => 'wp-reset/wp-reset.php',
  'plugin_page' => 'tools_page_wp-reset',
  'plugin_file' => 'C:\\xampp\\htdocs\\studio02\\wp-content\\plugins\\wp-reset\\wp-reset.php',
  'js_folder' => 'http://localhost/studio02/wp-content/plugins/wp-reset//js/',
  'api_ver' => 'v1/',
  'valid_forever' => '2035-01-01',
  'unlimited_installs' => 99999,
  'debug' => true,
  'filesystem_initialized' => false,
)

[Fri, 28 Feb 2025 04:07:42 +0000] wpr: __construct
array (
  'prefix' => 'wpr',
  'licensing_servers' => 
  array (
    0 => 'https://dashboard.wpreset.com/api/',
  ),
  'version' => '2.04',
  'plugin_file' => 'C:\\xampp\\htdocs\\studio02\\wp-content\\plugins\\wp-reset\\wp-reset.php',
  'plugin_page' => 'tools_page_wp-reset',
  'skip_hooks' => false,
  'debug' => true,
  'js_folder' => 'http://localhost/studio02/wp-content/plugins/wp-reset//js/',
)
array (
  'prefix' => 'wpr',
  'licensing_servers' => 
  array (
    0 => 'https://dashboard.wpreset.com/api/',
  ),
  'version' => '2.04',
  'slug' => 'wp-reset',
  'basename' => 'wp-reset/wp-reset.php',
  'plugin_page' => 'tools_page_wp-reset',
  'plugin_file' => 'C:\\xampp\\htdocs\\studio02\\wp-content\\plugins\\wp-reset\\wp-reset.php',
  'js_folder' => 'http://localhost/studio02/wp-content/plugins/wp-reset//js/',
  'api_ver' => 'v1/',
  'valid_forever' => '2035-01-01',
  'unlimited_installs' => 99999,
  'debug' => true,
  'filesystem_initialized' => false,
)

[Fri, 28 Feb 2025 04:08:42 +0000] wpr: __construct
array (
  'prefix' => 'wpr',
  'licensing_servers' => 
  array (
    0 => 'https://dashboard.wpreset.com/api/',
  ),
  'version' => '2.04',
  'plugin_file' => 'C:\\xampp\\htdocs\\studio02\\wp-content\\plugins\\wp-reset\\wp-reset.php',
  'plugin_page' => 'tools_page_wp-reset',
  'skip_hooks' => false,
  'debug' => true,
  'js_folder' => 'http://localhost/studio02/wp-content/plugins/wp-reset//js/',
)
array (
  'prefix' => 'wpr',
  'licensing_servers' => 
  array (
    0 => 'https://dashboard.wpreset.com/api/',
  ),
  'version' => '2.04',
  'slug' => 'wp-reset',
  'basename' => 'wp-reset/wp-reset.php',
  'plugin_page' => 'tools_page_wp-reset',
  'plugin_file' => 'C:\\xampp\\htdocs\\studio02\\wp-content\\plugins\\wp-reset\\wp-reset.php',
  'js_folder' => 'http://localhost/studio02/wp-content/plugins/wp-reset//js/',
  'api_ver' => 'v1/',
  'valid_forever' => '2035-01-01',
  'unlimited_installs' => 99999,
  'debug' => true,
  'filesystem_initialized' => false,
)

[Fri, 28 Feb 2025 04:09:42 +0000] wpr: __construct
array (
  'prefix' => 'wpr',
  'licensing_servers' => 
  array (
    0 => 'https://dashboard.wpreset.com/api/',
  ),
  'version' => '2.04',
  'plugin_file' => 'C:\\xampp\\htdocs\\studio02\\wp-content\\plugins\\wp-reset\\wp-reset.php',
  'plugin_page' => 'tools_page_wp-reset',
  'skip_hooks' => false,
  'debug' => true,
  'js_folder' => 'http://localhost/studio02/wp-content/plugins/wp-reset//js/',
)
array (
  'prefix' => 'wpr',
  'licensing_servers' => 
  array (
    0 => 'https://dashboard.wpreset.com/api/',
  ),
  'version' => '2.04',
  'slug' => 'wp-reset',
  'basename' => 'wp-reset/wp-reset.php',
  'plugin_page' => 'tools_page_wp-reset',
  'plugin_file' => 'C:\\xampp\\htdocs\\studio02\\wp-content\\plugins\\wp-reset\\wp-reset.php',
  'js_folder' => 'http://localhost/studio02/wp-content/plugins/wp-reset//js/',
  'api_ver' => 'v1/',
  'valid_forever' => '2035-01-01',
  'unlimited_installs' => 99999,
  'debug' => true,
  'filesystem_initialized' => false,
)

[Fri, 28 Feb 2025 04:10:42 +0000] wpr: __construct
array (
  'prefix' => 'wpr',
  'licensing_servers' => 
  array (
    0 => 'https://dashboard.wpreset.com/api/',
  ),
  'version' => '2.04',
  'plugin_file' => 'C:\\xampp\\htdocs\\studio02\\wp-content\\plugins\\wp-reset\\wp-reset.php',
  'plugin_page' => 'tools_page_wp-reset',
  'skip_hooks' => false,
  'debug' => true,
  'js_folder' => 'http://localhost/studio02/wp-content/plugins/wp-reset//js/',
)
array (
  'prefix' => 'wpr',
  'licensing_servers' => 
  array (
    0 => 'https://dashboard.wpreset.com/api/',
  ),
  'version' => '2.04',
  'slug' => 'wp-reset',
  'basename' => 'wp-reset/wp-reset.php',
  'plugin_page' => 'tools_page_wp-reset',
  'plugin_file' => 'C:\\xampp\\htdocs\\studio02\\wp-content\\plugins\\wp-reset\\wp-reset.php',
  'js_folder' => 'http://localhost/studio02/wp-content/plugins/wp-reset//js/',
  'api_ver' => 'v1/',
  'valid_forever' => '2035-01-01',
  'unlimited_installs' => 99999,
  'debug' => true,
  'filesystem_initialized' => false,
)

[Fri, 28 Feb 2025 04:11:42 +0000] wpr: __construct
array (
  'prefix' => 'wpr',
  'licensing_servers' => 
  array (
    0 => 'https://dashboard.wpreset.com/api/',
  ),
  'version' => '2.04',
  'plugin_file' => 'C:\\xampp\\htdocs\\studio02\\wp-content\\plugins\\wp-reset\\wp-reset.php',
  'plugin_page' => 'tools_page_wp-reset',
  'skip_hooks' => false,
  'debug' => true,
  'js_folder' => 'http://localhost/studio02/wp-content/plugins/wp-reset//js/',
)
array (
  'prefix' => 'wpr',
  'licensing_servers' => 
  array (
    0 => 'https://dashboard.wpreset.com/api/',
  ),
  'version' => '2.04',
  'slug' => 'wp-reset',
  'basename' => 'wp-reset/wp-reset.php',
  'plugin_page' => 'tools_page_wp-reset',
  'plugin_file' => 'C:\\xampp\\htdocs\\studio02\\wp-content\\plugins\\wp-reset\\wp-reset.php',
  'js_folder' => 'http://localhost/studio02/wp-content/plugins/wp-reset//js/',
  'api_ver' => 'v1/',
  'valid_forever' => '2035-01-01',
  'unlimited_installs' => 99999,
  'debug' => true,
  'filesystem_initialized' => false,
)

[Fri, 28 Feb 2025 04:12:43 +0000] wpr: __construct
array (
  'prefix' => 'wpr',
  'licensing_servers' => 
  array (
    0 => 'https://dashboard.wpreset.com/api/',
  ),
  'version' => '2.04',
  'plugin_file' => 'C:\\xampp\\htdocs\\studio02\\wp-content\\plugins\\wp-reset\\wp-reset.php',
  'plugin_page' => 'tools_page_wp-reset',
  'skip_hooks' => false,
  'debug' => true,
  'js_folder' => 'http://localhost/studio02/wp-content/plugins/wp-reset//js/',
)
array (
  'prefix' => 'wpr',
  'licensing_servers' => 
  array (
    0 => 'https://dashboard.wpreset.com/api/',
  ),
  'version' => '2.04',
  'slug' => 'wp-reset',
  'basename' => 'wp-reset/wp-reset.php',
  'plugin_page' => 'tools_page_wp-reset',
  'plugin_file' => 'C:\\xampp\\htdocs\\studio02\\wp-content\\plugins\\wp-reset\\wp-reset.php',
  'js_folder' => 'http://localhost/studio02/wp-content/plugins/wp-reset//js/',
  'api_ver' => 'v1/',
  'valid_forever' => '2035-01-01',
  'unlimited_installs' => 99999,
  'debug' => true,
  'filesystem_initialized' => false,
)

[Fri, 28 Feb 2025 04:13:43 +0000] wpr: __construct
array (
  'prefix' => 'wpr',
  'licensing_servers' => 
  array (
    0 => 'https://dashboard.wpreset.com/api/',
  ),
  'version' => '2.04',
  'plugin_file' => 'C:\\xampp\\htdocs\\studio02\\wp-content\\plugins\\wp-reset\\wp-reset.php',
  'plugin_page' => 'tools_page_wp-reset',
  'skip_hooks' => false,
  'debug' => true,
  'js_folder' => 'http://localhost/studio02/wp-content/plugins/wp-reset//js/',
)
array (
  'prefix' => 'wpr',
  'licensing_servers' => 
  array (
    0 => 'https://dashboard.wpreset.com/api/',
  ),
  'version' => '2.04',
  'slug' => 'wp-reset',
  'basename' => 'wp-reset/wp-reset.php',
  'plugin_page' => 'tools_page_wp-reset',
  'plugin_file' => 'C:\\xampp\\htdocs\\studio02\\wp-content\\plugins\\wp-reset\\wp-reset.php',
  'js_folder' => 'http://localhost/studio02/wp-content/plugins/wp-reset//js/',
  'api_ver' => 'v1/',
  'valid_forever' => '2035-01-01',
  'unlimited_installs' => 99999,
  'debug' => true,
  'filesystem_initialized' => false,
)

[Fri, 28 Feb 2025 04:14:43 +0000] wpr: __construct
array (
  'prefix' => 'wpr',
  'licensing_servers' => 
  array (
    0 => 'https://dashboard.wpreset.com/api/',
  ),
  'version' => '2.04',
  'plugin_file' => 'C:\\xampp\\htdocs\\studio02\\wp-content\\plugins\\wp-reset\\wp-reset.php',
  'plugin_page' => 'tools_page_wp-reset',
  'skip_hooks' => false,
  'debug' => true,
  'js_folder' => 'http://localhost/studio02/wp-content/plugins/wp-reset//js/',
)
array (
  'prefix' => 'wpr',
  'licensing_servers' => 
  array (
    0 => 'https://dashboard.wpreset.com/api/',
  ),
  'version' => '2.04',
  'slug' => 'wp-reset',
  'basename' => 'wp-reset/wp-reset.php',
  'plugin_page' => 'tools_page_wp-reset',
  'plugin_file' => 'C:\\xampp\\htdocs\\studio02\\wp-content\\plugins\\wp-reset\\wp-reset.php',
  'js_folder' => 'http://localhost/studio02/wp-content/plugins/wp-reset//js/',
  'api_ver' => 'v1/',
  'valid_forever' => '2035-01-01',
  'unlimited_installs' => 99999,
  'debug' => true,
  'filesystem_initialized' => false,
)

[Fri, 28 Feb 2025 04:15:39 +0000] wpr: __construct
array (
  'prefix' => 'wpr',
  'licensing_servers' => 
  array (
    0 => 'https://dashboard.wpreset.com/api/',
  ),
  'version' => '2.04',
  'plugin_file' => 'C:\\xampp\\htdocs\\studio02\\wp-content\\plugins\\wp-reset\\wp-reset.php',
  'plugin_page' => 'tools_page_wp-reset',
  'skip_hooks' => false,
  'debug' => true,
  'js_folder' => 'http://localhost/studio02/wp-content/plugins/wp-reset//js/',
)
array (
  'prefix' => 'wpr',
  'licensing_servers' => 
  array (
    0 => 'https://dashboard.wpreset.com/api/',
  ),
  'version' => '2.04',
  'slug' => 'wp-reset',
  'basename' => 'wp-reset/wp-reset.php',
  'plugin_page' => 'tools_page_wp-reset',
  'plugin_file' => 'C:\\xampp\\htdocs\\studio02\\wp-content\\plugins\\wp-reset\\wp-reset.php',
  'js_folder' => 'http://localhost/studio02/wp-content/plugins/wp-reset//js/',
  'api_ver' => 'v1/',
  'valid_forever' => '2035-01-01',
  'unlimited_installs' => 99999,
  'debug' => true,
  'filesystem_initialized' => false,
)

[Fri, 28 Feb 2025 04:15:44 +0000] wpr: __construct
array (
  'prefix' => 'wpr',
  'licensing_servers' => 
  array (
    0 => 'https://dashboard.wpreset.com/api/',
  ),
  'version' => '2.04',
  'plugin_file' => 'C:\\xampp\\htdocs\\studio02\\wp-content\\plugins\\wp-reset\\wp-reset.php',
  'plugin_page' => 'tools_page_wp-reset',
  'skip_hooks' => false,
  'debug' => true,
  'js_folder' => 'http://localhost/studio02/wp-content/plugins/wp-reset//js/',
)
array (
  'prefix' => 'wpr',
  'licensing_servers' => 
  array (
    0 => 'https://dashboard.wpreset.com/api/',
  ),
  'version' => '2.04',
  'slug' => 'wp-reset',
  'basename' => 'wp-reset/wp-reset.php',
  'plugin_page' => 'tools_page_wp-reset',
  'plugin_file' => 'C:\\xampp\\htdocs\\studio02\\wp-content\\plugins\\wp-reset\\wp-reset.php',
  'js_folder' => 'http://localhost/studio02/wp-content/plugins/wp-reset//js/',
  'api_ver' => 'v1/',
  'valid_forever' => '2035-01-01',
  'unlimited_installs' => 99999,
  'debug' => true,
  'filesystem_initialized' => false,
)

[Fri, 28 Feb 2025 04:16:45 +0000] wpr: __construct
array (
  'prefix' => 'wpr',
  'licensing_servers' => 
  array (
    0 => 'https://dashboard.wpreset.com/api/',
  ),
  'version' => '2.04',
  'plugin_file' => 'C:\\xampp\\htdocs\\studio02\\wp-content\\plugins\\wp-reset\\wp-reset.php',
  'plugin_page' => 'tools_page_wp-reset',
  'skip_hooks' => false,
  'debug' => true,
  'js_folder' => 'http://localhost/studio02/wp-content/plugins/wp-reset//js/',
)
array (
  'prefix' => 'wpr',
  'licensing_servers' => 
  array (
    0 => 'https://dashboard.wpreset.com/api/',
  ),
  'version' => '2.04',
  'slug' => 'wp-reset',
  'basename' => 'wp-reset/wp-reset.php',
  'plugin_page' => 'tools_page_wp-reset',
  'plugin_file' => 'C:\\xampp\\htdocs\\studio02\\wp-content\\plugins\\wp-reset\\wp-reset.php',
  'js_folder' => 'http://localhost/studio02/wp-content/plugins/wp-reset//js/',
  'api_ver' => 'v1/',
  'valid_forever' => '2035-01-01',
  'unlimited_installs' => 99999,
  'debug' => true,
  'filesystem_initialized' => false,
)

[Fri, 28 Feb 2025 04:17:46 +0000] wpr: __construct
array (
  'prefix' => 'wpr',
  'licensing_servers' => 
  array (
    0 => 'https://dashboard.wpreset.com/api/',
  ),
  'version' => '2.04',
  'plugin_file' => 'C:\\xampp\\htdocs\\studio02\\wp-content\\plugins\\wp-reset\\wp-reset.php',
  'plugin_page' => 'tools_page_wp-reset',
  'skip_hooks' => false,
  'debug' => true,
  'js_folder' => 'http://localhost/studio02/wp-content/plugins/wp-reset//js/',
)
array (
  'prefix' => 'wpr',
  'licensing_servers' => 
  array (
    0 => 'https://dashboard.wpreset.com/api/',
  ),
  'version' => '2.04',
  'slug' => 'wp-reset',
  'basename' => 'wp-reset/wp-reset.php',
  'plugin_page' => 'tools_page_wp-reset',
  'plugin_file' => 'C:\\xampp\\htdocs\\studio02\\wp-content\\plugins\\wp-reset\\wp-reset.php',
  'js_folder' => 'http://localhost/studio02/wp-content/plugins/wp-reset//js/',
  'api_ver' => 'v1/',
  'valid_forever' => '2035-01-01',
  'unlimited_installs' => 99999,
  'debug' => true,
  'filesystem_initialized' => false,
)

[Fri, 28 Feb 2025 04:18:46 +0000] wpr: __construct
array (
  'prefix' => 'wpr',
  'licensing_servers' => 
  array (
    0 => 'https://dashboard.wpreset.com/api/',
  ),
  'version' => '2.04',
  'plugin_file' => 'C:\\xampp\\htdocs\\studio02\\wp-content\\plugins\\wp-reset\\wp-reset.php',
  'plugin_page' => 'tools_page_wp-reset',
  'skip_hooks' => false,
  'debug' => true,
  'js_folder' => 'http://localhost/studio02/wp-content/plugins/wp-reset//js/',
)
array (
  'prefix' => 'wpr',
  'licensing_servers' => 
  array (
    0 => 'https://dashboard.wpreset.com/api/',
  ),
  'version' => '2.04',
  'slug' => 'wp-reset',
  'basename' => 'wp-reset/wp-reset.php',
  'plugin_page' => 'tools_page_wp-reset',
  'plugin_file' => 'C:\\xampp\\htdocs\\studio02\\wp-content\\plugins\\wp-reset\\wp-reset.php',
  'js_folder' => 'http://localhost/studio02/wp-content/plugins/wp-reset//js/',
  'api_ver' => 'v1/',
  'valid_forever' => '2035-01-01',
  'unlimited_installs' => 99999,
  'debug' => true,
  'filesystem_initialized' => false,
)

[Fri, 28 Feb 2025 04:19:46 +0000] wpr: __construct
array (
  'prefix' => 'wpr',
  'licensing_servers' => 
  array (
    0 => 'https://dashboard.wpreset.com/api/',
  ),
  'version' => '2.04',
  'plugin_file' => 'C:\\xampp\\htdocs\\studio02\\wp-content\\plugins\\wp-reset\\wp-reset.php',
  'plugin_page' => 'tools_page_wp-reset',
  'skip_hooks' => false,
  'debug' => true,
  'js_folder' => 'http://localhost/studio02/wp-content/plugins/wp-reset//js/',
)
array (
  'prefix' => 'wpr',
  'licensing_servers' => 
  array (
    0 => 'https://dashboard.wpreset.com/api/',
  ),
  'version' => '2.04',
  'slug' => 'wp-reset',
  'basename' => 'wp-reset/wp-reset.php',
  'plugin_page' => 'tools_page_wp-reset',
  'plugin_file' => 'C:\\xampp\\htdocs\\studio02\\wp-content\\plugins\\wp-reset\\wp-reset.php',
  'js_folder' => 'http://localhost/studio02/wp-content/plugins/wp-reset//js/',
  'api_ver' => 'v1/',
  'valid_forever' => '2035-01-01',
  'unlimited_installs' => 99999,
  'debug' => true,
  'filesystem_initialized' => false,
)

[Fri, 28 Feb 2025 04:20:46 +0000] wpr: __construct
array (
  'prefix' => 'wpr',
  'licensing_servers' => 
  array (
    0 => 'https://dashboard.wpreset.com/api/',
  ),
  'version' => '2.04',
  'plugin_file' => 'C:\\xampp\\htdocs\\studio02\\wp-content\\plugins\\wp-reset\\wp-reset.php',
  'plugin_page' => 'tools_page_wp-reset',
  'skip_hooks' => false,
  'debug' => true,
  'js_folder' => 'http://localhost/studio02/wp-content/plugins/wp-reset//js/',
)
array (
  'prefix' => 'wpr',
  'licensing_servers' => 
  array (
    0 => 'https://dashboard.wpreset.com/api/',
  ),
  'version' => '2.04',
  'slug' => 'wp-reset',
  'basename' => 'wp-reset/wp-reset.php',
  'plugin_page' => 'tools_page_wp-reset',
  'plugin_file' => 'C:\\xampp\\htdocs\\studio02\\wp-content\\plugins\\wp-reset\\wp-reset.php',
  'js_folder' => 'http://localhost/studio02/wp-content/plugins/wp-reset//js/',
  'api_ver' => 'v1/',
  'valid_forever' => '2035-01-01',
  'unlimited_installs' => 99999,
  'debug' => true,
  'filesystem_initialized' => false,
)

[Fri, 28 Feb 2025 04:21:47 +0000] wpr: __construct
array (
  'prefix' => 'wpr',
  'licensing_servers' => 
  array (
    0 => 'https://dashboard.wpreset.com/api/',
  ),
  'version' => '2.04',
  'plugin_file' => 'C:\\xampp\\htdocs\\studio02\\wp-content\\plugins\\wp-reset\\wp-reset.php',
  'plugin_page' => 'tools_page_wp-reset',
  'skip_hooks' => false,
  'debug' => true,
  'js_folder' => 'http://localhost/studio02/wp-content/plugins/wp-reset//js/',
)
array (
  'prefix' => 'wpr',
  'licensing_servers' => 
  array (
    0 => 'https://dashboard.wpreset.com/api/',
  ),
  'version' => '2.04',
  'slug' => 'wp-reset',
  'basename' => 'wp-reset/wp-reset.php',
  'plugin_page' => 'tools_page_wp-reset',
  'plugin_file' => 'C:\\xampp\\htdocs\\studio02\\wp-content\\plugins\\wp-reset\\wp-reset.php',
  'js_folder' => 'http://localhost/studio02/wp-content/plugins/wp-reset//js/',
  'api_ver' => 'v1/',
  'valid_forever' => '2035-01-01',
  'unlimited_installs' => 99999,
  'debug' => true,
  'filesystem_initialized' => false,
)

[Fri, 28 Feb 2025 04:22:47 +0000] wpr: __construct
array (
  'prefix' => 'wpr',
  'licensing_servers' => 
  array (
    0 => 'https://dashboard.wpreset.com/api/',
  ),
  'version' => '2.04',
  'plugin_file' => 'C:\\xampp\\htdocs\\studio02\\wp-content\\plugins\\wp-reset\\wp-reset.php',
  'plugin_page' => 'tools_page_wp-reset',
  'skip_hooks' => false,
  'debug' => true,
  'js_folder' => 'http://localhost/studio02/wp-content/plugins/wp-reset//js/',
)
array (
  'prefix' => 'wpr',
  'licensing_servers' => 
  array (
    0 => 'https://dashboard.wpreset.com/api/',
  ),
  'version' => '2.04',
  'slug' => 'wp-reset',
  'basename' => 'wp-reset/wp-reset.php',
  'plugin_page' => 'tools_page_wp-reset',
  'plugin_file' => 'C:\\xampp\\htdocs\\studio02\\wp-content\\plugins\\wp-reset\\wp-reset.php',
  'js_folder' => 'http://localhost/studio02/wp-content/plugins/wp-reset//js/',
  'api_ver' => 'v1/',
  'valid_forever' => '2035-01-01',
  'unlimited_installs' => 99999,
  'debug' => true,
  'filesystem_initialized' => false,
)

[Fri, 28 Feb 2025 04:23:48 +0000] wpr: __construct
array (
  'prefix' => 'wpr',
  'licensing_servers' => 
  array (
    0 => 'https://dashboard.wpreset.com/api/',
  ),
  'version' => '2.04',
  'plugin_file' => 'C:\\xampp\\htdocs\\studio02\\wp-content\\plugins\\wp-reset\\wp-reset.php',
  'plugin_page' => 'tools_page_wp-reset',
  'skip_hooks' => false,
  'debug' => true,
  'js_folder' => 'http://localhost/studio02/wp-content/plugins/wp-reset//js/',
)
array (
  'prefix' => 'wpr',
  'licensing_servers' => 
  array (
    0 => 'https://dashboard.wpreset.com/api/',
  ),
  'version' => '2.04',
  'slug' => 'wp-reset',
  'basename' => 'wp-reset/wp-reset.php',
  'plugin_page' => 'tools_page_wp-reset',
  'plugin_file' => 'C:\\xampp\\htdocs\\studio02\\wp-content\\plugins\\wp-reset\\wp-reset.php',
  'js_folder' => 'http://localhost/studio02/wp-content/plugins/wp-reset//js/',
  'api_ver' => 'v1/',
  'valid_forever' => '2035-01-01',
  'unlimited_installs' => 99999,
  'debug' => true,
  'filesystem_initialized' => false,
)

[Fri, 28 Feb 2025 04:24:48 +0000] wpr: __construct
array (
  'prefix' => 'wpr',
  'licensing_servers' => 
  array (
    0 => 'https://dashboard.wpreset.com/api/',
  ),
  'version' => '2.04',
  'plugin_file' => 'C:\\xampp\\htdocs\\studio02\\wp-content\\plugins\\wp-reset\\wp-reset.php',
  'plugin_page' => 'tools_page_wp-reset',
  'skip_hooks' => false,
  'debug' => true,
  'js_folder' => 'http://localhost/studio02/wp-content/plugins/wp-reset//js/',
)
array (
  'prefix' => 'wpr',
  'licensing_servers' => 
  array (
    0 => 'https://dashboard.wpreset.com/api/',
  ),
  'version' => '2.04',
  'slug' => 'wp-reset',
  'basename' => 'wp-reset/wp-reset.php',
  'plugin_page' => 'tools_page_wp-reset',
  'plugin_file' => 'C:\\xampp\\htdocs\\studio02\\wp-content\\plugins\\wp-reset\\wp-reset.php',
  'js_folder' => 'http://localhost/studio02/wp-content/plugins/wp-reset//js/',
  'api_ver' => 'v1/',
  'valid_forever' => '2035-01-01',
  'unlimited_installs' => 99999,
  'debug' => true,
  'filesystem_initialized' => false,
)

[Fri, 28 Feb 2025 04:25:48 +0000] wpr: __construct
array (
  'prefix' => 'wpr',
  'licensing_servers' => 
  array (
    0 => 'https://dashboard.wpreset.com/api/',
  ),
  'version' => '2.04',
  'plugin_file' => 'C:\\xampp\\htdocs\\studio02\\wp-content\\plugins\\wp-reset\\wp-reset.php',
  'plugin_page' => 'tools_page_wp-reset',
  'skip_hooks' => false,
  'debug' => true,
  'js_folder' => 'http://localhost/studio02/wp-content/plugins/wp-reset//js/',
)
array (
  'prefix' => 'wpr',
  'licensing_servers' => 
  array (
    0 => 'https://dashboard.wpreset.com/api/',
  ),
  'version' => '2.04',
  'slug' => 'wp-reset',
  'basename' => 'wp-reset/wp-reset.php',
  'plugin_page' => 'tools_page_wp-reset',
  'plugin_file' => 'C:\\xampp\\htdocs\\studio02\\wp-content\\plugins\\wp-reset\\wp-reset.php',
  'js_folder' => 'http://localhost/studio02/wp-content/plugins/wp-reset//js/',
  'api_ver' => 'v1/',
  'valid_forever' => '2035-01-01',
  'unlimited_installs' => 99999,
  'debug' => true,
  'filesystem_initialized' => false,
)

[Fri, 28 Feb 2025 04:26:49 +0000] wpr: __construct
array (
  'prefix' => 'wpr',
  'licensing_servers' => 
  array (
    0 => 'https://dashboard.wpreset.com/api/',
  ),
  'version' => '2.04',
  'plugin_file' => 'C:\\xampp\\htdocs\\studio02\\wp-content\\plugins\\wp-reset\\wp-reset.php',
  'plugin_page' => 'tools_page_wp-reset',
  'skip_hooks' => false,
  'debug' => true,
  'js_folder' => 'http://localhost/studio02/wp-content/plugins/wp-reset//js/',
)
array (
  'prefix' => 'wpr',
  'licensing_servers' => 
  array (
    0 => 'https://dashboard.wpreset.com/api/',
  ),
  'version' => '2.04',
  'slug' => 'wp-reset',
  'basename' => 'wp-reset/wp-reset.php',
  'plugin_page' => 'tools_page_wp-reset',
  'plugin_file' => 'C:\\xampp\\htdocs\\studio02\\wp-content\\plugins\\wp-reset\\wp-reset.php',
  'js_folder' => 'http://localhost/studio02/wp-content/plugins/wp-reset//js/',
  'api_ver' => 'v1/',
  'valid_forever' => '2035-01-01',
  'unlimited_installs' => 99999,
  'debug' => true,
  'filesystem_initialized' => false,
)

[Fri, 28 Feb 2025 04:27:50 +0000] wpr: __construct
array (
  'prefix' => 'wpr',
  'licensing_servers' => 
  array (
    0 => 'https://dashboard.wpreset.com/api/',
  ),
  'version' => '2.04',
  'plugin_file' => 'C:\\xampp\\htdocs\\studio02\\wp-content\\plugins\\wp-reset\\wp-reset.php',
  'plugin_page' => 'tools_page_wp-reset',
  'skip_hooks' => false,
  'debug' => true,
  'js_folder' => 'http://localhost/studio02/wp-content/plugins/wp-reset//js/',
)
array (
  'prefix' => 'wpr',
  'licensing_servers' => 
  array (
    0 => 'https://dashboard.wpreset.com/api/',
  ),
  'version' => '2.04',
  'slug' => 'wp-reset',
  'basename' => 'wp-reset/wp-reset.php',
  'plugin_page' => 'tools_page_wp-reset',
  'plugin_file' => 'C:\\xampp\\htdocs\\studio02\\wp-content\\plugins\\wp-reset\\wp-reset.php',
  'js_folder' => 'http://localhost/studio02/wp-content/plugins/wp-reset//js/',
  'api_ver' => 'v1/',
  'valid_forever' => '2035-01-01',
  'unlimited_installs' => 99999,
  'debug' => true,
  'filesystem_initialized' => false,
)

[Fri, 28 Feb 2025 04:27:53 +0000] wpr: __construct
array (
  'prefix' => 'wpr',
  'licensing_servers' => 
  array (
    0 => 'https://dashboard.wpreset.com/api/',
  ),
  'version' => '2.04',
  'plugin_file' => 'C:\\xampp\\htdocs\\studio02\\wp-content\\plugins\\wp-reset\\wp-reset.php',
  'plugin_page' => 'tools_page_wp-reset',
  'skip_hooks' => false,
  'debug' => true,
  'js_folder' => 'http://localhost/studio02/wp-content/plugins/wp-reset//js/',
)
array (
  'prefix' => 'wpr',
  'licensing_servers' => 
  array (
    0 => 'https://dashboard.wpreset.com/api/',
  ),
  'version' => '2.04',
  'slug' => 'wp-reset',
  'basename' => 'wp-reset/wp-reset.php',
  'plugin_page' => 'tools_page_wp-reset',
  'plugin_file' => 'C:\\xampp\\htdocs\\studio02\\wp-content\\plugins\\wp-reset\\wp-reset.php',
  'js_folder' => 'http://localhost/studio02/wp-content/plugins/wp-reset//js/',
  'api_ver' => 'v1/',
  'valid_forever' => '2035-01-01',
  'unlimited_installs' => 99999,
  'debug' => true,
  'filesystem_initialized' => false,
)

[Fri, 28 Feb 2025 04:27:55 +0000] wpr: __construct
array (
  'prefix' => 'wpr',
  'licensing_servers' => 
  array (
    0 => 'https://dashboard.wpreset.com/api/',
  ),
  'version' => '2.04',
  'plugin_file' => 'C:\\xampp\\htdocs\\studio02\\wp-content\\plugins\\wp-reset\\wp-reset.php',
  'plugin_page' => 'tools_page_wp-reset',
  'skip_hooks' => false,
  'debug' => true,
  'js_folder' => 'http://localhost/studio02/wp-content/plugins/wp-reset//js/',
)
array (
  'prefix' => 'wpr',
  'licensing_servers' => 
  array (
    0 => 'https://dashboard.wpreset.com/api/',
  ),
  'version' => '2.04',
  'slug' => 'wp-reset',
  'basename' => 'wp-reset/wp-reset.php',
  'plugin_page' => 'tools_page_wp-reset',
  'plugin_file' => 'C:\\xampp\\htdocs\\studio02\\wp-content\\plugins\\wp-reset\\wp-reset.php',
  'js_folder' => 'http://localhost/studio02/wp-content/plugins/wp-reset//js/',
  'api_ver' => 'v1/',
  'valid_forever' => '2035-01-01',
  'unlimited_installs' => 99999,
  'debug' => true,
  'filesystem_initialized' => false,
)

[Fri, 28 Feb 2025 04:28:40 +0000] wpr: __construct
array (
  'prefix' => 'wpr',
  'licensing_servers' => 
  array (
    0 => 'https://dashboard.wpreset.com/api/',
  ),
  'version' => '2.04',
  'plugin_file' => 'C:\\xampp\\htdocs\\studio02\\wp-content\\plugins\\wp-reset\\wp-reset.php',
  'plugin_page' => 'tools_page_wp-reset',
  'skip_hooks' => false,
  'debug' => true,
  'js_folder' => 'http://localhost/studio02/wp-content/plugins/wp-reset//js/',
)
array (
  'prefix' => 'wpr',
  'licensing_servers' => 
  array (
    0 => 'https://dashboard.wpreset.com/api/',
  ),
  'version' => '2.04',
  'slug' => 'wp-reset',
  'basename' => 'wp-reset/wp-reset.php',
  'plugin_page' => 'tools_page_wp-reset',
  'plugin_file' => 'C:\\xampp\\htdocs\\studio02\\wp-content\\plugins\\wp-reset\\wp-reset.php',
  'js_folder' => 'http://localhost/studio02/wp-content/plugins/wp-reset//js/',
  'api_ver' => 'v1/',
  'valid_forever' => '2035-01-01',
  'unlimited_installs' => 99999,
  'debug' => true,
  'filesystem_initialized' => false,
)

[Fri, 28 Feb 2025 04:28:41 +0000] wpr: __construct
array (
  'prefix' => 'wpr',
  'licensing_servers' => 
  array (
    0 => 'https://dashboard.wpreset.com/api/',
  ),
  'version' => '2.04',
  'plugin_file' => 'C:\\xampp\\htdocs\\studio02\\wp-content\\plugins\\wp-reset\\wp-reset.php',
  'plugin_page' => 'tools_page_wp-reset',
  'skip_hooks' => false,
  'debug' => true,
  'js_folder' => 'http://localhost/studio02/wp-content/plugins/wp-reset//js/',
)
array (
  'prefix' => 'wpr',
  'licensing_servers' => 
  array (
    0 => 'https://dashboard.wpreset.com/api/',
  ),
  'version' => '2.04',
  'slug' => 'wp-reset',
  'basename' => 'wp-reset/wp-reset.php',
  'plugin_page' => 'tools_page_wp-reset',
  'plugin_file' => 'C:\\xampp\\htdocs\\studio02\\wp-content\\plugins\\wp-reset\\wp-reset.php',
  'js_folder' => 'http://localhost/studio02/wp-content/plugins/wp-reset//js/',
  'api_ver' => 'v1/',
  'valid_forever' => '2035-01-01',
  'unlimited_installs' => 99999,
  'debug' => true,
  'filesystem_initialized' => false,
)

[Fri, 28 Feb 2025 04:29:06 +0000] wpr: __construct
array (
  'prefix' => 'wpr',
  'licensing_servers' => 
  array (
    0 => 'https://dashboard.wpreset.com/api/',
  ),
  'version' => '2.04',
  'plugin_file' => 'C:\\xampp\\htdocs\\studio02\\wp-content\\plugins\\wp-reset\\wp-reset.php',
  'plugin_page' => 'tools_page_wp-reset',
  'skip_hooks' => false,
  'debug' => true,
  'js_folder' => 'http://localhost/studio02/wp-content/plugins/wp-reset//js/',
)
array (
  'prefix' => 'wpr',
  'licensing_servers' => 
  array (
    0 => 'https://dashboard.wpreset.com/api/',
  ),
  'version' => '2.04',
  'slug' => 'wp-reset',
  'basename' => 'wp-reset/wp-reset.php',
  'plugin_page' => 'tools_page_wp-reset',
  'plugin_file' => 'C:\\xampp\\htdocs\\studio02\\wp-content\\plugins\\wp-reset\\wp-reset.php',
  'js_folder' => 'http://localhost/studio02/wp-content/plugins/wp-reset//js/',
  'api_ver' => 'v1/',
  'valid_forever' => '2035-01-01',
  'unlimited_installs' => 99999,
  'debug' => true,
  'filesystem_initialized' => false,
)

[Fri, 28 Feb 2025 04:29:07 +0000] wpr: __construct
array (
  'prefix' => 'wpr',
  'licensing_servers' => 
  array (
    0 => 'https://dashboard.wpreset.com/api/',
  ),
  'version' => '2.04',
  'plugin_file' => 'C:\\xampp\\htdocs\\studio02\\wp-content\\plugins\\wp-reset\\wp-reset.php',
  'plugin_page' => 'tools_page_wp-reset',
  'skip_hooks' => false,
  'debug' => true,
  'js_folder' => 'http://localhost/studio02/wp-content/plugins/wp-reset//js/',
)
array (
  'prefix' => 'wpr',
  'licensing_servers' => 
  array (
    0 => 'https://dashboard.wpreset.com/api/',
  ),
  'version' => '2.04',
  'slug' => 'wp-reset',
  'basename' => 'wp-reset/wp-reset.php',
  'plugin_page' => 'tools_page_wp-reset',
  'plugin_file' => 'C:\\xampp\\htdocs\\studio02\\wp-content\\plugins\\wp-reset\\wp-reset.php',
  'js_folder' => 'http://localhost/studio02/wp-content/plugins/wp-reset//js/',
  'api_ver' => 'v1/',
  'valid_forever' => '2035-01-01',
  'unlimited_installs' => 99999,
  'debug' => true,
  'filesystem_initialized' => false,
)

[Fri, 28 Feb 2025 04:29:24 +0000] wpr: __construct
array (
  'prefix' => 'wpr',
  'licensing_servers' => 
  array (
    0 => 'https://dashboard.wpreset.com/api/',
  ),
  'version' => '2.04',
  'plugin_file' => 'C:\\xampp\\htdocs\\studio02\\wp-content\\plugins\\wp-reset\\wp-reset.php',
  'plugin_page' => 'tools_page_wp-reset',
  'skip_hooks' => false,
  'debug' => true,
  'js_folder' => 'http://localhost/studio02/wp-content/plugins/wp-reset//js/',
)
array (
  'prefix' => 'wpr',
  'licensing_servers' => 
  array (
    0 => 'https://dashboard.wpreset.com/api/',
  ),
  'version' => '2.04',
  'slug' => 'wp-reset',
  'basename' => 'wp-reset/wp-reset.php',
  'plugin_page' => 'tools_page_wp-reset',
  'plugin_file' => 'C:\\xampp\\htdocs\\studio02\\wp-content\\plugins\\wp-reset\\wp-reset.php',
  'js_folder' => 'http://localhost/studio02/wp-content/plugins/wp-reset//js/',
  'api_ver' => 'v1/',
  'valid_forever' => '2035-01-01',
  'unlimited_installs' => 99999,
  'debug' => true,
  'filesystem_initialized' => false,
)

[Fri, 28 Feb 2025 04:29:28 +0000] wpr: __construct
array (
  'prefix' => 'wpr',
  'licensing_servers' => 
  array (
    0 => 'https://dashboard.wpreset.com/api/',
  ),
  'version' => '2.04',
  'plugin_file' => 'C:\\xampp\\htdocs\\studio02\\wp-content\\plugins\\wp-reset\\wp-reset.php',
  'plugin_page' => 'tools_page_wp-reset',
  'skip_hooks' => false,
  'debug' => true,
  'js_folder' => 'http://localhost/studio02/wp-content/plugins/wp-reset//js/',
)
array (
  'prefix' => 'wpr',
  'licensing_servers' => 
  array (
    0 => 'https://dashboard.wpreset.com/api/',
  ),
  'version' => '2.04',
  'slug' => 'wp-reset',
  'basename' => 'wp-reset/wp-reset.php',
  'plugin_page' => 'tools_page_wp-reset',
  'plugin_file' => 'C:\\xampp\\htdocs\\studio02\\wp-content\\plugins\\wp-reset\\wp-reset.php',
  'js_folder' => 'http://localhost/studio02/wp-content/plugins/wp-reset//js/',
  'api_ver' => 'v1/',
  'valid_forever' => '2035-01-01',
  'unlimited_installs' => 99999,
  'debug' => true,
  'filesystem_initialized' => false,
)

[Fri, 28 Feb 2025 04:29:29 +0000] wpr: __construct
array (
  'prefix' => 'wpr',
  'licensing_servers' => 
  array (
    0 => 'https://dashboard.wpreset.com/api/',
  ),
  'version' => '2.04',
  'plugin_file' => 'C:\\xampp\\htdocs\\studio02\\wp-content\\plugins\\wp-reset\\wp-reset.php',
  'plugin_page' => 'tools_page_wp-reset',
  'skip_hooks' => false,
  'debug' => true,
  'js_folder' => 'http://localhost/studio02/wp-content/plugins/wp-reset//js/',
)
array (
  'prefix' => 'wpr',
  'licensing_servers' => 
  array (
    0 => 'https://dashboard.wpreset.com/api/',
  ),
  'version' => '2.04',
  'slug' => 'wp-reset',
  'basename' => 'wp-reset/wp-reset.php',
  'plugin_page' => 'tools_page_wp-reset',
  'plugin_file' => 'C:\\xampp\\htdocs\\studio02\\wp-content\\plugins\\wp-reset\\wp-reset.php',
  'js_folder' => 'http://localhost/studio02/wp-content/plugins/wp-reset//js/',
  'api_ver' => 'v1/',
  'valid_forever' => '2035-01-01',
  'unlimited_installs' => 99999,
  'debug' => true,
  'filesystem_initialized' => false,
)

[Fri, 28 Feb 2025 04:29:31 +0000] wpr: __construct
array (
  'prefix' => 'wpr',
  'licensing_servers' => 
  array (
    0 => 'https://dashboard.wpreset.com/api/',
  ),
  'version' => '2.04',
  'plugin_file' => 'C:\\xampp\\htdocs\\studio02\\wp-content\\plugins\\wp-reset\\wp-reset.php',
  'plugin_page' => 'tools_page_wp-reset',
  'skip_hooks' => false,
  'debug' => true,
  'js_folder' => 'http://localhost/studio02/wp-content/plugins/wp-reset//js/',
)
array (
  'prefix' => 'wpr',
  'licensing_servers' => 
  array (
    0 => 'https://dashboard.wpreset.com/api/',
  ),
  'version' => '2.04',
  'slug' => 'wp-reset',
  'basename' => 'wp-reset/wp-reset.php',
  'plugin_page' => 'tools_page_wp-reset',
  'plugin_file' => 'C:\\xampp\\htdocs\\studio02\\wp-content\\plugins\\wp-reset\\wp-reset.php',
  'js_folder' => 'http://localhost/studio02/wp-content/plugins/wp-reset//js/',
  'api_ver' => 'v1/',
  'valid_forever' => '2035-01-01',
  'unlimited_installs' => 99999,
  'debug' => true,
  'filesystem_initialized' => false,
)

[Fri, 28 Feb 2025 04:29:39 +0000] wpr: __construct
array (
  'prefix' => 'wpr',
  'licensing_servers' => 
  array (
    0 => 'https://dashboard.wpreset.com/api/',
  ),
  'version' => '2.04',
  'plugin_file' => 'C:\\xampp\\htdocs\\studio02\\wp-content\\plugins\\wp-reset\\wp-reset.php',
  'plugin_page' => 'tools_page_wp-reset',
  'skip_hooks' => false,
  'debug' => true,
  'js_folder' => 'http://localhost/studio02/wp-content/plugins/wp-reset//js/',
)
array (
  'prefix' => 'wpr',
  'licensing_servers' => 
  array (
    0 => 'https://dashboard.wpreset.com/api/',
  ),
  'version' => '2.04',
  'slug' => 'wp-reset',
  'basename' => 'wp-reset/wp-reset.php',
  'plugin_page' => 'tools_page_wp-reset',
  'plugin_file' => 'C:\\xampp\\htdocs\\studio02\\wp-content\\plugins\\wp-reset\\wp-reset.php',
  'js_folder' => 'http://localhost/studio02/wp-content/plugins/wp-reset//js/',
  'api_ver' => 'v1/',
  'valid_forever' => '2035-01-01',
  'unlimited_installs' => 99999,
  'debug' => true,
  'filesystem_initialized' => false,
)

[Fri, 28 Feb 2025 04:29:40 +0000] wpr: __construct
array (
  'prefix' => 'wpr',
  'licensing_servers' => 
  array (
    0 => 'https://dashboard.wpreset.com/api/',
  ),
  'version' => '2.04',
  'plugin_file' => 'C:\\xampp\\htdocs\\studio02\\wp-content\\plugins\\wp-reset\\wp-reset.php',
  'plugin_page' => 'tools_page_wp-reset',
  'skip_hooks' => false,
  'debug' => true,
  'js_folder' => 'http://localhost/studio02/wp-content/plugins/wp-reset//js/',
)
array (
  'prefix' => 'wpr',
  'licensing_servers' => 
  array (
    0 => 'https://dashboard.wpreset.com/api/',
  ),
  'version' => '2.04',
  'slug' => 'wp-reset',
  'basename' => 'wp-reset/wp-reset.php',
  'plugin_page' => 'tools_page_wp-reset',
  'plugin_file' => 'C:\\xampp\\htdocs\\studio02\\wp-content\\plugins\\wp-reset\\wp-reset.php',
  'js_folder' => 'http://localhost/studio02/wp-content/plugins/wp-reset//js/',
  'api_ver' => 'v1/',
  'valid_forever' => '2035-01-01',
  'unlimited_installs' => 99999,
  'debug' => true,
  'filesystem_initialized' => false,
)

[Fri, 28 Feb 2025 04:29:55 +0000] wpr: __construct
array (
  'prefix' => 'wpr',
  'licensing_servers' => 
  array (
    0 => 'https://dashboard.wpreset.com/api/',
  ),
  'version' => '2.04',
  'plugin_file' => 'C:\\xampp\\htdocs\\studio02\\wp-content\\plugins\\wp-reset\\wp-reset.php',
  'plugin_page' => 'tools_page_wp-reset',
  'skip_hooks' => false,
  'debug' => true,
  'js_folder' => 'http://localhost/studio02/wp-content/plugins/wp-reset//js/',
)
array (
  'prefix' => 'wpr',
  'licensing_servers' => 
  array (
    0 => 'https://dashboard.wpreset.com/api/',
  ),
  'version' => '2.04',
  'slug' => 'wp-reset',
  'basename' => 'wp-reset/wp-reset.php',
  'plugin_page' => 'tools_page_wp-reset',
  'plugin_file' => 'C:\\xampp\\htdocs\\studio02\\wp-content\\plugins\\wp-reset\\wp-reset.php',
  'js_folder' => 'http://localhost/studio02/wp-content/plugins/wp-reset//js/',
  'api_ver' => 'v1/',
  'valid_forever' => '2035-01-01',
  'unlimited_installs' => 99999,
  'debug' => true,
  'filesystem_initialized' => false,
)

[Fri, 28 Feb 2025 04:29:57 +0000] wpr: __construct
array (
  'prefix' => 'wpr',
  'licensing_servers' => 
  array (
    0 => 'https://dashboard.wpreset.com/api/',
  ),
  'version' => '2.04',
  'plugin_file' => 'C:\\xampp\\htdocs\\studio02\\wp-content\\plugins\\wp-reset\\wp-reset.php',
  'plugin_page' => 'tools_page_wp-reset',
  'skip_hooks' => false,
  'debug' => true,
  'js_folder' => 'http://localhost/studio02/wp-content/plugins/wp-reset//js/',
)
array (
  'prefix' => 'wpr',
  'licensing_servers' => 
  array (
    0 => 'https://dashboard.wpreset.com/api/',
  ),
  'version' => '2.04',
  'slug' => 'wp-reset',
  'basename' => 'wp-reset/wp-reset.php',
  'plugin_page' => 'tools_page_wp-reset',
  'plugin_file' => 'C:\\xampp\\htdocs\\studio02\\wp-content\\plugins\\wp-reset\\wp-reset.php',
  'js_folder' => 'http://localhost/studio02/wp-content/plugins/wp-reset//js/',
  'api_ver' => 'v1/',
  'valid_forever' => '2035-01-01',
  'unlimited_installs' => 99999,
  'debug' => true,
  'filesystem_initialized' => false,
)

[Fri, 28 Feb 2025 04:30:01 +0000] wpr: __construct
array (
  'prefix' => 'wpr',
  'licensing_servers' => 
  array (
    0 => 'https://dashboard.wpreset.com/api/',
  ),
  'version' => '2.04',
  'plugin_file' => 'C:\\xampp\\htdocs\\studio02\\wp-content\\plugins\\wp-reset\\wp-reset.php',
  'plugin_page' => 'tools_page_wp-reset',
  'skip_hooks' => false,
  'debug' => true,
  'js_folder' => 'http://localhost/studio02/wp-content/plugins/wp-reset//js/',
)
array (
  'prefix' => 'wpr',
  'licensing_servers' => 
  array (
    0 => 'https://dashboard.wpreset.com/api/',
  ),
  'version' => '2.04',
  'slug' => 'wp-reset',
  'basename' => 'wp-reset/wp-reset.php',
  'plugin_page' => 'tools_page_wp-reset',
  'plugin_file' => 'C:\\xampp\\htdocs\\studio02\\wp-content\\plugins\\wp-reset\\wp-reset.php',
  'js_folder' => 'http://localhost/studio02/wp-content/plugins/wp-reset//js/',
  'api_ver' => 'v1/',
  'valid_forever' => '2035-01-01',
  'unlimited_installs' => 99999,
  'debug' => true,
  'filesystem_initialized' => false,
)

[Fri, 28 Feb 2025 04:30:59 +0000] wpr: __construct
array (
  'prefix' => 'wpr',
  'licensing_servers' => 
  array (
    0 => 'https://dashboard.wpreset.com/api/',
  ),
  'version' => '2.04',
  'plugin_file' => 'C:\\xampp\\htdocs\\studio02\\wp-content\\plugins\\wp-reset\\wp-reset.php',
  'plugin_page' => 'tools_page_wp-reset',
  'skip_hooks' => false,
  'debug' => true,
  'js_folder' => 'http://localhost/studio02/wp-content/plugins/wp-reset//js/',
)
array (
  'prefix' => 'wpr',
  'licensing_servers' => 
  array (
    0 => 'https://dashboard.wpreset.com/api/',
  ),
  'version' => '2.04',
  'slug' => 'wp-reset',
  'basename' => 'wp-reset/wp-reset.php',
  'plugin_page' => 'tools_page_wp-reset',
  'plugin_file' => 'C:\\xampp\\htdocs\\studio02\\wp-content\\plugins\\wp-reset\\wp-reset.php',
  'js_folder' => 'http://localhost/studio02/wp-content/plugins/wp-reset//js/',
  'api_ver' => 'v1/',
  'valid_forever' => '2035-01-01',
  'unlimited_installs' => 99999,
  'debug' => true,
  'filesystem_initialized' => false,
)

[Fri, 28 Feb 2025 04:31:58 +0000] wpr: __construct
array (
  'prefix' => 'wpr',
  'licensing_servers' => 
  array (
    0 => 'https://dashboard.wpreset.com/api/',
  ),
  'version' => '2.04',
  'plugin_file' => 'C:\\xampp\\htdocs\\studio02\\wp-content\\plugins\\wp-reset\\wp-reset.php',
  'plugin_page' => 'tools_page_wp-reset',
  'skip_hooks' => false,
  'debug' => true,
  'js_folder' => 'http://localhost/studio02/wp-content/plugins/wp-reset//js/',
)
array (
  'prefix' => 'wpr',
  'licensing_servers' => 
  array (
    0 => 'https://dashboard.wpreset.com/api/',
  ),
  'version' => '2.04',
  'slug' => 'wp-reset',
  'basename' => 'wp-reset/wp-reset.php',
  'plugin_page' => 'tools_page_wp-reset',
  'plugin_file' => 'C:\\xampp\\htdocs\\studio02\\wp-content\\plugins\\wp-reset\\wp-reset.php',
  'js_folder' => 'http://localhost/studio02/wp-content/plugins/wp-reset//js/',
  'api_ver' => 'v1/',
  'valid_forever' => '2035-01-01',
  'unlimited_installs' => 99999,
  'debug' => true,
  'filesystem_initialized' => false,
)

[Fri, 28 Feb 2025 04:32:59 +0000] wpr: __construct
array (
  'prefix' => 'wpr',
  'licensing_servers' => 
  array (
    0 => 'https://dashboard.wpreset.com/api/',
  ),
  'version' => '2.04',
  'plugin_file' => 'C:\\xampp\\htdocs\\studio02\\wp-content\\plugins\\wp-reset\\wp-reset.php',
  'plugin_page' => 'tools_page_wp-reset',
  'skip_hooks' => false,
  'debug' => true,
  'js_folder' => 'http://localhost/studio02/wp-content/plugins/wp-reset//js/',
)
array (
  'prefix' => 'wpr',
  'licensing_servers' => 
  array (
    0 => 'https://dashboard.wpreset.com/api/',
  ),
  'version' => '2.04',
  'slug' => 'wp-reset',
  'basename' => 'wp-reset/wp-reset.php',
  'plugin_page' => 'tools_page_wp-reset',
  'plugin_file' => 'C:\\xampp\\htdocs\\studio02\\wp-content\\plugins\\wp-reset\\wp-reset.php',
  'js_folder' => 'http://localhost/studio02/wp-content/plugins/wp-reset//js/',
  'api_ver' => 'v1/',
  'valid_forever' => '2035-01-01',
  'unlimited_installs' => 99999,
  'debug' => true,
  'filesystem_initialized' => false,
)

[Fri, 28 Feb 2025 04:33:58 +0000] wpr: __construct
array (
  'prefix' => 'wpr',
  'licensing_servers' => 
  array (
    0 => 'https://dashboard.wpreset.com/api/',
  ),
  'version' => '2.04',
  'plugin_file' => 'C:\\xampp\\htdocs\\studio02\\wp-content\\plugins\\wp-reset\\wp-reset.php',
  'plugin_page' => 'tools_page_wp-reset',
  'skip_hooks' => false,
  'debug' => true,
  'js_folder' => 'http://localhost/studio02/wp-content/plugins/wp-reset//js/',
)
array (
  'prefix' => 'wpr',
  'licensing_servers' => 
  array (
    0 => 'https://dashboard.wpreset.com/api/',
  ),
  'version' => '2.04',
  'slug' => 'wp-reset',
  'basename' => 'wp-reset/wp-reset.php',
  'plugin_page' => 'tools_page_wp-reset',
  'plugin_file' => 'C:\\xampp\\htdocs\\studio02\\wp-content\\plugins\\wp-reset\\wp-reset.php',
  'js_folder' => 'http://localhost/studio02/wp-content/plugins/wp-reset//js/',
  'api_ver' => 'v1/',
  'valid_forever' => '2035-01-01',
  'unlimited_installs' => 99999,
  'debug' => true,
  'filesystem_initialized' => false,
)

[Fri, 28 Feb 2025 04:34:58 +0000] wpr: __construct
array (
  'prefix' => 'wpr',
  'licensing_servers' => 
  array (
    0 => 'https://dashboard.wpreset.com/api/',
  ),
  'version' => '2.04',
  'plugin_file' => 'C:\\xampp\\htdocs\\studio02\\wp-content\\plugins\\wp-reset\\wp-reset.php',
  'plugin_page' => 'tools_page_wp-reset',
  'skip_hooks' => false,
  'debug' => true,
  'js_folder' => 'http://localhost/studio02/wp-content/plugins/wp-reset//js/',
)
array (
  'prefix' => 'wpr',
  'licensing_servers' => 
  array (
    0 => 'https://dashboard.wpreset.com/api/',
  ),
  'version' => '2.04',
  'slug' => 'wp-reset',
  'basename' => 'wp-reset/wp-reset.php',
  'plugin_page' => 'tools_page_wp-reset',
  'plugin_file' => 'C:\\xampp\\htdocs\\studio02\\wp-content\\plugins\\wp-reset\\wp-reset.php',
  'js_folder' => 'http://localhost/studio02/wp-content/plugins/wp-reset//js/',
  'api_ver' => 'v1/',
  'valid_forever' => '2035-01-01',
  'unlimited_installs' => 99999,
  'debug' => true,
  'filesystem_initialized' => false,
)

[Fri, 28 Feb 2025 04:35:59 +0000] wpr: __construct
array (
  'prefix' => 'wpr',
  'licensing_servers' => 
  array (
    0 => 'https://dashboard.wpreset.com/api/',
  ),
  'version' => '2.04',
  'plugin_file' => 'C:\\xampp\\htdocs\\studio02\\wp-content\\plugins\\wp-reset\\wp-reset.php',
  'plugin_page' => 'tools_page_wp-reset',
  'skip_hooks' => false,
  'debug' => true,
  'js_folder' => 'http://localhost/studio02/wp-content/plugins/wp-reset//js/',
)
array (
  'prefix' => 'wpr',
  'licensing_servers' => 
  array (
    0 => 'https://dashboard.wpreset.com/api/',
  ),
  'version' => '2.04',
  'slug' => 'wp-reset',
  'basename' => 'wp-reset/wp-reset.php',
  'plugin_page' => 'tools_page_wp-reset',
  'plugin_file' => 'C:\\xampp\\htdocs\\studio02\\wp-content\\plugins\\wp-reset\\wp-reset.php',
  'js_folder' => 'http://localhost/studio02/wp-content/plugins/wp-reset//js/',
  'api_ver' => 'v1/',
  'valid_forever' => '2035-01-01',
  'unlimited_installs' => 99999,
  'debug' => true,
  'filesystem_initialized' => false,
)

[Fri, 28 Feb 2025 04:36:59 +0000] wpr: __construct
array (
  'prefix' => 'wpr',
  'licensing_servers' => 
  array (
    0 => 'https://dashboard.wpreset.com/api/',
  ),
  'version' => '2.04',
  'plugin_file' => 'C:\\xampp\\htdocs\\studio02\\wp-content\\plugins\\wp-reset\\wp-reset.php',
  'plugin_page' => 'tools_page_wp-reset',
  'skip_hooks' => false,
  'debug' => true,
  'js_folder' => 'http://localhost/studio02/wp-content/plugins/wp-reset//js/',
)
array (
  'prefix' => 'wpr',
  'licensing_servers' => 
  array (
    0 => 'https://dashboard.wpreset.com/api/',
  ),
  'version' => '2.04',
  'slug' => 'wp-reset',
  'basename' => 'wp-reset/wp-reset.php',
  'plugin_page' => 'tools_page_wp-reset',
  'plugin_file' => 'C:\\xampp\\htdocs\\studio02\\wp-content\\plugins\\wp-reset\\wp-reset.php',
  'js_folder' => 'http://localhost/studio02/wp-content/plugins/wp-reset//js/',
  'api_ver' => 'v1/',
  'valid_forever' => '2035-01-01',
  'unlimited_installs' => 99999,
  'debug' => true,
  'filesystem_initialized' => false,
)

[Fri, 28 Feb 2025 04:37:26 +0000] wpr: __construct
array (
  'prefix' => 'wpr',
  'licensing_servers' => 
  array (
    0 => 'https://dashboard.wpreset.com/api/',
  ),
  'version' => '2.04',
  'plugin_file' => 'C:\\xampp\\htdocs\\studio02\\wp-content\\plugins\\wp-reset\\wp-reset.php',
  'plugin_page' => 'tools_page_wp-reset',
  'skip_hooks' => false,
  'debug' => true,
  'js_folder' => 'http://localhost/studio02/wp-content/plugins/wp-reset//js/',
)
array (
  'prefix' => 'wpr',
  'licensing_servers' => 
  array (
    0 => 'https://dashboard.wpreset.com/api/',
  ),
  'version' => '2.04',
  'slug' => 'wp-reset',
  'basename' => 'wp-reset/wp-reset.php',
  'plugin_page' => 'tools_page_wp-reset',
  'plugin_file' => 'C:\\xampp\\htdocs\\studio02\\wp-content\\plugins\\wp-reset\\wp-reset.php',
  'js_folder' => 'http://localhost/studio02/wp-content/plugins/wp-reset//js/',
  'api_ver' => 'v1/',
  'valid_forever' => '2035-01-01',
  'unlimited_installs' => 99999,
  'debug' => true,
  'filesystem_initialized' => false,
)

[Fri, 28 Feb 2025 04:38:19 +0000] wpr: __construct
array (
  'prefix' => 'wpr',
  'licensing_servers' => 
  array (
    0 => 'https://dashboard.wpreset.com/api/',
  ),
  'version' => '2.04',
  'plugin_file' => 'C:\\xampp\\htdocs\\studio02\\wp-content\\plugins\\wp-reset\\wp-reset.php',
  'plugin_page' => 'tools_page_wp-reset',
  'skip_hooks' => false,
  'debug' => true,
  'js_folder' => 'http://localhost/studio02/wp-content/plugins/wp-reset//js/',
)
array (
  'prefix' => 'wpr',
  'licensing_servers' => 
  array (
    0 => 'https://dashboard.wpreset.com/api/',
  ),
  'version' => '2.04',
  'slug' => 'wp-reset',
  'basename' => 'wp-reset/wp-reset.php',
  'plugin_page' => 'tools_page_wp-reset',
  'plugin_file' => 'C:\\xampp\\htdocs\\studio02\\wp-content\\plugins\\wp-reset\\wp-reset.php',
  'js_folder' => 'http://localhost/studio02/wp-content/plugins/wp-reset//js/',
  'api_ver' => 'v1/',
  'valid_forever' => '2035-01-01',
  'unlimited_installs' => 99999,
  'debug' => true,
  'filesystem_initialized' => false,
)

[Fri, 28 Feb 2025 04:39:19 +0000] wpr: __construct
array (
  'prefix' => 'wpr',
  'licensing_servers' => 
  array (
    0 => 'https://dashboard.wpreset.com/api/',
  ),
  'version' => '2.04',
  'plugin_file' => 'C:\\xampp\\htdocs\\studio02\\wp-content\\plugins\\wp-reset\\wp-reset.php',
  'plugin_page' => 'tools_page_wp-reset',
  'skip_hooks' => false,
  'debug' => true,
  'js_folder' => 'http://localhost/studio02/wp-content/plugins/wp-reset//js/',
)
array (
  'prefix' => 'wpr',
  'licensing_servers' => 
  array (
    0 => 'https://dashboard.wpreset.com/api/',
  ),
  'version' => '2.04',
  'slug' => 'wp-reset',
  'basename' => 'wp-reset/wp-reset.php',
  'plugin_page' => 'tools_page_wp-reset',
  'plugin_file' => 'C:\\xampp\\htdocs\\studio02\\wp-content\\plugins\\wp-reset\\wp-reset.php',
  'js_folder' => 'http://localhost/studio02/wp-content/plugins/wp-reset//js/',
  'api_ver' => 'v1/',
  'valid_forever' => '2035-01-01',
  'unlimited_installs' => 99999,
  'debug' => true,
  'filesystem_initialized' => false,
)

[Fri, 28 Feb 2025 04:40:46 +0000] wpr: __construct
array (
  'prefix' => 'wpr',
  'licensing_servers' => 
  array (
    0 => 'https://dashboard.wpreset.com/api/',
  ),
  'version' => '2.04',
  'plugin_file' => 'C:\\xampp\\htdocs\\studio02\\wp-content\\plugins\\wp-reset\\wp-reset.php',
  'plugin_page' => 'tools_page_wp-reset',
  'skip_hooks' => false,
  'debug' => true,
  'js_folder' => 'http://localhost/studio02/wp-content/plugins/wp-reset//js/',
)
array (
  'prefix' => 'wpr',
  'licensing_servers' => 
  array (
    0 => 'https://dashboard.wpreset.com/api/',
  ),
  'version' => '2.04',
  'slug' => 'wp-reset',
  'basename' => 'wp-reset/wp-reset.php',
  'plugin_page' => 'tools_page_wp-reset',
  'plugin_file' => 'C:\\xampp\\htdocs\\studio02\\wp-content\\plugins\\wp-reset\\wp-reset.php',
  'js_folder' => 'http://localhost/studio02/wp-content/plugins/wp-reset//js/',
  'api_ver' => 'v1/',
  'valid_forever' => '2035-01-01',
  'unlimited_installs' => 99999,
  'debug' => true,
  'filesystem_initialized' => false,
)

[Fri, 28 Feb 2025 04:41:46 +0000] wpr: __construct
array (
  'prefix' => 'wpr',
  'licensing_servers' => 
  array (
    0 => 'https://dashboard.wpreset.com/api/',
  ),
  'version' => '2.04',
  'plugin_file' => 'C:\\xampp\\htdocs\\studio02\\wp-content\\plugins\\wp-reset\\wp-reset.php',
  'plugin_page' => 'tools_page_wp-reset',
  'skip_hooks' => false,
  'debug' => true,
  'js_folder' => 'http://localhost/studio02/wp-content/plugins/wp-reset//js/',
)
array (
  'prefix' => 'wpr',
  'licensing_servers' => 
  array (
    0 => 'https://dashboard.wpreset.com/api/',
  ),
  'version' => '2.04',
  'slug' => 'wp-reset',
  'basename' => 'wp-reset/wp-reset.php',
  'plugin_page' => 'tools_page_wp-reset',
  'plugin_file' => 'C:\\xampp\\htdocs\\studio02\\wp-content\\plugins\\wp-reset\\wp-reset.php',
  'js_folder' => 'http://localhost/studio02/wp-content/plugins/wp-reset//js/',
  'api_ver' => 'v1/',
  'valid_forever' => '2035-01-01',
  'unlimited_installs' => 99999,
  'debug' => true,
  'filesystem_initialized' => false,
)

[Fri, 28 Feb 2025 04:42:06 +0000] wpr: __construct
array (
  'prefix' => 'wpr',
  'licensing_servers' => 
  array (
    0 => 'https://dashboard.wpreset.com/api/',
  ),
  'version' => '2.04',
  'plugin_file' => 'C:\\xampp\\htdocs\\studio02\\wp-content\\plugins\\wp-reset\\wp-reset.php',
  'plugin_page' => 'tools_page_wp-reset',
  'skip_hooks' => false,
  'debug' => true,
  'js_folder' => 'http://localhost/studio02/wp-content/plugins/wp-reset//js/',
)
array (
  'prefix' => 'wpr',
  'licensing_servers' => 
  array (
    0 => 'https://dashboard.wpreset.com/api/',
  ),
  'version' => '2.04',
  'slug' => 'wp-reset',
  'basename' => 'wp-reset/wp-reset.php',
  'plugin_page' => 'tools_page_wp-reset',
  'plugin_file' => 'C:\\xampp\\htdocs\\studio02\\wp-content\\plugins\\wp-reset\\wp-reset.php',
  'js_folder' => 'http://localhost/studio02/wp-content/plugins/wp-reset//js/',
  'api_ver' => 'v1/',
  'valid_forever' => '2035-01-01',
  'unlimited_installs' => 99999,
  'debug' => true,
  'filesystem_initialized' => false,
)

[Fri, 28 Feb 2025 04:42:14 +0000] wpr: __construct
array (
  'prefix' => 'wpr',
  'licensing_servers' => 
  array (
    0 => 'https://dashboard.wpreset.com/api/',
  ),
  'version' => '2.04',
  'plugin_file' => 'C:\\xampp\\htdocs\\studio02\\wp-content\\plugins\\wp-reset\\wp-reset.php',
  'plugin_page' => 'tools_page_wp-reset',
  'skip_hooks' => false,
  'debug' => true,
  'js_folder' => 'http://localhost/studio02/wp-content/plugins/wp-reset//js/',
)
array (
  'prefix' => 'wpr',
  'licensing_servers' => 
  array (
    0 => 'https://dashboard.wpreset.com/api/',
  ),
  'version' => '2.04',
  'slug' => 'wp-reset',
  'basename' => 'wp-reset/wp-reset.php',
  'plugin_page' => 'tools_page_wp-reset',
  'plugin_file' => 'C:\\xampp\\htdocs\\studio02\\wp-content\\plugins\\wp-reset\\wp-reset.php',
  'js_folder' => 'http://localhost/studio02/wp-content/plugins/wp-reset//js/',
  'api_ver' => 'v1/',
  'valid_forever' => '2035-01-01',
  'unlimited_installs' => 99999,
  'debug' => true,
  'filesystem_initialized' => false,
)

[Fri, 28 Feb 2025 04:42:17 +0000] wpr: __construct
array (
  'prefix' => 'wpr',
  'licensing_servers' => 
  array (
    0 => 'https://dashboard.wpreset.com/api/',
  ),
  'version' => '2.04',
  'plugin_file' => 'C:\\xampp\\htdocs\\studio02\\wp-content\\plugins\\wp-reset\\wp-reset.php',
  'plugin_page' => 'tools_page_wp-reset',
  'skip_hooks' => false,
  'debug' => true,
  'js_folder' => 'http://localhost/studio02/wp-content/plugins/wp-reset//js/',
)
array (
  'prefix' => 'wpr',
  'licensing_servers' => 
  array (
    0 => 'https://dashboard.wpreset.com/api/',
  ),
  'version' => '2.04',
  'slug' => 'wp-reset',
  'basename' => 'wp-reset/wp-reset.php',
  'plugin_page' => 'tools_page_wp-reset',
  'plugin_file' => 'C:\\xampp\\htdocs\\studio02\\wp-content\\plugins\\wp-reset\\wp-reset.php',
  'js_folder' => 'http://localhost/studio02/wp-content/plugins/wp-reset//js/',
  'api_ver' => 'v1/',
  'valid_forever' => '2035-01-01',
  'unlimited_installs' => 99999,
  'debug' => true,
  'filesystem_initialized' => false,
)

[Fri, 28 Feb 2025 04:42:30 +0000] wpr: __construct
array (
  'prefix' => 'wpr',
  'licensing_servers' => 
  array (
    0 => 'https://dashboard.wpreset.com/api/',
  ),
  'version' => '2.04',
  'plugin_file' => 'C:\\xampp\\htdocs\\studio02\\wp-content\\plugins\\wp-reset\\wp-reset.php',
  'plugin_page' => 'tools_page_wp-reset',
  'skip_hooks' => false,
  'debug' => true,
  'js_folder' => 'http://localhost/studio02/wp-content/plugins/wp-reset//js/',
)
array (
  'prefix' => 'wpr',
  'licensing_servers' => 
  array (
    0 => 'https://dashboard.wpreset.com/api/',
  ),
  'version' => '2.04',
  'slug' => 'wp-reset',
  'basename' => 'wp-reset/wp-reset.php',
  'plugin_page' => 'tools_page_wp-reset',
  'plugin_file' => 'C:\\xampp\\htdocs\\studio02\\wp-content\\plugins\\wp-reset\\wp-reset.php',
  'js_folder' => 'http://localhost/studio02/wp-content/plugins/wp-reset//js/',
  'api_ver' => 'v1/',
  'valid_forever' => '2035-01-01',
  'unlimited_installs' => 99999,
  'debug' => true,
  'filesystem_initialized' => false,
)

[Fri, 28 Feb 2025 04:42:31 +0000] wpr: __construct
array (
  'prefix' => 'wpr',
  'licensing_servers' => 
  array (
    0 => 'https://dashboard.wpreset.com/api/',
  ),
  'version' => '2.04',
  'plugin_file' => 'C:\\xampp\\htdocs\\studio02\\wp-content\\plugins\\wp-reset\\wp-reset.php',
  'plugin_page' => 'tools_page_wp-reset',
  'skip_hooks' => false,
  'debug' => true,
  'js_folder' => 'http://localhost/studio02/wp-content/plugins/wp-reset//js/',
)
array (
  'prefix' => 'wpr',
  'licensing_servers' => 
  array (
    0 => 'https://dashboard.wpreset.com/api/',
  ),
  'version' => '2.04',
  'slug' => 'wp-reset',
  'basename' => 'wp-reset/wp-reset.php',
  'plugin_page' => 'tools_page_wp-reset',
  'plugin_file' => 'C:\\xampp\\htdocs\\studio02\\wp-content\\plugins\\wp-reset\\wp-reset.php',
  'js_folder' => 'http://localhost/studio02/wp-content/plugins/wp-reset//js/',
  'api_ver' => 'v1/',
  'valid_forever' => '2035-01-01',
  'unlimited_installs' => 99999,
  'debug' => true,
  'filesystem_initialized' => false,
)

[Fri, 28 Feb 2025 04:42:33 +0000] wpr: __construct
array (
  'prefix' => 'wpr',
  'licensing_servers' => 
  array (
    0 => 'https://dashboard.wpreset.com/api/',
  ),
  'version' => '2.04',
  'plugin_file' => 'C:\\xampp\\htdocs\\studio02\\wp-content\\plugins\\wp-reset\\wp-reset.php',
  'plugin_page' => 'tools_page_wp-reset',
  'skip_hooks' => false,
  'debug' => true,
  'js_folder' => 'http://localhost/studio02/wp-content/plugins/wp-reset//js/',
)
array (
  'prefix' => 'wpr',
  'licensing_servers' => 
  array (
    0 => 'https://dashboard.wpreset.com/api/',
  ),
  'version' => '2.04',
  'slug' => 'wp-reset',
  'basename' => 'wp-reset/wp-reset.php',
  'plugin_page' => 'tools_page_wp-reset',
  'plugin_file' => 'C:\\xampp\\htdocs\\studio02\\wp-content\\plugins\\wp-reset\\wp-reset.php',
  'js_folder' => 'http://localhost/studio02/wp-content/plugins/wp-reset//js/',
  'api_ver' => 'v1/',
  'valid_forever' => '2035-01-01',
  'unlimited_installs' => 99999,
  'debug' => true,
  'filesystem_initialized' => false,
)

[Fri, 28 Feb 2025 04:42:40 +0000] wpr: __construct
array (
  'prefix' => 'wpr',
  'licensing_servers' => 
  array (
    0 => 'https://dashboard.wpreset.com/api/',
  ),
  'version' => '2.04',
  'plugin_file' => 'C:\\xampp\\htdocs\\studio02\\wp-content\\plugins\\wp-reset\\wp-reset.php',
  'plugin_page' => 'tools_page_wp-reset',
  'skip_hooks' => false,
  'debug' => true,
  'js_folder' => 'http://localhost/studio02/wp-content/plugins/wp-reset//js/',
)
array (
  'prefix' => 'wpr',
  'licensing_servers' => 
  array (
    0 => 'https://dashboard.wpreset.com/api/',
  ),
  'version' => '2.04',
  'slug' => 'wp-reset',
  'basename' => 'wp-reset/wp-reset.php',
  'plugin_page' => 'tools_page_wp-reset',
  'plugin_file' => 'C:\\xampp\\htdocs\\studio02\\wp-content\\plugins\\wp-reset\\wp-reset.php',
  'js_folder' => 'http://localhost/studio02/wp-content/plugins/wp-reset//js/',
  'api_ver' => 'v1/',
  'valid_forever' => '2035-01-01',
  'unlimited_installs' => 99999,
  'debug' => true,
  'filesystem_initialized' => false,
)

[Fri, 28 Feb 2025 04:42:40 +0000] wpr: __construct
array (
  'prefix' => 'wpr',
  'licensing_servers' => 
  array (
    0 => 'https://dashboard.wpreset.com/api/',
  ),
  'version' => '2.04',
  'plugin_file' => 'C:\\xampp\\htdocs\\studio02\\wp-content\\plugins\\wp-reset\\wp-reset.php',
  'plugin_page' => 'tools_page_wp-reset',
  'skip_hooks' => false,
  'debug' => true,
  'js_folder' => 'http://localhost/studio02/wp-content/plugins/wp-reset//js/',
)
array (
  'prefix' => 'wpr',
  'licensing_servers' => 
  array (
    0 => 'https://dashboard.wpreset.com/api/',
  ),
  'version' => '2.04',
  'slug' => 'wp-reset',
  'basename' => 'wp-reset/wp-reset.php',
  'plugin_page' => 'tools_page_wp-reset',
  'plugin_file' => 'C:\\xampp\\htdocs\\studio02\\wp-content\\plugins\\wp-reset\\wp-reset.php',
  'js_folder' => 'http://localhost/studio02/wp-content/plugins/wp-reset//js/',
  'api_ver' => 'v1/',
  'valid_forever' => '2035-01-01',
  'unlimited_installs' => 99999,
  'debug' => true,
  'filesystem_initialized' => false,
)

[Fri, 28 Feb 2025 04:42:41 +0000] wpr: __construct
array (
  'prefix' => 'wpr',
  'licensing_servers' => 
  array (
    0 => 'https://dashboard.wpreset.com/api/',
  ),
  'version' => '2.04',
  'plugin_file' => 'C:\\xampp\\htdocs\\studio02\\wp-content\\plugins\\wp-reset\\wp-reset.php',
  'plugin_page' => 'tools_page_wp-reset',
  'skip_hooks' => false,
  'debug' => true,
  'js_folder' => 'http://localhost/studio02/wp-content/plugins/wp-reset//js/',
)
array (
  'prefix' => 'wpr',
  'licensing_servers' => 
  array (
    0 => 'https://dashboard.wpreset.com/api/',
  ),
  'version' => '2.04',
  'slug' => 'wp-reset',
  'basename' => 'wp-reset/wp-reset.php',
  'plugin_page' => 'tools_page_wp-reset',
  'plugin_file' => 'C:\\xampp\\htdocs\\studio02\\wp-content\\plugins\\wp-reset\\wp-reset.php',
  'js_folder' => 'http://localhost/studio02/wp-content/plugins/wp-reset//js/',
  'api_ver' => 'v1/',
  'valid_forever' => '2035-01-01',
  'unlimited_installs' => 99999,
  'debug' => true,
  'filesystem_initialized' => false,
)

[Fri, 28 Feb 2025 04:42:42 +0000] wpr: __construct
array (
  'prefix' => 'wpr',
  'licensing_servers' => 
  array (
    0 => 'https://dashboard.wpreset.com/api/',
  ),
  'version' => '2.04',
  'plugin_file' => 'C:\\xampp\\htdocs\\studio02\\wp-content\\plugins\\wp-reset\\wp-reset.php',
  'plugin_page' => 'tools_page_wp-reset',
  'skip_hooks' => false,
  'debug' => true,
  'js_folder' => 'http://localhost/studio02/wp-content/plugins/wp-reset//js/',
)
array (
  'prefix' => 'wpr',
  'licensing_servers' => 
  array (
    0 => 'https://dashboard.wpreset.com/api/',
  ),
  'version' => '2.04',
  'slug' => 'wp-reset',
  'basename' => 'wp-reset/wp-reset.php',
  'plugin_page' => 'tools_page_wp-reset',
  'plugin_file' => 'C:\\xampp\\htdocs\\studio02\\wp-content\\plugins\\wp-reset\\wp-reset.php',
  'js_folder' => 'http://localhost/studio02/wp-content/plugins/wp-reset//js/',
  'api_ver' => 'v1/',
  'valid_forever' => '2035-01-01',
  'unlimited_installs' => 99999,
  'debug' => true,
  'filesystem_initialized' => false,
)

[Fri, 28 Feb 2025 04:43:40 +0000] wpr: __construct
array (
  'prefix' => 'wpr',
  'licensing_servers' => 
  array (
    0 => 'https://dashboard.wpreset.com/api/',
  ),
  'version' => '2.04',
  'plugin_file' => 'C:\\xampp\\htdocs\\studio02\\wp-content\\plugins\\wp-reset\\wp-reset.php',
  'plugin_page' => 'tools_page_wp-reset',
  'skip_hooks' => false,
  'debug' => true,
  'js_folder' => 'http://localhost/studio02/wp-content/plugins/wp-reset//js/',
)
array (
  'prefix' => 'wpr',
  'licensing_servers' => 
  array (
    0 => 'https://dashboard.wpreset.com/api/',
  ),
  'version' => '2.04',
  'slug' => 'wp-reset',
  'basename' => 'wp-reset/wp-reset.php',
  'plugin_page' => 'tools_page_wp-reset',
  'plugin_file' => 'C:\\xampp\\htdocs\\studio02\\wp-content\\plugins\\wp-reset\\wp-reset.php',
  'js_folder' => 'http://localhost/studio02/wp-content/plugins/wp-reset//js/',
  'api_ver' => 'v1/',
  'valid_forever' => '2035-01-01',
  'unlimited_installs' => 99999,
  'debug' => true,
  'filesystem_initialized' => false,
)

[Fri, 28 Feb 2025 04:44:40 +0000] wpr: __construct
array (
  'prefix' => 'wpr',
  'licensing_servers' => 
  array (
    0 => 'https://dashboard.wpreset.com/api/',
  ),
  'version' => '2.04',
  'plugin_file' => 'C:\\xampp\\htdocs\\studio02\\wp-content\\plugins\\wp-reset\\wp-reset.php',
  'plugin_page' => 'tools_page_wp-reset',
  'skip_hooks' => false,
  'debug' => true,
  'js_folder' => 'http://localhost/studio02/wp-content/plugins/wp-reset//js/',
)
array (
  'prefix' => 'wpr',
  'licensing_servers' => 
  array (
    0 => 'https://dashboard.wpreset.com/api/',
  ),
  'version' => '2.04',
  'slug' => 'wp-reset',
  'basename' => 'wp-reset/wp-reset.php',
  'plugin_page' => 'tools_page_wp-reset',
  'plugin_file' => 'C:\\xampp\\htdocs\\studio02\\wp-content\\plugins\\wp-reset\\wp-reset.php',
  'js_folder' => 'http://localhost/studio02/wp-content/plugins/wp-reset//js/',
  'api_ver' => 'v1/',
  'valid_forever' => '2035-01-01',
  'unlimited_installs' => 99999,
  'debug' => true,
  'filesystem_initialized' => false,
)

[Fri, 28 Feb 2025 04:45:40 +0000] wpr: __construct
array (
  'prefix' => 'wpr',
  'licensing_servers' => 
  array (
    0 => 'https://dashboard.wpreset.com/api/',
  ),
  'version' => '2.04',
  'plugin_file' => 'C:\\xampp\\htdocs\\studio02\\wp-content\\plugins\\wp-reset\\wp-reset.php',
  'plugin_page' => 'tools_page_wp-reset',
  'skip_hooks' => false,
  'debug' => true,
  'js_folder' => 'http://localhost/studio02/wp-content/plugins/wp-reset//js/',
)
array (
  'prefix' => 'wpr',
  'licensing_servers' => 
  array (
    0 => 'https://dashboard.wpreset.com/api/',
  ),
  'version' => '2.04',
  'slug' => 'wp-reset',
  'basename' => 'wp-reset/wp-reset.php',
  'plugin_page' => 'tools_page_wp-reset',
  'plugin_file' => 'C:\\xampp\\htdocs\\studio02\\wp-content\\plugins\\wp-reset\\wp-reset.php',
  'js_folder' => 'http://localhost/studio02/wp-content/plugins/wp-reset//js/',
  'api_ver' => 'v1/',
  'valid_forever' => '2035-01-01',
  'unlimited_installs' => 99999,
  'debug' => true,
  'filesystem_initialized' => false,
)

[Fri, 28 Feb 2025 04:46:40 +0000] wpr: __construct
array (
  'prefix' => 'wpr',
  'licensing_servers' => 
  array (
    0 => 'https://dashboard.wpreset.com/api/',
  ),
  'version' => '2.04',
  'plugin_file' => 'C:\\xampp\\htdocs\\studio02\\wp-content\\plugins\\wp-reset\\wp-reset.php',
  'plugin_page' => 'tools_page_wp-reset',
  'skip_hooks' => false,
  'debug' => true,
  'js_folder' => 'http://localhost/studio02/wp-content/plugins/wp-reset//js/',
)
array (
  'prefix' => 'wpr',
  'licensing_servers' => 
  array (
    0 => 'https://dashboard.wpreset.com/api/',
  ),
  'version' => '2.04',
  'slug' => 'wp-reset',
  'basename' => 'wp-reset/wp-reset.php',
  'plugin_page' => 'tools_page_wp-reset',
  'plugin_file' => 'C:\\xampp\\htdocs\\studio02\\wp-content\\plugins\\wp-reset\\wp-reset.php',
  'js_folder' => 'http://localhost/studio02/wp-content/plugins/wp-reset//js/',
  'api_ver' => 'v1/',
  'valid_forever' => '2035-01-01',
  'unlimited_installs' => 99999,
  'debug' => true,
  'filesystem_initialized' => false,
)

[Fri, 28 Feb 2025 04:47:40 +0000] wpr: __construct
array (
  'prefix' => 'wpr',
  'licensing_servers' => 
  array (
    0 => 'https://dashboard.wpreset.com/api/',
  ),
  'version' => '2.04',
  'plugin_file' => 'C:\\xampp\\htdocs\\studio02\\wp-content\\plugins\\wp-reset\\wp-reset.php',
  'plugin_page' => 'tools_page_wp-reset',
  'skip_hooks' => false,
  'debug' => true,
  'js_folder' => 'http://localhost/studio02/wp-content/plugins/wp-reset//js/',
)
array (
  'prefix' => 'wpr',
  'licensing_servers' => 
  array (
    0 => 'https://dashboard.wpreset.com/api/',
  ),
  'version' => '2.04',
  'slug' => 'wp-reset',
  'basename' => 'wp-reset/wp-reset.php',
  'plugin_page' => 'tools_page_wp-reset',
  'plugin_file' => 'C:\\xampp\\htdocs\\studio02\\wp-content\\plugins\\wp-reset\\wp-reset.php',
  'js_folder' => 'http://localhost/studio02/wp-content/plugins/wp-reset//js/',
  'api_ver' => 'v1/',
  'valid_forever' => '2035-01-01',
  'unlimited_installs' => 99999,
  'debug' => true,
  'filesystem_initialized' => false,
)

[Fri, 28 Feb 2025 04:48:40 +0000] wpr: __construct
array (
  'prefix' => 'wpr',
  'licensing_servers' => 
  array (
    0 => 'https://dashboard.wpreset.com/api/',
  ),
  'version' => '2.04',
  'plugin_file' => 'C:\\xampp\\htdocs\\studio02\\wp-content\\plugins\\wp-reset\\wp-reset.php',
  'plugin_page' => 'tools_page_wp-reset',
  'skip_hooks' => false,
  'debug' => true,
  'js_folder' => 'http://localhost/studio02/wp-content/plugins/wp-reset//js/',
)
array (
  'prefix' => 'wpr',
  'licensing_servers' => 
  array (
    0 => 'https://dashboard.wpreset.com/api/',
  ),
  'version' => '2.04',
  'slug' => 'wp-reset',
  'basename' => 'wp-reset/wp-reset.php',
  'plugin_page' => 'tools_page_wp-reset',
  'plugin_file' => 'C:\\xampp\\htdocs\\studio02\\wp-content\\plugins\\wp-reset\\wp-reset.php',
  'js_folder' => 'http://localhost/studio02/wp-content/plugins/wp-reset//js/',
  'api_ver' => 'v1/',
  'valid_forever' => '2035-01-01',
  'unlimited_installs' => 99999,
  'debug' => true,
  'filesystem_initialized' => false,
)

[Fri, 28 Feb 2025 04:49:40 +0000] wpr: __construct
array (
  'prefix' => 'wpr',
  'licensing_servers' => 
  array (
    0 => 'https://dashboard.wpreset.com/api/',
  ),
  'version' => '2.04',
  'plugin_file' => 'C:\\xampp\\htdocs\\studio02\\wp-content\\plugins\\wp-reset\\wp-reset.php',
  'plugin_page' => 'tools_page_wp-reset',
  'skip_hooks' => false,
  'debug' => true,
  'js_folder' => 'http://localhost/studio02/wp-content/plugins/wp-reset//js/',
)
array (
  'prefix' => 'wpr',
  'licensing_servers' => 
  array (
    0 => 'https://dashboard.wpreset.com/api/',
  ),
  'version' => '2.04',
  'slug' => 'wp-reset',
  'basename' => 'wp-reset/wp-reset.php',
  'plugin_page' => 'tools_page_wp-reset',
  'plugin_file' => 'C:\\xampp\\htdocs\\studio02\\wp-content\\plugins\\wp-reset\\wp-reset.php',
  'js_folder' => 'http://localhost/studio02/wp-content/plugins/wp-reset//js/',
  'api_ver' => 'v1/',
  'valid_forever' => '2035-01-01',
  'unlimited_installs' => 99999,
  'debug' => true,
  'filesystem_initialized' => false,
)

[Fri, 28 Feb 2025 04:50:40 +0000] wpr: __construct
array (
  'prefix' => 'wpr',
  'licensing_servers' => 
  array (
    0 => 'https://dashboard.wpreset.com/api/',
  ),
  'version' => '2.04',
  'plugin_file' => 'C:\\xampp\\htdocs\\studio02\\wp-content\\plugins\\wp-reset\\wp-reset.php',
  'plugin_page' => 'tools_page_wp-reset',
  'skip_hooks' => false,
  'debug' => true,
  'js_folder' => 'http://localhost/studio02/wp-content/plugins/wp-reset//js/',
)
array (
  'prefix' => 'wpr',
  'licensing_servers' => 
  array (
    0 => 'https://dashboard.wpreset.com/api/',
  ),
  'version' => '2.04',
  'slug' => 'wp-reset',
  'basename' => 'wp-reset/wp-reset.php',
  'plugin_page' => 'tools_page_wp-reset',
  'plugin_file' => 'C:\\xampp\\htdocs\\studio02\\wp-content\\plugins\\wp-reset\\wp-reset.php',
  'js_folder' => 'http://localhost/studio02/wp-content/plugins/wp-reset//js/',
  'api_ver' => 'v1/',
  'valid_forever' => '2035-01-01',
  'unlimited_installs' => 99999,
  'debug' => true,
  'filesystem_initialized' => false,
)

[Fri, 28 Feb 2025 04:51:40 +0000] wpr: __construct
array (
  'prefix' => 'wpr',
  'licensing_servers' => 
  array (
    0 => 'https://dashboard.wpreset.com/api/',
  ),
  'version' => '2.04',
  'plugin_file' => 'C:\\xampp\\htdocs\\studio02\\wp-content\\plugins\\wp-reset\\wp-reset.php',
  'plugin_page' => 'tools_page_wp-reset',
  'skip_hooks' => false,
  'debug' => true,
  'js_folder' => 'http://localhost/studio02/wp-content/plugins/wp-reset//js/',
)
array (
  'prefix' => 'wpr',
  'licensing_servers' => 
  array (
    0 => 'https://dashboard.wpreset.com/api/',
  ),
  'version' => '2.04',
  'slug' => 'wp-reset',
  'basename' => 'wp-reset/wp-reset.php',
  'plugin_page' => 'tools_page_wp-reset',
  'plugin_file' => 'C:\\xampp\\htdocs\\studio02\\wp-content\\plugins\\wp-reset\\wp-reset.php',
  'js_folder' => 'http://localhost/studio02/wp-content/plugins/wp-reset//js/',
  'api_ver' => 'v1/',
  'valid_forever' => '2035-01-01',
  'unlimited_installs' => 99999,
  'debug' => true,
  'filesystem_initialized' => false,
)

[Fri, 28 Feb 2025 04:52:41 +0000] wpr: __construct
array (
  'prefix' => 'wpr',
  'licensing_servers' => 
  array (
    0 => 'https://dashboard.wpreset.com/api/',
  ),
  'version' => '2.04',
  'plugin_file' => 'C:\\xampp\\htdocs\\studio02\\wp-content\\plugins\\wp-reset\\wp-reset.php',
  'plugin_page' => 'tools_page_wp-reset',
  'skip_hooks' => false,
  'debug' => true,
  'js_folder' => 'http://localhost/studio02/wp-content/plugins/wp-reset//js/',
)
array (
  'prefix' => 'wpr',
  'licensing_servers' => 
  array (
    0 => 'https://dashboard.wpreset.com/api/',
  ),
  'version' => '2.04',
  'slug' => 'wp-reset',
  'basename' => 'wp-reset/wp-reset.php',
  'plugin_page' => 'tools_page_wp-reset',
  'plugin_file' => 'C:\\xampp\\htdocs\\studio02\\wp-content\\plugins\\wp-reset\\wp-reset.php',
  'js_folder' => 'http://localhost/studio02/wp-content/plugins/wp-reset//js/',
  'api_ver' => 'v1/',
  'valid_forever' => '2035-01-01',
  'unlimited_installs' => 99999,
  'debug' => true,
  'filesystem_initialized' => false,
)

[Fri, 28 Feb 2025 04:54:42 +0000] wpr: __construct
array (
  'prefix' => 'wpr',
  'licensing_servers' => 
  array (
    0 => 'https://dashboard.wpreset.com/api/',
  ),
  'version' => '2.04',
  'plugin_file' => 'C:\\xampp\\htdocs\\studio02\\wp-content\\plugins\\wp-reset\\wp-reset.php',
  'plugin_page' => 'tools_page_wp-reset',
  'skip_hooks' => false,
  'debug' => true,
  'js_folder' => 'http://localhost/studio02/wp-content/plugins/wp-reset//js/',
)
array (
  'prefix' => 'wpr',
  'licensing_servers' => 
  array (
    0 => 'https://dashboard.wpreset.com/api/',
  ),
  'version' => '2.04',
  'slug' => 'wp-reset',
  'basename' => 'wp-reset/wp-reset.php',
  'plugin_page' => 'tools_page_wp-reset',
  'plugin_file' => 'C:\\xampp\\htdocs\\studio02\\wp-content\\plugins\\wp-reset\\wp-reset.php',
  'js_folder' => 'http://localhost/studio02/wp-content/plugins/wp-reset//js/',
  'api_ver' => 'v1/',
  'valid_forever' => '2035-01-01',
  'unlimited_installs' => 99999,
  'debug' => true,
  'filesystem_initialized' => false,
)

[Fri, 28 Feb 2025 04:56:43 +0000] wpr: __construct
array (
  'prefix' => 'wpr',
  'licensing_servers' => 
  array (
    0 => 'https://dashboard.wpreset.com/api/',
  ),
  'version' => '2.04',
  'plugin_file' => 'C:\\xampp\\htdocs\\studio02\\wp-content\\plugins\\wp-reset\\wp-reset.php',
  'plugin_page' => 'tools_page_wp-reset',
  'skip_hooks' => false,
  'debug' => true,
  'js_folder' => 'http://localhost/studio02/wp-content/plugins/wp-reset//js/',
)
array (
  'prefix' => 'wpr',
  'licensing_servers' => 
  array (
    0 => 'https://dashboard.wpreset.com/api/',
  ),
  'version' => '2.04',
  'slug' => 'wp-reset',
  'basename' => 'wp-reset/wp-reset.php',
  'plugin_page' => 'tools_page_wp-reset',
  'plugin_file' => 'C:\\xampp\\htdocs\\studio02\\wp-content\\plugins\\wp-reset\\wp-reset.php',
  'js_folder' => 'http://localhost/studio02/wp-content/plugins/wp-reset//js/',
  'api_ver' => 'v1/',
  'valid_forever' => '2035-01-01',
  'unlimited_installs' => 99999,
  'debug' => true,
  'filesystem_initialized' => false,
)

[Fri, 28 Feb 2025 04:57:54 +0000] wpr: __construct
array (
  'prefix' => 'wpr',
  'licensing_servers' => 
  array (
    0 => 'https://dashboard.wpreset.com/api/',
  ),
  'version' => '2.04',
  'plugin_file' => 'C:\\xampp\\htdocs\\studio02\\wp-content\\plugins\\wp-reset\\wp-reset.php',
  'plugin_page' => 'tools_page_wp-reset',
  'skip_hooks' => false,
  'debug' => true,
  'js_folder' => 'http://localhost/studio02/wp-content/plugins/wp-reset//js/',
)
array (
  'prefix' => 'wpr',
  'licensing_servers' => 
  array (
    0 => 'https://dashboard.wpreset.com/api/',
  ),
  'version' => '2.04',
  'slug' => 'wp-reset',
  'basename' => 'wp-reset/wp-reset.php',
  'plugin_page' => 'tools_page_wp-reset',
  'plugin_file' => 'C:\\xampp\\htdocs\\studio02\\wp-content\\plugins\\wp-reset\\wp-reset.php',
  'js_folder' => 'http://localhost/studio02/wp-content/plugins/wp-reset//js/',
  'api_ver' => 'v1/',
  'valid_forever' => '2035-01-01',
  'unlimited_installs' => 99999,
  'debug' => true,
  'filesystem_initialized' => false,
)

[Fri, 28 Feb 2025 04:59:45 +0000] wpr: __construct
array (
  'prefix' => 'wpr',
  'licensing_servers' => 
  array (
    0 => 'https://dashboard.wpreset.com/api/',
  ),
  'version' => '2.04',
  'plugin_file' => 'C:\\xampp\\htdocs\\studio02\\wp-content\\plugins\\wp-reset\\wp-reset.php',
  'plugin_page' => 'tools_page_wp-reset',
  'skip_hooks' => false,
  'debug' => true,
  'js_folder' => 'http://localhost/studio02/wp-content/plugins/wp-reset//js/',
)
array (
  'prefix' => 'wpr',
  'licensing_servers' => 
  array (
    0 => 'https://dashboard.wpreset.com/api/',
  ),
  'version' => '2.04',
  'slug' => 'wp-reset',
  'basename' => 'wp-reset/wp-reset.php',
  'plugin_page' => 'tools_page_wp-reset',
  'plugin_file' => 'C:\\xampp\\htdocs\\studio02\\wp-content\\plugins\\wp-reset\\wp-reset.php',
  'js_folder' => 'http://localhost/studio02/wp-content/plugins/wp-reset//js/',
  'api_ver' => 'v1/',
  'valid_forever' => '2035-01-01',
  'unlimited_installs' => 99999,
  'debug' => true,
  'filesystem_initialized' => false,
)

[Fri, 28 Feb 2025 05:01:46 +0000] wpr: __construct
array (
  'prefix' => 'wpr',
  'licensing_servers' => 
  array (
    0 => 'https://dashboard.wpreset.com/api/',
  ),
  'version' => '2.04',
  'plugin_file' => 'C:\\xampp\\htdocs\\studio02\\wp-content\\plugins\\wp-reset\\wp-reset.php',
  'plugin_page' => 'tools_page_wp-reset',
  'skip_hooks' => false,
  'debug' => true,
  'js_folder' => 'http://localhost/studio02/wp-content/plugins/wp-reset//js/',
)
array (
  'prefix' => 'wpr',
  'licensing_servers' => 
  array (
    0 => 'https://dashboard.wpreset.com/api/',
  ),
  'version' => '2.04',
  'slug' => 'wp-reset',
  'basename' => 'wp-reset/wp-reset.php',
  'plugin_page' => 'tools_page_wp-reset',
  'plugin_file' => 'C:\\xampp\\htdocs\\studio02\\wp-content\\plugins\\wp-reset\\wp-reset.php',
  'js_folder' => 'http://localhost/studio02/wp-content/plugins/wp-reset//js/',
  'api_ver' => 'v1/',
  'valid_forever' => '2035-01-01',
  'unlimited_installs' => 99999,
  'debug' => true,
  'filesystem_initialized' => false,
)

[Fri, 28 Feb 2025 05:03:47 +0000] wpr: __construct
array (
  'prefix' => 'wpr',
  'licensing_servers' => 
  array (
    0 => 'https://dashboard.wpreset.com/api/',
  ),
  'version' => '2.04',
  'plugin_file' => 'C:\\xampp\\htdocs\\studio02\\wp-content\\plugins\\wp-reset\\wp-reset.php',
  'plugin_page' => 'tools_page_wp-reset',
  'skip_hooks' => false,
  'debug' => true,
  'js_folder' => 'http://localhost/studio02/wp-content/plugins/wp-reset//js/',
)
array (
  'prefix' => 'wpr',
  'licensing_servers' => 
  array (
    0 => 'https://dashboard.wpreset.com/api/',
  ),
  'version' => '2.04',
  'slug' => 'wp-reset',
  'basename' => 'wp-reset/wp-reset.php',
  'plugin_page' => 'tools_page_wp-reset',
  'plugin_file' => 'C:\\xampp\\htdocs\\studio02\\wp-content\\plugins\\wp-reset\\wp-reset.php',
  'js_folder' => 'http://localhost/studio02/wp-content/plugins/wp-reset//js/',
  'api_ver' => 'v1/',
  'valid_forever' => '2035-01-01',
  'unlimited_installs' => 99999,
  'debug' => true,
  'filesystem_initialized' => false,
)

[Fri, 28 Feb 2025 05:05:48 +0000] wpr: __construct
array (
  'prefix' => 'wpr',
  'licensing_servers' => 
  array (
    0 => 'https://dashboard.wpreset.com/api/',
  ),
  'version' => '2.04',
  'plugin_file' => 'C:\\xampp\\htdocs\\studio02\\wp-content\\plugins\\wp-reset\\wp-reset.php',
  'plugin_page' => 'tools_page_wp-reset',
  'skip_hooks' => false,
  'debug' => true,
  'js_folder' => 'http://localhost/studio02/wp-content/plugins/wp-reset//js/',
)
array (
  'prefix' => 'wpr',
  'licensing_servers' => 
  array (
    0 => 'https://dashboard.wpreset.com/api/',
  ),
  'version' => '2.04',
  'slug' => 'wp-reset',
  'basename' => 'wp-reset/wp-reset.php',
  'plugin_page' => 'tools_page_wp-reset',
  'plugin_file' => 'C:\\xampp\\htdocs\\studio02\\wp-content\\plugins\\wp-reset\\wp-reset.php',
  'js_folder' => 'http://localhost/studio02/wp-content/plugins/wp-reset//js/',
  'api_ver' => 'v1/',
  'valid_forever' => '2035-01-01',
  'unlimited_installs' => 99999,
  'debug' => true,
  'filesystem_initialized' => false,
)

[Fri, 28 Feb 2025 08:02:23 +0000] wpr: __construct
array (
  'prefix' => 'wpr',
  'licensing_servers' => 
  array (
    0 => 'https://dashboard.wpreset.com/api/',
  ),
  'version' => '2.04',
  'plugin_file' => 'C:\\xampp\\htdocs\\studio02\\wp-content\\plugins\\wp-reset\\wp-reset.php',
  'plugin_page' => 'tools_page_wp-reset',
  'skip_hooks' => false,
  'debug' => true,
  'js_folder' => 'http://localhost/studio02/wp-content/plugins/wp-reset//js/',
)
array (
  'prefix' => 'wpr',
  'licensing_servers' => 
  array (
    0 => 'https://dashboard.wpreset.com/api/',
  ),
  'version' => '2.04',
  'slug' => 'wp-reset',
  'basename' => 'wp-reset/wp-reset.php',
  'plugin_page' => 'tools_page_wp-reset',
  'plugin_file' => 'C:\\xampp\\htdocs\\studio02\\wp-content\\plugins\\wp-reset\\wp-reset.php',
  'js_folder' => 'http://localhost/studio02/wp-content/plugins/wp-reset//js/',
  'api_ver' => 'v1/',
  'valid_forever' => '2035-01-01',
  'unlimited_installs' => 99999,
  'debug' => true,
  'filesystem_initialized' => false,
)

[Fri, 28 Feb 2025 08:03:23 +0000] wpr: __construct
array (
  'prefix' => 'wpr',
  'licensing_servers' => 
  array (
    0 => 'https://dashboard.wpreset.com/api/',
  ),
  'version' => '2.04',
  'plugin_file' => 'C:\\xampp\\htdocs\\studio02\\wp-content\\plugins\\wp-reset\\wp-reset.php',
  'plugin_page' => 'tools_page_wp-reset',
  'skip_hooks' => false,
  'debug' => true,
  'js_folder' => 'http://localhost/studio02/wp-content/plugins/wp-reset//js/',
)
array (
  'prefix' => 'wpr',
  'licensing_servers' => 
  array (
    0 => 'https://dashboard.wpreset.com/api/',
  ),
  'version' => '2.04',
  'slug' => 'wp-reset',
  'basename' => 'wp-reset/wp-reset.php',
  'plugin_page' => 'tools_page_wp-reset',
  'plugin_file' => 'C:\\xampp\\htdocs\\studio02\\wp-content\\plugins\\wp-reset\\wp-reset.php',
  'js_folder' => 'http://localhost/studio02/wp-content/plugins/wp-reset//js/',
  'api_ver' => 'v1/',
  'valid_forever' => '2035-01-01',
  'unlimited_installs' => 99999,
  'debug' => true,
  'filesystem_initialized' => false,
)

[Fri, 28 Feb 2025 08:03:26 +0000] wpr: __construct
array (
  'prefix' => 'wpr',
  'licensing_servers' => 
  array (
    0 => 'https://dashboard.wpreset.com/api/',
  ),
  'version' => '2.04',
  'plugin_file' => 'C:\\xampp\\htdocs\\studio02\\wp-content\\plugins\\wp-reset\\wp-reset.php',
  'plugin_page' => 'tools_page_wp-reset',
  'skip_hooks' => false,
  'debug' => true,
  'js_folder' => 'http://localhost/studio02/wp-content/plugins/wp-reset//js/',
)
array (
  'prefix' => 'wpr',
  'licensing_servers' => 
  array (
    0 => 'https://dashboard.wpreset.com/api/',
  ),
  'version' => '2.04',
  'slug' => 'wp-reset',
  'basename' => 'wp-reset/wp-reset.php',
  'plugin_page' => 'tools_page_wp-reset',
  'plugin_file' => 'C:\\xampp\\htdocs\\studio02\\wp-content\\plugins\\wp-reset\\wp-reset.php',
  'js_folder' => 'http://localhost/studio02/wp-content/plugins/wp-reset//js/',
  'api_ver' => 'v1/',
  'valid_forever' => '2035-01-01',
  'unlimited_installs' => 99999,
  'debug' => true,
  'filesystem_initialized' => false,
)

[Fri, 28 Feb 2025 08:03:27 +0000] wpr: __construct
array (
  'prefix' => 'wpr',
  'licensing_servers' => 
  array (
    0 => 'https://dashboard.wpreset.com/api/',
  ),
  'version' => '2.04',
  'plugin_file' => 'C:\\xampp\\htdocs\\studio02\\wp-content\\plugins\\wp-reset\\wp-reset.php',
  'plugin_page' => 'tools_page_wp-reset',
  'skip_hooks' => false,
  'debug' => true,
  'js_folder' => 'http://localhost/studio02/wp-content/plugins/wp-reset//js/',
)
array (
  'prefix' => 'wpr',
  'licensing_servers' => 
  array (
    0 => 'https://dashboard.wpreset.com/api/',
  ),
  'version' => '2.04',
  'slug' => 'wp-reset',
  'basename' => 'wp-reset/wp-reset.php',
  'plugin_page' => 'tools_page_wp-reset',
  'plugin_file' => 'C:\\xampp\\htdocs\\studio02\\wp-content\\plugins\\wp-reset\\wp-reset.php',
  'js_folder' => 'http://localhost/studio02/wp-content/plugins/wp-reset//js/',
  'api_ver' => 'v1/',
  'valid_forever' => '2035-01-01',
  'unlimited_installs' => 99999,
  'debug' => true,
  'filesystem_initialized' => false,
)

[Fri, 28 Feb 2025 08:03:27 +0000] wpr: __construct
array (
  'prefix' => 'wpr',
  'licensing_servers' => 
  array (
    0 => 'https://dashboard.wpreset.com/api/',
  ),
  'version' => '2.04',
  'plugin_file' => 'C:\\xampp\\htdocs\\studio02\\wp-content\\plugins\\wp-reset\\wp-reset.php',
  'plugin_page' => 'tools_page_wp-reset',
  'skip_hooks' => false,
  'debug' => true,
  'js_folder' => 'http://localhost/studio02/wp-content/plugins/wp-reset//js/',
)
array (
  'prefix' => 'wpr',
  'licensing_servers' => 
  array (
    0 => 'https://dashboard.wpreset.com/api/',
  ),
  'version' => '2.04',
  'slug' => 'wp-reset',
  'basename' => 'wp-reset/wp-reset.php',
  'plugin_page' => 'tools_page_wp-reset',
  'plugin_file' => 'C:\\xampp\\htdocs\\studio02\\wp-content\\plugins\\wp-reset\\wp-reset.php',
  'js_folder' => 'http://localhost/studio02/wp-content/plugins/wp-reset//js/',
  'api_ver' => 'v1/',
  'valid_forever' => '2035-01-01',
  'unlimited_installs' => 99999,
  'debug' => true,
  'filesystem_initialized' => false,
)

[Fri, 28 Feb 2025 08:03:57 +0000] wpr: __construct
array (
  'prefix' => 'wpr',
  'licensing_servers' => 
  array (
    0 => 'https://dashboard.wpreset.com/api/',
  ),
  'version' => '2.04',
  'plugin_file' => 'C:\\xampp\\htdocs\\studio02\\wp-content\\plugins\\wp-reset\\wp-reset.php',
  'plugin_page' => 'tools_page_wp-reset',
  'skip_hooks' => false,
  'debug' => true,
  'js_folder' => 'http://localhost/studio02/wp-content/plugins/wp-reset//js/',
)
array (
  'prefix' => 'wpr',
  'licensing_servers' => 
  array (
    0 => 'https://dashboard.wpreset.com/api/',
  ),
  'version' => '2.04',
  'slug' => 'wp-reset',
  'basename' => 'wp-reset/wp-reset.php',
  'plugin_page' => 'tools_page_wp-reset',
  'plugin_file' => 'C:\\xampp\\htdocs\\studio02\\wp-content\\plugins\\wp-reset\\wp-reset.php',
  'js_folder' => 'http://localhost/studio02/wp-content/plugins/wp-reset//js/',
  'api_ver' => 'v1/',
  'valid_forever' => '2035-01-01',
  'unlimited_installs' => 99999,
  'debug' => true,
  'filesystem_initialized' => false,
)

[Fri, 28 Feb 2025 08:04:00 +0000] wpr: __construct
array (
  'prefix' => 'wpr',
  'licensing_servers' => 
  array (
    0 => 'https://dashboard.wpreset.com/api/',
  ),
  'version' => '2.04',
  'plugin_file' => 'C:\\xampp\\htdocs\\studio02\\wp-content\\plugins\\wp-reset\\wp-reset.php',
  'plugin_page' => 'tools_page_wp-reset',
  'skip_hooks' => false,
  'debug' => true,
  'js_folder' => 'http://localhost/studio02/wp-content/plugins/wp-reset//js/',
)
array (
  'prefix' => 'wpr',
  'licensing_servers' => 
  array (
    0 => 'https://dashboard.wpreset.com/api/',
  ),
  'version' => '2.04',
  'slug' => 'wp-reset',
  'basename' => 'wp-reset/wp-reset.php',
  'plugin_page' => 'tools_page_wp-reset',
  'plugin_file' => 'C:\\xampp\\htdocs\\studio02\\wp-content\\plugins\\wp-reset\\wp-reset.php',
  'js_folder' => 'http://localhost/studio02/wp-content/plugins/wp-reset//js/',
  'api_ver' => 'v1/',
  'valid_forever' => '2035-01-01',
  'unlimited_installs' => 99999,
  'debug' => true,
  'filesystem_initialized' => false,
)

[Fri, 28 Feb 2025 08:04:01 +0000] wpr: __construct
array (
  'prefix' => 'wpr',
  'licensing_servers' => 
  array (
    0 => 'https://dashboard.wpreset.com/api/',
  ),
  'version' => '2.04',
  'plugin_file' => 'C:\\xampp\\htdocs\\studio02\\wp-content\\plugins\\wp-reset\\wp-reset.php',
  'plugin_page' => 'tools_page_wp-reset',
  'skip_hooks' => false,
  'debug' => true,
  'js_folder' => 'http://localhost/studio02/wp-content/plugins/wp-reset//js/',
)
array (
  'prefix' => 'wpr',
  'licensing_servers' => 
  array (
    0 => 'https://dashboard.wpreset.com/api/',
  ),
  'version' => '2.04',
  'slug' => 'wp-reset',
  'basename' => 'wp-reset/wp-reset.php',
  'plugin_page' => 'tools_page_wp-reset',
  'plugin_file' => 'C:\\xampp\\htdocs\\studio02\\wp-content\\plugins\\wp-reset\\wp-reset.php',
  'js_folder' => 'http://localhost/studio02/wp-content/plugins/wp-reset//js/',
  'api_ver' => 'v1/',
  'valid_forever' => '2035-01-01',
  'unlimited_installs' => 99999,
  'debug' => true,
  'filesystem_initialized' => false,
)

[Fri, 28 Feb 2025 08:04:04 +0000] wpr: __construct
array (
  'prefix' => 'wpr',
  'licensing_servers' => 
  array (
    0 => 'https://dashboard.wpreset.com/api/',
  ),
  'version' => '2.04',
  'plugin_file' => 'C:\\xampp\\htdocs\\studio02\\wp-content\\plugins\\wp-reset\\wp-reset.php',
  'plugin_page' => 'tools_page_wp-reset',
  'skip_hooks' => false,
  'debug' => true,
  'js_folder' => 'http://localhost/studio02/wp-content/plugins/wp-reset//js/',
)
array (
  'prefix' => 'wpr',
  'licensing_servers' => 
  array (
    0 => 'https://dashboard.wpreset.com/api/',
  ),
  'version' => '2.04',
  'slug' => 'wp-reset',
  'basename' => 'wp-reset/wp-reset.php',
  'plugin_page' => 'tools_page_wp-reset',
  'plugin_file' => 'C:\\xampp\\htdocs\\studio02\\wp-content\\plugins\\wp-reset\\wp-reset.php',
  'js_folder' => 'http://localhost/studio02/wp-content/plugins/wp-reset//js/',
  'api_ver' => 'v1/',
  'valid_forever' => '2035-01-01',
  'unlimited_installs' => 99999,
  'debug' => true,
  'filesystem_initialized' => false,
)

[Fri, 28 Feb 2025 08:04:04 +0000] wpr: __construct
array (
  'prefix' => 'wpr',
  'licensing_servers' => 
  array (
    0 => 'https://dashboard.wpreset.com/api/',
  ),
  'version' => '2.04',
  'plugin_file' => 'C:\\xampp\\htdocs\\studio02\\wp-content\\plugins\\wp-reset\\wp-reset.php',
  'plugin_page' => 'tools_page_wp-reset',
  'skip_hooks' => false,
  'debug' => true,
  'js_folder' => 'http://localhost/studio02/wp-content/plugins/wp-reset//js/',
)
array (
  'prefix' => 'wpr',
  'licensing_servers' => 
  array (
    0 => 'https://dashboard.wpreset.com/api/',
  ),
  'version' => '2.04',
  'slug' => 'wp-reset',
  'basename' => 'wp-reset/wp-reset.php',
  'plugin_page' => 'tools_page_wp-reset',
  'plugin_file' => 'C:\\xampp\\htdocs\\studio02\\wp-content\\plugins\\wp-reset\\wp-reset.php',
  'js_folder' => 'http://localhost/studio02/wp-content/plugins/wp-reset//js/',
  'api_ver' => 'v1/',
  'valid_forever' => '2035-01-01',
  'unlimited_installs' => 99999,
  'debug' => true,
  'filesystem_initialized' => false,
)

[Fri, 28 Feb 2025 08:04:08 +0000] wpr: __construct
array (
  'prefix' => 'wpr',
  'licensing_servers' => 
  array (
    0 => 'https://dashboard.wpreset.com/api/',
  ),
  'version' => '2.04',
  'plugin_file' => 'C:\\xampp\\htdocs\\studio02\\wp-content\\plugins\\wp-reset\\wp-reset.php',
  'plugin_page' => 'tools_page_wp-reset',
  'skip_hooks' => false,
  'debug' => true,
  'js_folder' => 'http://localhost/studio02/wp-content/plugins/wp-reset//js/',
)
array (
  'prefix' => 'wpr',
  'licensing_servers' => 
  array (
    0 => 'https://dashboard.wpreset.com/api/',
  ),
  'version' => '2.04',
  'slug' => 'wp-reset',
  'basename' => 'wp-reset/wp-reset.php',
  'plugin_page' => 'tools_page_wp-reset',
  'plugin_file' => 'C:\\xampp\\htdocs\\studio02\\wp-content\\plugins\\wp-reset\\wp-reset.php',
  'js_folder' => 'http://localhost/studio02/wp-content/plugins/wp-reset//js/',
  'api_ver' => 'v1/',
  'valid_forever' => '2035-01-01',
  'unlimited_installs' => 99999,
  'debug' => true,
  'filesystem_initialized' => false,
)

[Fri, 28 Feb 2025 08:04:13 +0000] wpr: __construct
array (
  'prefix' => 'wpr',
  'licensing_servers' => 
  array (
    0 => 'https://dashboard.wpreset.com/api/',
  ),
  'version' => '2.04',
  'plugin_file' => 'C:\\xampp\\htdocs\\studio02\\wp-content\\plugins\\wp-reset\\wp-reset.php',
  'plugin_page' => 'tools_page_wp-reset',
  'skip_hooks' => false,
  'debug' => true,
  'js_folder' => 'http://localhost/studio02/wp-content/plugins/wp-reset//js/',
)
array (
  'prefix' => 'wpr',
  'licensing_servers' => 
  array (
    0 => 'https://dashboard.wpreset.com/api/',
  ),
  'version' => '2.04',
  'slug' => 'wp-reset',
  'basename' => 'wp-reset/wp-reset.php',
  'plugin_page' => 'tools_page_wp-reset',
  'plugin_file' => 'C:\\xampp\\htdocs\\studio02\\wp-content\\plugins\\wp-reset\\wp-reset.php',
  'js_folder' => 'http://localhost/studio02/wp-content/plugins/wp-reset//js/',
  'api_ver' => 'v1/',
  'valid_forever' => '2035-01-01',
  'unlimited_installs' => 99999,
  'debug' => true,
  'filesystem_initialized' => false,
)

[Fri, 28 Feb 2025 08:04:14 +0000] wpr: __construct
array (
  'prefix' => 'wpr',
  'licensing_servers' => 
  array (
    0 => 'https://dashboard.wpreset.com/api/',
  ),
  'version' => '2.04',
  'plugin_file' => 'C:\\xampp\\htdocs\\studio02\\wp-content\\plugins\\wp-reset\\wp-reset.php',
  'plugin_page' => 'tools_page_wp-reset',
  'skip_hooks' => false,
  'debug' => true,
  'js_folder' => 'http://localhost/studio02/wp-content/plugins/wp-reset//js/',
)
array (
  'prefix' => 'wpr',
  'licensing_servers' => 
  array (
    0 => 'https://dashboard.wpreset.com/api/',
  ),
  'version' => '2.04',
  'slug' => 'wp-reset',
  'basename' => 'wp-reset/wp-reset.php',
  'plugin_page' => 'tools_page_wp-reset',
  'plugin_file' => 'C:\\xampp\\htdocs\\studio02\\wp-content\\plugins\\wp-reset\\wp-reset.php',
  'js_folder' => 'http://localhost/studio02/wp-content/plugins/wp-reset//js/',
  'api_ver' => 'v1/',
  'valid_forever' => '2035-01-01',
  'unlimited_installs' => 99999,
  'debug' => true,
  'filesystem_initialized' => false,
)

[Fri, 28 Feb 2025 08:04:16 +0000] wpr: __construct
array (
  'prefix' => 'wpr',
  'licensing_servers' => 
  array (
    0 => 'https://dashboard.wpreset.com/api/',
  ),
  'version' => '2.04',
  'plugin_file' => 'C:\\xampp\\htdocs\\studio02\\wp-content\\plugins\\wp-reset\\wp-reset.php',
  'plugin_page' => 'tools_page_wp-reset',
  'skip_hooks' => false,
  'debug' => true,
  'js_folder' => 'http://localhost/studio02/wp-content/plugins/wp-reset//js/',
)
array (
  'prefix' => 'wpr',
  'licensing_servers' => 
  array (
    0 => 'https://dashboard.wpreset.com/api/',
  ),
  'version' => '2.04',
  'slug' => 'wp-reset',
  'basename' => 'wp-reset/wp-reset.php',
  'plugin_page' => 'tools_page_wp-reset',
  'plugin_file' => 'C:\\xampp\\htdocs\\studio02\\wp-content\\plugins\\wp-reset\\wp-reset.php',
  'js_folder' => 'http://localhost/studio02/wp-content/plugins/wp-reset//js/',
  'api_ver' => 'v1/',
  'valid_forever' => '2035-01-01',
  'unlimited_installs' => 99999,
  'debug' => true,
  'filesystem_initialized' => false,
)

[Fri, 28 Feb 2025 08:04:20 +0000] wpr: __construct
array (
  'prefix' => 'wpr',
  'licensing_servers' => 
  array (
    0 => 'https://dashboard.wpreset.com/api/',
  ),
  'version' => '2.04',
  'plugin_file' => 'C:\\xampp\\htdocs\\studio02\\wp-content\\plugins\\wp-reset\\wp-reset.php',
  'plugin_page' => 'tools_page_wp-reset',
  'skip_hooks' => false,
  'debug' => true,
  'js_folder' => 'http://localhost/studio02/wp-content/plugins/wp-reset//js/',
)
array (
  'prefix' => 'wpr',
  'licensing_servers' => 
  array (
    0 => 'https://dashboard.wpreset.com/api/',
  ),
  'version' => '2.04',
  'slug' => 'wp-reset',
  'basename' => 'wp-reset/wp-reset.php',
  'plugin_page' => 'tools_page_wp-reset',
  'plugin_file' => 'C:\\xampp\\htdocs\\studio02\\wp-content\\plugins\\wp-reset\\wp-reset.php',
  'js_folder' => 'http://localhost/studio02/wp-content/plugins/wp-reset//js/',
  'api_ver' => 'v1/',
  'valid_forever' => '2035-01-01',
  'unlimited_installs' => 99999,
  'debug' => true,
  'filesystem_initialized' => false,
)

[Fri, 28 Feb 2025 08:04:20 +0000] wpr: __construct
array (
  'prefix' => 'wpr',
  'licensing_servers' => 
  array (
    0 => 'https://dashboard.wpreset.com/api/',
  ),
  'version' => '2.04',
  'plugin_file' => 'C:\\xampp\\htdocs\\studio02\\wp-content\\plugins\\wp-reset\\wp-reset.php',
  'plugin_page' => 'tools_page_wp-reset',
  'skip_hooks' => false,
  'debug' => true,
  'js_folder' => 'http://localhost/studio02/wp-content/plugins/wp-reset//js/',
)
array (
  'prefix' => 'wpr',
  'licensing_servers' => 
  array (
    0 => 'https://dashboard.wpreset.com/api/',
  ),
  'version' => '2.04',
  'slug' => 'wp-reset',
  'basename' => 'wp-reset/wp-reset.php',
  'plugin_page' => 'tools_page_wp-reset',
  'plugin_file' => 'C:\\xampp\\htdocs\\studio02\\wp-content\\plugins\\wp-reset\\wp-reset.php',
  'js_folder' => 'http://localhost/studio02/wp-content/plugins/wp-reset//js/',
  'api_ver' => 'v1/',
  'valid_forever' => '2035-01-01',
  'unlimited_installs' => 99999,
  'debug' => true,
  'filesystem_initialized' => false,
)

[Fri, 28 Feb 2025 08:04:24 +0000] wpr: __construct
array (
  'prefix' => 'wpr',
  'licensing_servers' => 
  array (
    0 => 'https://dashboard.wpreset.com/api/',
  ),
  'version' => '2.04',
  'plugin_file' => 'C:\\xampp\\htdocs\\studio02\\wp-content\\plugins\\wp-reset\\wp-reset.php',
  'plugin_page' => 'tools_page_wp-reset',
  'skip_hooks' => false,
  'debug' => true,
  'js_folder' => 'http://localhost/studio02/wp-content/plugins/wp-reset//js/',
)
array (
  'prefix' => 'wpr',
  'licensing_servers' => 
  array (
    0 => 'https://dashboard.wpreset.com/api/',
  ),
  'version' => '2.04',
  'slug' => 'wp-reset',
  'basename' => 'wp-reset/wp-reset.php',
  'plugin_page' => 'tools_page_wp-reset',
  'plugin_file' => 'C:\\xampp\\htdocs\\studio02\\wp-content\\plugins\\wp-reset\\wp-reset.php',
  'js_folder' => 'http://localhost/studio02/wp-content/plugins/wp-reset//js/',
  'api_ver' => 'v1/',
  'valid_forever' => '2035-01-01',
  'unlimited_installs' => 99999,
  'debug' => true,
  'filesystem_initialized' => false,
)

[Fri, 28 Feb 2025 08:04:24 +0000] wpr: __construct
array (
  'prefix' => 'wpr',
  'licensing_servers' => 
  array (
    0 => 'https://dashboard.wpreset.com/api/',
  ),
  'version' => '2.04',
  'plugin_file' => 'C:\\xampp\\htdocs\\studio02\\wp-content\\plugins\\wp-reset\\wp-reset.php',
  'plugin_page' => 'tools_page_wp-reset',
  'skip_hooks' => false,
  'debug' => true,
  'js_folder' => 'http://localhost/studio02/wp-content/plugins/wp-reset//js/',
)
array (
  'prefix' => 'wpr',
  'licensing_servers' => 
  array (
    0 => 'https://dashboard.wpreset.com/api/',
  ),
  'version' => '2.04',
  'slug' => 'wp-reset',
  'basename' => 'wp-reset/wp-reset.php',
  'plugin_page' => 'tools_page_wp-reset',
  'plugin_file' => 'C:\\xampp\\htdocs\\studio02\\wp-content\\plugins\\wp-reset\\wp-reset.php',
  'js_folder' => 'http://localhost/studio02/wp-content/plugins/wp-reset//js/',
  'api_ver' => 'v1/',
  'valid_forever' => '2035-01-01',
  'unlimited_installs' => 99999,
  'debug' => true,
  'filesystem_initialized' => false,
)

[Fri, 28 Feb 2025 08:04:28 +0000] wpr: __construct
array (
  'prefix' => 'wpr',
  'licensing_servers' => 
  array (
    0 => 'https://dashboard.wpreset.com/api/',
  ),
  'version' => '2.04',
  'plugin_file' => 'C:\\xampp\\htdocs\\studio02\\wp-content\\plugins\\wp-reset\\wp-reset.php',
  'plugin_page' => 'tools_page_wp-reset',
  'skip_hooks' => false,
  'debug' => true,
  'js_folder' => 'http://localhost/studio02/wp-content/plugins/wp-reset//js/',
)
array (
  'prefix' => 'wpr',
  'licensing_servers' => 
  array (
    0 => 'https://dashboard.wpreset.com/api/',
  ),
  'version' => '2.04',
  'slug' => 'wp-reset',
  'basename' => 'wp-reset/wp-reset.php',
  'plugin_page' => 'tools_page_wp-reset',
  'plugin_file' => 'C:\\xampp\\htdocs\\studio02\\wp-content\\plugins\\wp-reset\\wp-reset.php',
  'js_folder' => 'http://localhost/studio02/wp-content/plugins/wp-reset//js/',
  'api_ver' => 'v1/',
  'valid_forever' => '2035-01-01',
  'unlimited_installs' => 99999,
  'debug' => true,
  'filesystem_initialized' => false,
)

[Fri, 28 Feb 2025 08:04:29 +0000] wpr: __construct
array (
  'prefix' => 'wpr',
  'licensing_servers' => 
  array (
    0 => 'https://dashboard.wpreset.com/api/',
  ),
  'version' => '2.04',
  'plugin_file' => 'C:\\xampp\\htdocs\\studio02\\wp-content\\plugins\\wp-reset\\wp-reset.php',
  'plugin_page' => 'tools_page_wp-reset',
  'skip_hooks' => false,
  'debug' => true,
  'js_folder' => 'http://localhost/studio02/wp-content/plugins/wp-reset//js/',
)
array (
  'prefix' => 'wpr',
  'licensing_servers' => 
  array (
    0 => 'https://dashboard.wpreset.com/api/',
  ),
  'version' => '2.04',
  'slug' => 'wp-reset',
  'basename' => 'wp-reset/wp-reset.php',
  'plugin_page' => 'tools_page_wp-reset',
  'plugin_file' => 'C:\\xampp\\htdocs\\studio02\\wp-content\\plugins\\wp-reset\\wp-reset.php',
  'js_folder' => 'http://localhost/studio02/wp-content/plugins/wp-reset//js/',
  'api_ver' => 'v1/',
  'valid_forever' => '2035-01-01',
  'unlimited_installs' => 99999,
  'debug' => true,
  'filesystem_initialized' => false,
)

[Fri, 28 Feb 2025 08:04:34 +0000] wpr: __construct
array (
  'prefix' => 'wpr',
  'licensing_servers' => 
  array (
    0 => 'https://dashboard.wpreset.com/api/',
  ),
  'version' => '2.04',
  'plugin_file' => 'C:\\xampp\\htdocs\\studio02\\wp-content\\plugins\\wp-reset\\wp-reset.php',
  'plugin_page' => 'tools_page_wp-reset',
  'skip_hooks' => false,
  'debug' => true,
  'js_folder' => 'http://localhost/studio02/wp-content/plugins/wp-reset//js/',
)
array (
  'prefix' => 'wpr',
  'licensing_servers' => 
  array (
    0 => 'https://dashboard.wpreset.com/api/',
  ),
  'version' => '2.04',
  'slug' => 'wp-reset',
  'basename' => 'wp-reset/wp-reset.php',
  'plugin_page' => 'tools_page_wp-reset',
  'plugin_file' => 'C:\\xampp\\htdocs\\studio02\\wp-content\\plugins\\wp-reset\\wp-reset.php',
  'js_folder' => 'http://localhost/studio02/wp-content/plugins/wp-reset//js/',
  'api_ver' => 'v1/',
  'valid_forever' => '2035-01-01',
  'unlimited_installs' => 99999,
  'debug' => true,
  'filesystem_initialized' => false,
)

[Fri, 28 Feb 2025 08:04:35 +0000] wpr: __construct
array (
  'prefix' => 'wpr',
  'licensing_servers' => 
  array (
    0 => 'https://dashboard.wpreset.com/api/',
  ),
  'version' => '2.04',
  'plugin_file' => 'C:\\xampp\\htdocs\\studio02\\wp-content\\plugins\\wp-reset\\wp-reset.php',
  'plugin_page' => 'tools_page_wp-reset',
  'skip_hooks' => false,
  'debug' => true,
  'js_folder' => 'http://localhost/studio02/wp-content/plugins/wp-reset//js/',
)
array (
  'prefix' => 'wpr',
  'licensing_servers' => 
  array (
    0 => 'https://dashboard.wpreset.com/api/',
  ),
  'version' => '2.04',
  'slug' => 'wp-reset',
  'basename' => 'wp-reset/wp-reset.php',
  'plugin_page' => 'tools_page_wp-reset',
  'plugin_file' => 'C:\\xampp\\htdocs\\studio02\\wp-content\\plugins\\wp-reset\\wp-reset.php',
  'js_folder' => 'http://localhost/studio02/wp-content/plugins/wp-reset//js/',
  'api_ver' => 'v1/',
  'valid_forever' => '2035-01-01',
  'unlimited_installs' => 99999,
  'debug' => true,
  'filesystem_initialized' => false,
)

[Fri, 28 Feb 2025 08:04:36 +0000] wpr: __construct
array (
  'prefix' => 'wpr',
  'licensing_servers' => 
  array (
    0 => 'https://dashboard.wpreset.com/api/',
  ),
  'version' => '2.04',
  'plugin_file' => 'C:\\xampp\\htdocs\\studio02\\wp-content\\plugins\\wp-reset\\wp-reset.php',
  'plugin_page' => 'tools_page_wp-reset',
  'skip_hooks' => false,
  'debug' => true,
  'js_folder' => 'http://localhost/studio02/wp-content/plugins/wp-reset//js/',
)
array (
  'prefix' => 'wpr',
  'licensing_servers' => 
  array (
    0 => 'https://dashboard.wpreset.com/api/',
  ),
  'version' => '2.04',
  'slug' => 'wp-reset',
  'basename' => 'wp-reset/wp-reset.php',
  'plugin_page' => 'tools_page_wp-reset',
  'plugin_file' => 'C:\\xampp\\htdocs\\studio02\\wp-content\\plugins\\wp-reset\\wp-reset.php',
  'js_folder' => 'http://localhost/studio02/wp-content/plugins/wp-reset//js/',
  'api_ver' => 'v1/',
  'valid_forever' => '2035-01-01',
  'unlimited_installs' => 99999,
  'debug' => true,
  'filesystem_initialized' => false,
)

[Fri, 28 Feb 2025 08:04:37 +0000] wpr: __construct
array (
  'prefix' => 'wpr',
  'licensing_servers' => 
  array (
    0 => 'https://dashboard.wpreset.com/api/',
  ),
  'version' => '2.04',
  'plugin_file' => 'C:\\xampp\\htdocs\\studio02\\wp-content\\plugins\\wp-reset\\wp-reset.php',
  'plugin_page' => 'tools_page_wp-reset',
  'skip_hooks' => false,
  'debug' => true,
  'js_folder' => 'http://localhost/studio02/wp-content/plugins/wp-reset//js/',
)
array (
  'prefix' => 'wpr',
  'licensing_servers' => 
  array (
    0 => 'https://dashboard.wpreset.com/api/',
  ),
  'version' => '2.04',
  'slug' => 'wp-reset',
  'basename' => 'wp-reset/wp-reset.php',
  'plugin_page' => 'tools_page_wp-reset',
  'plugin_file' => 'C:\\xampp\\htdocs\\studio02\\wp-content\\plugins\\wp-reset\\wp-reset.php',
  'js_folder' => 'http://localhost/studio02/wp-content/plugins/wp-reset//js/',
  'api_ver' => 'v1/',
  'valid_forever' => '2035-01-01',
  'unlimited_installs' => 99999,
  'debug' => true,
  'filesystem_initialized' => false,
)

[Fri, 28 Feb 2025 08:04:38 +0000] wpr: __construct
array (
  'prefix' => 'wpr',
  'licensing_servers' => 
  array (
    0 => 'https://dashboard.wpreset.com/api/',
  ),
  'version' => '2.04',
  'plugin_file' => 'C:\\xampp\\htdocs\\studio02\\wp-content\\plugins\\wp-reset\\wp-reset.php',
  'plugin_page' => 'tools_page_wp-reset',
  'skip_hooks' => false,
  'debug' => true,
  'js_folder' => 'http://localhost/studio02/wp-content/plugins/wp-reset//js/',
)
array (
  'prefix' => 'wpr',
  'licensing_servers' => 
  array (
    0 => 'https://dashboard.wpreset.com/api/',
  ),
  'version' => '2.04',
  'slug' => 'wp-reset',
  'basename' => 'wp-reset/wp-reset.php',
  'plugin_page' => 'tools_page_wp-reset',
  'plugin_file' => 'C:\\xampp\\htdocs\\studio02\\wp-content\\plugins\\wp-reset\\wp-reset.php',
  'js_folder' => 'http://localhost/studio02/wp-content/plugins/wp-reset//js/',
  'api_ver' => 'v1/',
  'valid_forever' => '2035-01-01',
  'unlimited_installs' => 99999,
  'debug' => true,
  'filesystem_initialized' => false,
)

[Fri, 28 Feb 2025 08:04:39 +0000] wpr: __construct
array (
  'prefix' => 'wpr',
  'licensing_servers' => 
  array (
    0 => 'https://dashboard.wpreset.com/api/',
  ),
  'version' => '2.04',
  'plugin_file' => 'C:\\xampp\\htdocs\\studio02\\wp-content\\plugins\\wp-reset\\wp-reset.php',
  'plugin_page' => 'tools_page_wp-reset',
  'skip_hooks' => false,
  'debug' => true,
  'js_folder' => 'http://localhost/studio02/wp-content/plugins/wp-reset//js/',
)
array (
  'prefix' => 'wpr',
  'licensing_servers' => 
  array (
    0 => 'https://dashboard.wpreset.com/api/',
  ),
  'version' => '2.04',
  'slug' => 'wp-reset',
  'basename' => 'wp-reset/wp-reset.php',
  'plugin_page' => 'tools_page_wp-reset',
  'plugin_file' => 'C:\\xampp\\htdocs\\studio02\\wp-content\\plugins\\wp-reset\\wp-reset.php',
  'js_folder' => 'http://localhost/studio02/wp-content/plugins/wp-reset//js/',
  'api_ver' => 'v1/',
  'valid_forever' => '2035-01-01',
  'unlimited_installs' => 99999,
  'debug' => true,
  'filesystem_initialized' => false,
)

[Fri, 28 Feb 2025 08:04:50 +0000] wpr: __construct
array (
  'prefix' => 'wpr',
  'licensing_servers' => 
  array (
    0 => 'https://dashboard.wpreset.com/api/',
  ),
  'version' => '2.04',
  'plugin_file' => 'C:\\xampp\\htdocs\\studio02\\wp-content\\plugins\\wp-reset\\wp-reset.php',
  'plugin_page' => 'tools_page_wp-reset',
  'skip_hooks' => false,
  'debug' => true,
  'js_folder' => 'http://localhost/studio02/wp-content/plugins/wp-reset//js/',
)
array (
  'prefix' => 'wpr',
  'licensing_servers' => 
  array (
    0 => 'https://dashboard.wpreset.com/api/',
  ),
  'version' => '2.04',
  'slug' => 'wp-reset',
  'basename' => 'wp-reset/wp-reset.php',
  'plugin_page' => 'tools_page_wp-reset',
  'plugin_file' => 'C:\\xampp\\htdocs\\studio02\\wp-content\\plugins\\wp-reset\\wp-reset.php',
  'js_folder' => 'http://localhost/studio02/wp-content/plugins/wp-reset//js/',
  'api_ver' => 'v1/',
  'valid_forever' => '2035-01-01',
  'unlimited_installs' => 99999,
  'debug' => true,
  'filesystem_initialized' => false,
)

[Fri, 28 Feb 2025 08:04:51 +0000] wpr: __construct
array (
  'prefix' => 'wpr',
  'licensing_servers' => 
  array (
    0 => 'https://dashboard.wpreset.com/api/',
  ),
  'version' => '2.04',
  'plugin_file' => 'C:\\xampp\\htdocs\\studio02\\wp-content\\plugins\\wp-reset\\wp-reset.php',
  'plugin_page' => 'tools_page_wp-reset',
  'skip_hooks' => false,
  'debug' => true,
  'js_folder' => 'http://localhost/studio02/wp-content/plugins/wp-reset//js/',
)
array (
  'prefix' => 'wpr',
  'licensing_servers' => 
  array (
    0 => 'https://dashboard.wpreset.com/api/',
  ),
  'version' => '2.04',
  'slug' => 'wp-reset',
  'basename' => 'wp-reset/wp-reset.php',
  'plugin_page' => 'tools_page_wp-reset',
  'plugin_file' => 'C:\\xampp\\htdocs\\studio02\\wp-content\\plugins\\wp-reset\\wp-reset.php',
  'js_folder' => 'http://localhost/studio02/wp-content/plugins/wp-reset//js/',
  'api_ver' => 'v1/',
  'valid_forever' => '2035-01-01',
  'unlimited_installs' => 99999,
  'debug' => true,
  'filesystem_initialized' => false,
)

[Fri, 28 Feb 2025 08:04:52 +0000] wpr: __construct
array (
  'prefix' => 'wpr',
  'licensing_servers' => 
  array (
    0 => 'https://dashboard.wpreset.com/api/',
  ),
  'version' => '2.04',
  'plugin_file' => 'C:\\xampp\\htdocs\\studio02\\wp-content\\plugins\\wp-reset\\wp-reset.php',
  'plugin_page' => 'tools_page_wp-reset',
  'skip_hooks' => false,
  'debug' => true,
  'js_folder' => 'http://localhost/studio02/wp-content/plugins/wp-reset//js/',
)
array (
  'prefix' => 'wpr',
  'licensing_servers' => 
  array (
    0 => 'https://dashboard.wpreset.com/api/',
  ),
  'version' => '2.04',
  'slug' => 'wp-reset',
  'basename' => 'wp-reset/wp-reset.php',
  'plugin_page' => 'tools_page_wp-reset',
  'plugin_file' => 'C:\\xampp\\htdocs\\studio02\\wp-content\\plugins\\wp-reset\\wp-reset.php',
  'js_folder' => 'http://localhost/studio02/wp-content/plugins/wp-reset//js/',
  'api_ver' => 'v1/',
  'valid_forever' => '2035-01-01',
  'unlimited_installs' => 99999,
  'debug' => true,
  'filesystem_initialized' => false,
)

[Fri, 28 Feb 2025 08:04:53 +0000] wpr: __construct
array (
  'prefix' => 'wpr',
  'licensing_servers' => 
  array (
    0 => 'https://dashboard.wpreset.com/api/',
  ),
  'version' => '2.04',
  'plugin_file' => 'C:\\xampp\\htdocs\\studio02\\wp-content\\plugins\\wp-reset\\wp-reset.php',
  'plugin_page' => 'tools_page_wp-reset',
  'skip_hooks' => false,
  'debug' => true,
  'js_folder' => 'http://localhost/studio02/wp-content/plugins/wp-reset//js/',
)
array (
  'prefix' => 'wpr',
  'licensing_servers' => 
  array (
    0 => 'https://dashboard.wpreset.com/api/',
  ),
  'version' => '2.04',
  'slug' => 'wp-reset',
  'basename' => 'wp-reset/wp-reset.php',
  'plugin_page' => 'tools_page_wp-reset',
  'plugin_file' => 'C:\\xampp\\htdocs\\studio02\\wp-content\\plugins\\wp-reset\\wp-reset.php',
  'js_folder' => 'http://localhost/studio02/wp-content/plugins/wp-reset//js/',
  'api_ver' => 'v1/',
  'valid_forever' => '2035-01-01',
  'unlimited_installs' => 99999,
  'debug' => true,
  'filesystem_initialized' => false,
)

[Fri, 28 Feb 2025 08:04:54 +0000] wpr: __construct
array (
  'prefix' => 'wpr',
  'licensing_servers' => 
  array (
    0 => 'https://dashboard.wpreset.com/api/',
  ),
  'version' => '2.04',
  'plugin_file' => 'C:\\xampp\\htdocs\\studio02\\wp-content\\plugins\\wp-reset\\wp-reset.php',
  'plugin_page' => 'tools_page_wp-reset',
  'skip_hooks' => false,
  'debug' => true,
  'js_folder' => 'http://localhost/studio02/wp-content/plugins/wp-reset//js/',
)
array (
  'prefix' => 'wpr',
  'licensing_servers' => 
  array (
    0 => 'https://dashboard.wpreset.com/api/',
  ),
  'version' => '2.04',
  'slug' => 'wp-reset',
  'basename' => 'wp-reset/wp-reset.php',
  'plugin_page' => 'tools_page_wp-reset',
  'plugin_file' => 'C:\\xampp\\htdocs\\studio02\\wp-content\\plugins\\wp-reset\\wp-reset.php',
  'js_folder' => 'http://localhost/studio02/wp-content/plugins/wp-reset//js/',
  'api_ver' => 'v1/',
  'valid_forever' => '2035-01-01',
  'unlimited_installs' => 99999,
  'debug' => true,
  'filesystem_initialized' => false,
)

[Fri, 28 Feb 2025 08:04:58 +0000] wpr: __construct
array (
  'prefix' => 'wpr',
  'licensing_servers' => 
  array (
    0 => 'https://dashboard.wpreset.com/api/',
  ),
  'version' => '2.04',
  'plugin_file' => 'C:\\xampp\\htdocs\\studio02\\wp-content\\plugins\\wp-reset\\wp-reset.php',
  'plugin_page' => 'tools_page_wp-reset',
  'skip_hooks' => false,
  'debug' => true,
  'js_folder' => 'http://localhost/studio02/wp-content/plugins/wp-reset//js/',
)
array (
  'prefix' => 'wpr',
  'licensing_servers' => 
  array (
    0 => 'https://dashboard.wpreset.com/api/',
  ),
  'version' => '2.04',
  'slug' => 'wp-reset',
  'basename' => 'wp-reset/wp-reset.php',
  'plugin_page' => 'tools_page_wp-reset',
  'plugin_file' => 'C:\\xampp\\htdocs\\studio02\\wp-content\\plugins\\wp-reset\\wp-reset.php',
  'js_folder' => 'http://localhost/studio02/wp-content/plugins/wp-reset//js/',
  'api_ver' => 'v1/',
  'valid_forever' => '2035-01-01',
  'unlimited_installs' => 99999,
  'debug' => true,
  'filesystem_initialized' => false,
)

[Fri, 28 Feb 2025 08:05:05 +0000] wpr: __construct
array (
  'prefix' => 'wpr',
  'licensing_servers' => 
  array (
    0 => 'https://dashboard.wpreset.com/api/',
  ),
  'version' => '2.04',
  'plugin_file' => 'C:\\xampp\\htdocs\\studio02\\wp-content\\plugins\\wp-reset\\wp-reset.php',
  'plugin_page' => 'tools_page_wp-reset',
  'skip_hooks' => false,
  'debug' => true,
  'js_folder' => 'http://localhost/studio02/wp-content/plugins/wp-reset//js/',
)
array (
  'prefix' => 'wpr',
  'licensing_servers' => 
  array (
    0 => 'https://dashboard.wpreset.com/api/',
  ),
  'version' => '2.04',
  'slug' => 'wp-reset',
  'basename' => 'wp-reset/wp-reset.php',
  'plugin_page' => 'tools_page_wp-reset',
  'plugin_file' => 'C:\\xampp\\htdocs\\studio02\\wp-content\\plugins\\wp-reset\\wp-reset.php',
  'js_folder' => 'http://localhost/studio02/wp-content/plugins/wp-reset//js/',
  'api_ver' => 'v1/',
  'valid_forever' => '2035-01-01',
  'unlimited_installs' => 99999,
  'debug' => true,
  'filesystem_initialized' => false,
)

[Fri, 28 Feb 2025 08:05:10 +0000] wpr: __construct
array (
  'prefix' => 'wpr',
  'licensing_servers' => 
  array (
    0 => 'https://dashboard.wpreset.com/api/',
  ),
  'version' => '2.04',
  'plugin_file' => 'C:\\xampp\\htdocs\\studio02\\wp-content\\plugins\\wp-reset\\wp-reset.php',
  'plugin_page' => 'tools_page_wp-reset',
  'skip_hooks' => false,
  'debug' => true,
  'js_folder' => 'http://localhost/studio02/wp-content/plugins/wp-reset//js/',
)
array (
  'prefix' => 'wpr',
  'licensing_servers' => 
  array (
    0 => 'https://dashboard.wpreset.com/api/',
  ),
  'version' => '2.04',
  'slug' => 'wp-reset',
  'basename' => 'wp-reset/wp-reset.php',
  'plugin_page' => 'tools_page_wp-reset',
  'plugin_file' => 'C:\\xampp\\htdocs\\studio02\\wp-content\\plugins\\wp-reset\\wp-reset.php',
  'js_folder' => 'http://localhost/studio02/wp-content/plugins/wp-reset//js/',
  'api_ver' => 'v1/',
  'valid_forever' => '2035-01-01',
  'unlimited_installs' => 99999,
  'debug' => true,
  'filesystem_initialized' => false,
)

[Fri, 28 Feb 2025 08:05:11 +0000] wpr: __construct
array (
  'prefix' => 'wpr',
  'licensing_servers' => 
  array (
    0 => 'https://dashboard.wpreset.com/api/',
  ),
  'version' => '2.04',
  'plugin_file' => 'C:\\xampp\\htdocs\\studio02\\wp-content\\plugins\\wp-reset\\wp-reset.php',
  'plugin_page' => 'tools_page_wp-reset',
  'skip_hooks' => false,
  'debug' => true,
  'js_folder' => 'http://localhost/studio02/wp-content/plugins/wp-reset//js/',
)
array (
  'prefix' => 'wpr',
  'licensing_servers' => 
  array (
    0 => 'https://dashboard.wpreset.com/api/',
  ),
  'version' => '2.04',
  'slug' => 'wp-reset',
  'basename' => 'wp-reset/wp-reset.php',
  'plugin_page' => 'tools_page_wp-reset',
  'plugin_file' => 'C:\\xampp\\htdocs\\studio02\\wp-content\\plugins\\wp-reset\\wp-reset.php',
  'js_folder' => 'http://localhost/studio02/wp-content/plugins/wp-reset//js/',
  'api_ver' => 'v1/',
  'valid_forever' => '2035-01-01',
  'unlimited_installs' => 99999,
  'debug' => true,
  'filesystem_initialized' => false,
)

[Fri, 28 Feb 2025 08:05:12 +0000] wpr: __construct
array (
  'prefix' => 'wpr',
  'licensing_servers' => 
  array (
    0 => 'https://dashboard.wpreset.com/api/',
  ),
  'version' => '2.04',
  'plugin_file' => 'C:\\xampp\\htdocs\\studio02\\wp-content\\plugins\\wp-reset\\wp-reset.php',
  'plugin_page' => 'tools_page_wp-reset',
  'skip_hooks' => false,
  'debug' => true,
  'js_folder' => 'http://localhost/studio02/wp-content/plugins/wp-reset//js/',
)
array (
  'prefix' => 'wpr',
  'licensing_servers' => 
  array (
    0 => 'https://dashboard.wpreset.com/api/',
  ),
  'version' => '2.04',
  'slug' => 'wp-reset',
  'basename' => 'wp-reset/wp-reset.php',
  'plugin_page' => 'tools_page_wp-reset',
  'plugin_file' => 'C:\\xampp\\htdocs\\studio02\\wp-content\\plugins\\wp-reset\\wp-reset.php',
  'js_folder' => 'http://localhost/studio02/wp-content/plugins/wp-reset//js/',
  'api_ver' => 'v1/',
  'valid_forever' => '2035-01-01',
  'unlimited_installs' => 99999,
  'debug' => true,
  'filesystem_initialized' => false,
)

[Fri, 28 Feb 2025 08:05:13 +0000] wpr: __construct
array (
  'prefix' => 'wpr',
  'licensing_servers' => 
  array (
    0 => 'https://dashboard.wpreset.com/api/',
  ),
  'version' => '2.04',
  'plugin_file' => 'C:\\xampp\\htdocs\\studio02\\wp-content\\plugins\\wp-reset\\wp-reset.php',
  'plugin_page' => 'tools_page_wp-reset',
  'skip_hooks' => false,
  'debug' => true,
  'js_folder' => 'http://localhost/studio02/wp-content/plugins/wp-reset//js/',
)
array (
  'prefix' => 'wpr',
  'licensing_servers' => 
  array (
    0 => 'https://dashboard.wpreset.com/api/',
  ),
  'version' => '2.04',
  'slug' => 'wp-reset',
  'basename' => 'wp-reset/wp-reset.php',
  'plugin_page' => 'tools_page_wp-reset',
  'plugin_file' => 'C:\\xampp\\htdocs\\studio02\\wp-content\\plugins\\wp-reset\\wp-reset.php',
  'js_folder' => 'http://localhost/studio02/wp-content/plugins/wp-reset//js/',
  'api_ver' => 'v1/',
  'valid_forever' => '2035-01-01',
  'unlimited_installs' => 99999,
  'debug' => true,
  'filesystem_initialized' => false,
)

[Fri, 28 Feb 2025 08:05:17 +0000] wpr: __construct
array (
  'prefix' => 'wpr',
  'licensing_servers' => 
  array (
    0 => 'https://dashboard.wpreset.com/api/',
  ),
  'version' => '2.04',
  'plugin_file' => 'C:\\xampp\\htdocs\\studio02\\wp-content\\plugins\\wp-reset\\wp-reset.php',
  'plugin_page' => 'tools_page_wp-reset',
  'skip_hooks' => false,
  'debug' => true,
  'js_folder' => 'http://localhost/studio02/wp-content/plugins/wp-reset//js/',
)
array (
  'prefix' => 'wpr',
  'licensing_servers' => 
  array (
    0 => 'https://dashboard.wpreset.com/api/',
  ),
  'version' => '2.04',
  'slug' => 'wp-reset',
  'basename' => 'wp-reset/wp-reset.php',
  'plugin_page' => 'tools_page_wp-reset',
  'plugin_file' => 'C:\\xampp\\htdocs\\studio02\\wp-content\\plugins\\wp-reset\\wp-reset.php',
  'js_folder' => 'http://localhost/studio02/wp-content/plugins/wp-reset//js/',
  'api_ver' => 'v1/',
  'valid_forever' => '2035-01-01',
  'unlimited_installs' => 99999,
  'debug' => true,
  'filesystem_initialized' => false,
)

[Fri, 28 Feb 2025 08:05:25 +0000] wpr: __construct
array (
  'prefix' => 'wpr',
  'licensing_servers' => 
  array (
    0 => 'https://dashboard.wpreset.com/api/',
  ),
  'version' => '2.04',
  'plugin_file' => 'C:\\xampp\\htdocs\\studio02\\wp-content\\plugins\\wp-reset\\wp-reset.php',
  'plugin_page' => 'tools_page_wp-reset',
  'skip_hooks' => false,
  'debug' => true,
  'js_folder' => 'http://localhost/studio02/wp-content/plugins/wp-reset//js/',
)
array (
  'prefix' => 'wpr',
  'licensing_servers' => 
  array (
    0 => 'https://dashboard.wpreset.com/api/',
  ),
  'version' => '2.04',
  'slug' => 'wp-reset',
  'basename' => 'wp-reset/wp-reset.php',
  'plugin_page' => 'tools_page_wp-reset',
  'plugin_file' => 'C:\\xampp\\htdocs\\studio02\\wp-content\\plugins\\wp-reset\\wp-reset.php',
  'js_folder' => 'http://localhost/studio02/wp-content/plugins/wp-reset//js/',
  'api_ver' => 'v1/',
  'valid_forever' => '2035-01-01',
  'unlimited_installs' => 99999,
  'debug' => true,
  'filesystem_initialized' => false,
)

[Fri, 28 Feb 2025 08:05:25 +0000] wpr: __construct
array (
  'prefix' => 'wpr',
  'licensing_servers' => 
  array (
    0 => 'https://dashboard.wpreset.com/api/',
  ),
  'version' => '2.04',
  'plugin_file' => 'C:\\xampp\\htdocs\\studio02\\wp-content\\plugins\\wp-reset\\wp-reset.php',
  'plugin_page' => 'tools_page_wp-reset',
  'skip_hooks' => false,
  'debug' => true,
  'js_folder' => 'http://localhost/studio02/wp-content/plugins/wp-reset//js/',
)
array (
  'prefix' => 'wpr',
  'licensing_servers' => 
  array (
    0 => 'https://dashboard.wpreset.com/api/',
  ),
  'version' => '2.04',
  'slug' => 'wp-reset',
  'basename' => 'wp-reset/wp-reset.php',
  'plugin_page' => 'tools_page_wp-reset',
  'plugin_file' => 'C:\\xampp\\htdocs\\studio02\\wp-content\\plugins\\wp-reset\\wp-reset.php',
  'js_folder' => 'http://localhost/studio02/wp-content/plugins/wp-reset//js/',
  'api_ver' => 'v1/',
  'valid_forever' => '2035-01-01',
  'unlimited_installs' => 99999,
  'debug' => true,
  'filesystem_initialized' => false,
)

[Fri, 28 Feb 2025 08:05:25 +0000] wpr: __construct
array (
  'prefix' => 'wpr',
  'licensing_servers' => 
  array (
    0 => 'https://dashboard.wpreset.com/api/',
  ),
  'version' => '2.04',
  'plugin_file' => 'C:\\xampp\\htdocs\\studio02\\wp-content\\plugins\\wp-reset\\wp-reset.php',
  'plugin_page' => 'tools_page_wp-reset',
  'skip_hooks' => false,
  'debug' => true,
  'js_folder' => 'http://localhost/studio02/wp-content/plugins/wp-reset//js/',
)
array (
  'prefix' => 'wpr',
  'licensing_servers' => 
  array (
    0 => 'https://dashboard.wpreset.com/api/',
  ),
  'version' => '2.04',
  'slug' => 'wp-reset',
  'basename' => 'wp-reset/wp-reset.php',
  'plugin_page' => 'tools_page_wp-reset',
  'plugin_file' => 'C:\\xampp\\htdocs\\studio02\\wp-content\\plugins\\wp-reset\\wp-reset.php',
  'js_folder' => 'http://localhost/studio02/wp-content/plugins/wp-reset//js/',
  'api_ver' => 'v1/',
  'valid_forever' => '2035-01-01',
  'unlimited_installs' => 99999,
  'debug' => true,
  'filesystem_initialized' => false,
)

[Fri, 28 Feb 2025 08:05:28 +0000] wpr: __construct
array (
  'prefix' => 'wpr',
  'licensing_servers' => 
  array (
    0 => 'https://dashboard.wpreset.com/api/',
  ),
  'version' => '2.04',
  'plugin_file' => 'C:\\xampp\\htdocs\\studio02\\wp-content\\plugins\\wp-reset\\wp-reset.php',
  'plugin_page' => 'tools_page_wp-reset',
  'skip_hooks' => false,
  'debug' => true,
  'js_folder' => 'http://localhost/studio02/wp-content/plugins/wp-reset//js/',
)
array (
  'prefix' => 'wpr',
  'licensing_servers' => 
  array (
    0 => 'https://dashboard.wpreset.com/api/',
  ),
  'version' => '2.04',
  'slug' => 'wp-reset',
  'basename' => 'wp-reset/wp-reset.php',
  'plugin_page' => 'tools_page_wp-reset',
  'plugin_file' => 'C:\\xampp\\htdocs\\studio02\\wp-content\\plugins\\wp-reset\\wp-reset.php',
  'js_folder' => 'http://localhost/studio02/wp-content/plugins/wp-reset//js/',
  'api_ver' => 'v1/',
  'valid_forever' => '2035-01-01',
  'unlimited_installs' => 99999,
  'debug' => true,
  'filesystem_initialized' => false,
)

[Fri, 28 Feb 2025 08:05:32 +0000] wpr: __construct
array (
  'prefix' => 'wpr',
  'licensing_servers' => 
  array (
    0 => 'https://dashboard.wpreset.com/api/',
  ),
  'version' => '2.04',
  'plugin_file' => 'C:\\xampp\\htdocs\\studio02\\wp-content\\plugins\\wp-reset\\wp-reset.php',
  'plugin_page' => 'tools_page_wp-reset',
  'skip_hooks' => false,
  'debug' => true,
  'js_folder' => 'http://localhost/studio02/wp-content/plugins/wp-reset//js/',
)
array (
  'prefix' => 'wpr',
  'licensing_servers' => 
  array (
    0 => 'https://dashboard.wpreset.com/api/',
  ),
  'version' => '2.04',
  'slug' => 'wp-reset',
  'basename' => 'wp-reset/wp-reset.php',
  'plugin_page' => 'tools_page_wp-reset',
  'plugin_file' => 'C:\\xampp\\htdocs\\studio02\\wp-content\\plugins\\wp-reset\\wp-reset.php',
  'js_folder' => 'http://localhost/studio02/wp-content/plugins/wp-reset//js/',
  'api_ver' => 'v1/',
  'valid_forever' => '2035-01-01',
  'unlimited_installs' => 99999,
  'debug' => true,
  'filesystem_initialized' => false,
)

[Fri, 28 Feb 2025 08:05:39 +0000] wpr: __construct
array (
  'prefix' => 'wpr',
  'licensing_servers' => 
  array (
    0 => 'https://dashboard.wpreset.com/api/',
  ),
  'version' => '2.04',
  'plugin_file' => 'C:\\xampp\\htdocs\\studio02\\wp-content\\plugins\\wp-reset\\wp-reset.php',
  'plugin_page' => 'tools_page_wp-reset',
  'skip_hooks' => false,
  'debug' => true,
  'js_folder' => 'http://localhost/studio02/wp-content/plugins/wp-reset//js/',
)
array (
  'prefix' => 'wpr',
  'licensing_servers' => 
  array (
    0 => 'https://dashboard.wpreset.com/api/',
  ),
  'version' => '2.04',
  'slug' => 'wp-reset',
  'basename' => 'wp-reset/wp-reset.php',
  'plugin_page' => 'tools_page_wp-reset',
  'plugin_file' => 'C:\\xampp\\htdocs\\studio02\\wp-content\\plugins\\wp-reset\\wp-reset.php',
  'js_folder' => 'http://localhost/studio02/wp-content/plugins/wp-reset//js/',
  'api_ver' => 'v1/',
  'valid_forever' => '2035-01-01',
  'unlimited_installs' => 99999,
  'debug' => true,
  'filesystem_initialized' => false,
)

[Fri, 28 Feb 2025 08:05:40 +0000] wpr: __construct
array (
  'prefix' => 'wpr',
  'licensing_servers' => 
  array (
    0 => 'https://dashboard.wpreset.com/api/',
  ),
  'version' => '2.04',
  'plugin_file' => 'C:\\xampp\\htdocs\\studio02\\wp-content\\plugins\\wp-reset\\wp-reset.php',
  'plugin_page' => 'tools_page_wp-reset',
  'skip_hooks' => false,
  'debug' => true,
  'js_folder' => 'http://localhost/studio02/wp-content/plugins/wp-reset//js/',
)
array (
  'prefix' => 'wpr',
  'licensing_servers' => 
  array (
    0 => 'https://dashboard.wpreset.com/api/',
  ),
  'version' => '2.04',
  'slug' => 'wp-reset',
  'basename' => 'wp-reset/wp-reset.php',
  'plugin_page' => 'tools_page_wp-reset',
  'plugin_file' => 'C:\\xampp\\htdocs\\studio02\\wp-content\\plugins\\wp-reset\\wp-reset.php',
  'js_folder' => 'http://localhost/studio02/wp-content/plugins/wp-reset//js/',
  'api_ver' => 'v1/',
  'valid_forever' => '2035-01-01',
  'unlimited_installs' => 99999,
  'debug' => true,
  'filesystem_initialized' => false,
)

[Fri, 28 Feb 2025 08:05:41 +0000] wpr: __construct
array (
  'prefix' => 'wpr',
  'licensing_servers' => 
  array (
    0 => 'https://dashboard.wpreset.com/api/',
  ),
  'version' => '2.04',
  'plugin_file' => 'C:\\xampp\\htdocs\\studio02\\wp-content\\plugins\\wp-reset\\wp-reset.php',
  'plugin_page' => 'tools_page_wp-reset',
  'skip_hooks' => false,
  'debug' => true,
  'js_folder' => 'http://localhost/studio02/wp-content/plugins/wp-reset//js/',
)
array (
  'prefix' => 'wpr',
  'licensing_servers' => 
  array (
    0 => 'https://dashboard.wpreset.com/api/',
  ),
  'version' => '2.04',
  'slug' => 'wp-reset',
  'basename' => 'wp-reset/wp-reset.php',
  'plugin_page' => 'tools_page_wp-reset',
  'plugin_file' => 'C:\\xampp\\htdocs\\studio02\\wp-content\\plugins\\wp-reset\\wp-reset.php',
  'js_folder' => 'http://localhost/studio02/wp-content/plugins/wp-reset//js/',
  'api_ver' => 'v1/',
  'valid_forever' => '2035-01-01',
  'unlimited_installs' => 99999,
  'debug' => true,
  'filesystem_initialized' => false,
)

[Fri, 28 Feb 2025 08:05:45 +0000] wpr: __construct
array (
  'prefix' => 'wpr',
  'licensing_servers' => 
  array (
    0 => 'https://dashboard.wpreset.com/api/',
  ),
  'version' => '2.04',
  'plugin_file' => 'C:\\xampp\\htdocs\\studio02\\wp-content\\plugins\\wp-reset\\wp-reset.php',
  'plugin_page' => 'tools_page_wp-reset',
  'skip_hooks' => false,
  'debug' => true,
  'js_folder' => 'http://localhost/studio02/wp-content/plugins/wp-reset//js/',
)
array (
  'prefix' => 'wpr',
  'licensing_servers' => 
  array (
    0 => 'https://dashboard.wpreset.com/api/',
  ),
  'version' => '2.04',
  'slug' => 'wp-reset',
  'basename' => 'wp-reset/wp-reset.php',
  'plugin_page' => 'tools_page_wp-reset',
  'plugin_file' => 'C:\\xampp\\htdocs\\studio02\\wp-content\\plugins\\wp-reset\\wp-reset.php',
  'js_folder' => 'http://localhost/studio02/wp-content/plugins/wp-reset//js/',
  'api_ver' => 'v1/',
  'valid_forever' => '2035-01-01',
  'unlimited_installs' => 99999,
  'debug' => true,
  'filesystem_initialized' => false,
)

[Fri, 28 Feb 2025 08:05:46 +0000] wpr: __construct
array (
  'prefix' => 'wpr',
  'licensing_servers' => 
  array (
    0 => 'https://dashboard.wpreset.com/api/',
  ),
  'version' => '2.04',
  'plugin_file' => 'C:\\xampp\\htdocs\\studio02\\wp-content\\plugins\\wp-reset\\wp-reset.php',
  'plugin_page' => 'tools_page_wp-reset',
  'skip_hooks' => false,
  'debug' => true,
  'js_folder' => 'http://localhost/studio02/wp-content/plugins/wp-reset//js/',
)
array (
  'prefix' => 'wpr',
  'licensing_servers' => 
  array (
    0 => 'https://dashboard.wpreset.com/api/',
  ),
  'version' => '2.04',
  'slug' => 'wp-reset',
  'basename' => 'wp-reset/wp-reset.php',
  'plugin_page' => 'tools_page_wp-reset',
  'plugin_file' => 'C:\\xampp\\htdocs\\studio02\\wp-content\\plugins\\wp-reset\\wp-reset.php',
  'js_folder' => 'http://localhost/studio02/wp-content/plugins/wp-reset//js/',
  'api_ver' => 'v1/',
  'valid_forever' => '2035-01-01',
  'unlimited_installs' => 99999,
  'debug' => true,
  'filesystem_initialized' => false,
)

[Fri, 28 Feb 2025 08:05:46 +0000] wpr: __construct
array (
  'prefix' => 'wpr',
  'licensing_servers' => 
  array (
    0 => 'https://dashboard.wpreset.com/api/',
  ),
  'version' => '2.04',
  'plugin_file' => 'C:\\xampp\\htdocs\\studio02\\wp-content\\plugins\\wp-reset\\wp-reset.php',
  'plugin_page' => 'tools_page_wp-reset',
  'skip_hooks' => false,
  'debug' => true,
  'js_folder' => 'http://localhost/studio02/wp-content/plugins/wp-reset//js/',
)
array (
  'prefix' => 'wpr',
  'licensing_servers' => 
  array (
    0 => 'https://dashboard.wpreset.com/api/',
  ),
  'version' => '2.04',
  'slug' => 'wp-reset',
  'basename' => 'wp-reset/wp-reset.php',
  'plugin_page' => 'tools_page_wp-reset',
  'plugin_file' => 'C:\\xampp\\htdocs\\studio02\\wp-content\\plugins\\wp-reset\\wp-reset.php',
  'js_folder' => 'http://localhost/studio02/wp-content/plugins/wp-reset//js/',
  'api_ver' => 'v1/',
  'valid_forever' => '2035-01-01',
  'unlimited_installs' => 99999,
  'debug' => true,
  'filesystem_initialized' => false,
)

[Fri, 28 Feb 2025 08:05:56 +0000] wpr: __construct
array (
  'prefix' => 'wpr',
  'licensing_servers' => 
  array (
    0 => 'https://dashboard.wpreset.com/api/',
  ),
  'version' => '2.04',
  'plugin_file' => 'C:\\xampp\\htdocs\\studio02\\wp-content\\plugins\\wp-reset\\wp-reset.php',
  'plugin_page' => 'tools_page_wp-reset',
  'skip_hooks' => false,
  'debug' => true,
  'js_folder' => 'http://localhost/studio02/wp-content/plugins/wp-reset//js/',
)
array (
  'prefix' => 'wpr',
  'licensing_servers' => 
  array (
    0 => 'https://dashboard.wpreset.com/api/',
  ),
  'version' => '2.04',
  'slug' => 'wp-reset',
  'basename' => 'wp-reset/wp-reset.php',
  'plugin_page' => 'tools_page_wp-reset',
  'plugin_file' => 'C:\\xampp\\htdocs\\studio02\\wp-content\\plugins\\wp-reset\\wp-reset.php',
  'js_folder' => 'http://localhost/studio02/wp-content/plugins/wp-reset//js/',
  'api_ver' => 'v1/',
  'valid_forever' => '2035-01-01',
  'unlimited_installs' => 99999,
  'debug' => true,
  'filesystem_initialized' => false,
)

[Fri, 28 Feb 2025 08:05:56 +0000] wpr: __construct
array (
  'prefix' => 'wpr',
  'licensing_servers' => 
  array (
    0 => 'https://dashboard.wpreset.com/api/',
  ),
  'version' => '2.04',
  'plugin_file' => 'C:\\xampp\\htdocs\\studio02\\wp-content\\plugins\\wp-reset\\wp-reset.php',
  'plugin_page' => 'tools_page_wp-reset',
  'skip_hooks' => false,
  'debug' => true,
  'js_folder' => 'http://localhost/studio02/wp-content/plugins/wp-reset//js/',
)
array (
  'prefix' => 'wpr',
  'licensing_servers' => 
  array (
    0 => 'https://dashboard.wpreset.com/api/',
  ),
  'version' => '2.04',
  'slug' => 'wp-reset',
  'basename' => 'wp-reset/wp-reset.php',
  'plugin_page' => 'tools_page_wp-reset',
  'plugin_file' => 'C:\\xampp\\htdocs\\studio02\\wp-content\\plugins\\wp-reset\\wp-reset.php',
  'js_folder' => 'http://localhost/studio02/wp-content/plugins/wp-reset//js/',
  'api_ver' => 'v1/',
  'valid_forever' => '2035-01-01',
  'unlimited_installs' => 99999,
  'debug' => true,
  'filesystem_initialized' => false,
)

[Fri, 28 Feb 2025 08:06:00 +0000] wpr: __construct
array (
  'prefix' => 'wpr',
  'licensing_servers' => 
  array (
    0 => 'https://dashboard.wpreset.com/api/',
  ),
  'version' => '2.04',
  'plugin_file' => 'C:\\xampp\\htdocs\\studio02\\wp-content\\plugins\\wp-reset\\wp-reset.php',
  'plugin_page' => 'tools_page_wp-reset',
  'skip_hooks' => false,
  'debug' => true,
  'js_folder' => 'http://localhost/studio02/wp-content/plugins/wp-reset//js/',
)
array (
  'prefix' => 'wpr',
  'licensing_servers' => 
  array (
    0 => 'https://dashboard.wpreset.com/api/',
  ),
  'version' => '2.04',
  'slug' => 'wp-reset',
  'basename' => 'wp-reset/wp-reset.php',
  'plugin_page' => 'tools_page_wp-reset',
  'plugin_file' => 'C:\\xampp\\htdocs\\studio02\\wp-content\\plugins\\wp-reset\\wp-reset.php',
  'js_folder' => 'http://localhost/studio02/wp-content/plugins/wp-reset//js/',
  'api_ver' => 'v1/',
  'valid_forever' => '2035-01-01',
  'unlimited_installs' => 99999,
  'debug' => true,
  'filesystem_initialized' => false,
)

[Fri, 28 Feb 2025 08:06:16 +0000] wpr: __construct
array (
  'prefix' => 'wpr',
  'licensing_servers' => 
  array (
    0 => 'https://dashboard.wpreset.com/api/',
  ),
  'version' => '2.04',
  'plugin_file' => 'C:\\xampp\\htdocs\\studio02\\wp-content\\plugins\\wp-reset\\wp-reset.php',
  'plugin_page' => 'tools_page_wp-reset',
  'skip_hooks' => false,
  'debug' => true,
  'js_folder' => 'http://localhost/studio02/wp-content/plugins/wp-reset//js/',
)
array (
  'prefix' => 'wpr',
  'licensing_servers' => 
  array (
    0 => 'https://dashboard.wpreset.com/api/',
  ),
  'version' => '2.04',
  'slug' => 'wp-reset',
  'basename' => 'wp-reset/wp-reset.php',
  'plugin_page' => 'tools_page_wp-reset',
  'plugin_file' => 'C:\\xampp\\htdocs\\studio02\\wp-content\\plugins\\wp-reset\\wp-reset.php',
  'js_folder' => 'http://localhost/studio02/wp-content/plugins/wp-reset//js/',
  'api_ver' => 'v1/',
  'valid_forever' => '2035-01-01',
  'unlimited_installs' => 99999,
  'debug' => true,
  'filesystem_initialized' => false,
)

[Fri, 28 Feb 2025 08:06:58 +0000] wpr: __construct
array (
  'prefix' => 'wpr',
  'licensing_servers' => 
  array (
    0 => 'https://dashboard.wpreset.com/api/',
  ),
  'version' => '2.04',
  'plugin_file' => 'C:\\xampp\\htdocs\\studio02\\wp-content\\plugins\\wp-reset\\wp-reset.php',
  'plugin_page' => 'tools_page_wp-reset',
  'skip_hooks' => false,
  'debug' => true,
  'js_folder' => 'http://localhost/studio02/wp-content/plugins/wp-reset//js/',
)
array (
  'prefix' => 'wpr',
  'licensing_servers' => 
  array (
    0 => 'https://dashboard.wpreset.com/api/',
  ),
  'version' => '2.04',
  'slug' => 'wp-reset',
  'basename' => 'wp-reset/wp-reset.php',
  'plugin_page' => 'tools_page_wp-reset',
  'plugin_file' => 'C:\\xampp\\htdocs\\studio02\\wp-content\\plugins\\wp-reset\\wp-reset.php',
  'js_folder' => 'http://localhost/studio02/wp-content/plugins/wp-reset//js/',
  'api_ver' => 'v1/',
  'valid_forever' => '2035-01-01',
  'unlimited_installs' => 99999,
  'debug' => true,
  'filesystem_initialized' => false,
)

[Fri, 28 Feb 2025 08:07:58 +0000] wpr: __construct
array (
  'prefix' => 'wpr',
  'licensing_servers' => 
  array (
    0 => 'https://dashboard.wpreset.com/api/',
  ),
  'version' => '2.04',
  'plugin_file' => 'C:\\xampp\\htdocs\\studio02\\wp-content\\plugins\\wp-reset\\wp-reset.php',
  'plugin_page' => 'tools_page_wp-reset',
  'skip_hooks' => false,
  'debug' => true,
  'js_folder' => 'http://localhost/studio02/wp-content/plugins/wp-reset//js/',
)
array (
  'prefix' => 'wpr',
  'licensing_servers' => 
  array (
    0 => 'https://dashboard.wpreset.com/api/',
  ),
  'version' => '2.04',
  'slug' => 'wp-reset',
  'basename' => 'wp-reset/wp-reset.php',
  'plugin_page' => 'tools_page_wp-reset',
  'plugin_file' => 'C:\\xampp\\htdocs\\studio02\\wp-content\\plugins\\wp-reset\\wp-reset.php',
  'js_folder' => 'http://localhost/studio02/wp-content/plugins/wp-reset//js/',
  'api_ver' => 'v1/',
  'valid_forever' => '2035-01-01',
  'unlimited_installs' => 99999,
  'debug' => true,
  'filesystem_initialized' => false,
)

[Fri, 28 Feb 2025 08:08:58 +0000] wpr: __construct
array (
  'prefix' => 'wpr',
  'licensing_servers' => 
  array (
    0 => 'https://dashboard.wpreset.com/api/',
  ),
  'version' => '2.04',
  'plugin_file' => 'C:\\xampp\\htdocs\\studio02\\wp-content\\plugins\\wp-reset\\wp-reset.php',
  'plugin_page' => 'tools_page_wp-reset',
  'skip_hooks' => false,
  'debug' => true,
  'js_folder' => 'http://localhost/studio02/wp-content/plugins/wp-reset//js/',
)
array (
  'prefix' => 'wpr',
  'licensing_servers' => 
  array (
    0 => 'https://dashboard.wpreset.com/api/',
  ),
  'version' => '2.04',
  'slug' => 'wp-reset',
  'basename' => 'wp-reset/wp-reset.php',
  'plugin_page' => 'tools_page_wp-reset',
  'plugin_file' => 'C:\\xampp\\htdocs\\studio02\\wp-content\\plugins\\wp-reset\\wp-reset.php',
  'js_folder' => 'http://localhost/studio02/wp-content/plugins/wp-reset//js/',
  'api_ver' => 'v1/',
  'valid_forever' => '2035-01-01',
  'unlimited_installs' => 99999,
  'debug' => true,
  'filesystem_initialized' => false,
)

[Fri, 28 Feb 2025 08:09:58 +0000] wpr: __construct
array (
  'prefix' => 'wpr',
  'licensing_servers' => 
  array (
    0 => 'https://dashboard.wpreset.com/api/',
  ),
  'version' => '2.04',
  'plugin_file' => 'C:\\xampp\\htdocs\\studio02\\wp-content\\plugins\\wp-reset\\wp-reset.php',
  'plugin_page' => 'tools_page_wp-reset',
  'skip_hooks' => false,
  'debug' => true,
  'js_folder' => 'http://localhost/studio02/wp-content/plugins/wp-reset//js/',
)
array (
  'prefix' => 'wpr',
  'licensing_servers' => 
  array (
    0 => 'https://dashboard.wpreset.com/api/',
  ),
  'version' => '2.04',
  'slug' => 'wp-reset',
  'basename' => 'wp-reset/wp-reset.php',
  'plugin_page' => 'tools_page_wp-reset',
  'plugin_file' => 'C:\\xampp\\htdocs\\studio02\\wp-content\\plugins\\wp-reset\\wp-reset.php',
  'js_folder' => 'http://localhost/studio02/wp-content/plugins/wp-reset//js/',
  'api_ver' => 'v1/',
  'valid_forever' => '2035-01-01',
  'unlimited_installs' => 99999,
  'debug' => true,
  'filesystem_initialized' => false,
)

[Fri, 28 Feb 2025 08:10:58 +0000] wpr: __construct
array (
  'prefix' => 'wpr',
  'licensing_servers' => 
  array (
    0 => 'https://dashboard.wpreset.com/api/',
  ),
  'version' => '2.04',
  'plugin_file' => 'C:\\xampp\\htdocs\\studio02\\wp-content\\plugins\\wp-reset\\wp-reset.php',
  'plugin_page' => 'tools_page_wp-reset',
  'skip_hooks' => false,
  'debug' => true,
  'js_folder' => 'http://localhost/studio02/wp-content/plugins/wp-reset//js/',
)
array (
  'prefix' => 'wpr',
  'licensing_servers' => 
  array (
    0 => 'https://dashboard.wpreset.com/api/',
  ),
  'version' => '2.04',
  'slug' => 'wp-reset',
  'basename' => 'wp-reset/wp-reset.php',
  'plugin_page' => 'tools_page_wp-reset',
  'plugin_file' => 'C:\\xampp\\htdocs\\studio02\\wp-content\\plugins\\wp-reset\\wp-reset.php',
  'js_folder' => 'http://localhost/studio02/wp-content/plugins/wp-reset//js/',
  'api_ver' => 'v1/',
  'valid_forever' => '2035-01-01',
  'unlimited_installs' => 99999,
  'debug' => true,
  'filesystem_initialized' => false,
)

[Fri, 28 Feb 2025 08:11:58 +0000] wpr: __construct
array (
  'prefix' => 'wpr',
  'licensing_servers' => 
  array (
    0 => 'https://dashboard.wpreset.com/api/',
  ),
  'version' => '2.04',
  'plugin_file' => 'C:\\xampp\\htdocs\\studio02\\wp-content\\plugins\\wp-reset\\wp-reset.php',
  'plugin_page' => 'tools_page_wp-reset',
  'skip_hooks' => false,
  'debug' => true,
  'js_folder' => 'http://localhost/studio02/wp-content/plugins/wp-reset//js/',
)
array (
  'prefix' => 'wpr',
  'licensing_servers' => 
  array (
    0 => 'https://dashboard.wpreset.com/api/',
  ),
  'version' => '2.04',
  'slug' => 'wp-reset',
  'basename' => 'wp-reset/wp-reset.php',
  'plugin_page' => 'tools_page_wp-reset',
  'plugin_file' => 'C:\\xampp\\htdocs\\studio02\\wp-content\\plugins\\wp-reset\\wp-reset.php',
  'js_folder' => 'http://localhost/studio02/wp-content/plugins/wp-reset//js/',
  'api_ver' => 'v1/',
  'valid_forever' => '2035-01-01',
  'unlimited_installs' => 99999,
  'debug' => true,
  'filesystem_initialized' => false,
)

[Fri, 28 Feb 2025 08:12:58 +0000] wpr: __construct
array (
  'prefix' => 'wpr',
  'licensing_servers' => 
  array (
    0 => 'https://dashboard.wpreset.com/api/',
  ),
  'version' => '2.04',
  'plugin_file' => 'C:\\xampp\\htdocs\\studio02\\wp-content\\plugins\\wp-reset\\wp-reset.php',
  'plugin_page' => 'tools_page_wp-reset',
  'skip_hooks' => false,
  'debug' => true,
  'js_folder' => 'http://localhost/studio02/wp-content/plugins/wp-reset//js/',
)
array (
  'prefix' => 'wpr',
  'licensing_servers' => 
  array (
    0 => 'https://dashboard.wpreset.com/api/',
  ),
  'version' => '2.04',
  'slug' => 'wp-reset',
  'basename' => 'wp-reset/wp-reset.php',
  'plugin_page' => 'tools_page_wp-reset',
  'plugin_file' => 'C:\\xampp\\htdocs\\studio02\\wp-content\\plugins\\wp-reset\\wp-reset.php',
  'js_folder' => 'http://localhost/studio02/wp-content/plugins/wp-reset//js/',
  'api_ver' => 'v1/',
  'valid_forever' => '2035-01-01',
  'unlimited_installs' => 99999,
  'debug' => true,
  'filesystem_initialized' => false,
)

[Fri, 28 Feb 2025 08:13:58 +0000] wpr: __construct
array (
  'prefix' => 'wpr',
  'licensing_servers' => 
  array (
    0 => 'https://dashboard.wpreset.com/api/',
  ),
  'version' => '2.04',
  'plugin_file' => 'C:\\xampp\\htdocs\\studio02\\wp-content\\plugins\\wp-reset\\wp-reset.php',
  'plugin_page' => 'tools_page_wp-reset',
  'skip_hooks' => false,
  'debug' => true,
  'js_folder' => 'http://localhost/studio02/wp-content/plugins/wp-reset//js/',
)
array (
  'prefix' => 'wpr',
  'licensing_servers' => 
  array (
    0 => 'https://dashboard.wpreset.com/api/',
  ),
  'version' => '2.04',
  'slug' => 'wp-reset',
  'basename' => 'wp-reset/wp-reset.php',
  'plugin_page' => 'tools_page_wp-reset',
  'plugin_file' => 'C:\\xampp\\htdocs\\studio02\\wp-content\\plugins\\wp-reset\\wp-reset.php',
  'js_folder' => 'http://localhost/studio02/wp-content/plugins/wp-reset//js/',
  'api_ver' => 'v1/',
  'valid_forever' => '2035-01-01',
  'unlimited_installs' => 99999,
  'debug' => true,
  'filesystem_initialized' => false,
)

[Fri, 28 Feb 2025 08:14:58 +0000] wpr: __construct
array (
  'prefix' => 'wpr',
  'licensing_servers' => 
  array (
    0 => 'https://dashboard.wpreset.com/api/',
  ),
  'version' => '2.04',
  'plugin_file' => 'C:\\xampp\\htdocs\\studio02\\wp-content\\plugins\\wp-reset\\wp-reset.php',
  'plugin_page' => 'tools_page_wp-reset',
  'skip_hooks' => false,
  'debug' => true,
  'js_folder' => 'http://localhost/studio02/wp-content/plugins/wp-reset//js/',
)
array (
  'prefix' => 'wpr',
  'licensing_servers' => 
  array (
    0 => 'https://dashboard.wpreset.com/api/',
  ),
  'version' => '2.04',
  'slug' => 'wp-reset',
  'basename' => 'wp-reset/wp-reset.php',
  'plugin_page' => 'tools_page_wp-reset',
  'plugin_file' => 'C:\\xampp\\htdocs\\studio02\\wp-content\\plugins\\wp-reset\\wp-reset.php',
  'js_folder' => 'http://localhost/studio02/wp-content/plugins/wp-reset//js/',
  'api_ver' => 'v1/',
  'valid_forever' => '2035-01-01',
  'unlimited_installs' => 99999,
  'debug' => true,
  'filesystem_initialized' => false,
)

[Fri, 28 Feb 2025 08:15:58 +0000] wpr: __construct
array (
  'prefix' => 'wpr',
  'licensing_servers' => 
  array (
    0 => 'https://dashboard.wpreset.com/api/',
  ),
  'version' => '2.04',
  'plugin_file' => 'C:\\xampp\\htdocs\\studio02\\wp-content\\plugins\\wp-reset\\wp-reset.php',
  'plugin_page' => 'tools_page_wp-reset',
  'skip_hooks' => false,
  'debug' => true,
  'js_folder' => 'http://localhost/studio02/wp-content/plugins/wp-reset//js/',
)
array (
  'prefix' => 'wpr',
  'licensing_servers' => 
  array (
    0 => 'https://dashboard.wpreset.com/api/',
  ),
  'version' => '2.04',
  'slug' => 'wp-reset',
  'basename' => 'wp-reset/wp-reset.php',
  'plugin_page' => 'tools_page_wp-reset',
  'plugin_file' => 'C:\\xampp\\htdocs\\studio02\\wp-content\\plugins\\wp-reset\\wp-reset.php',
  'js_folder' => 'http://localhost/studio02/wp-content/plugins/wp-reset//js/',
  'api_ver' => 'v1/',
  'valid_forever' => '2035-01-01',
  'unlimited_installs' => 99999,
  'debug' => true,
  'filesystem_initialized' => false,
)

[Fri, 28 Feb 2025 08:16:58 +0000] wpr: __construct
array (
  'prefix' => 'wpr',
  'licensing_servers' => 
  array (
    0 => 'https://dashboard.wpreset.com/api/',
  ),
  'version' => '2.04',
  'plugin_file' => 'C:\\xampp\\htdocs\\studio02\\wp-content\\plugins\\wp-reset\\wp-reset.php',
  'plugin_page' => 'tools_page_wp-reset',
  'skip_hooks' => false,
  'debug' => true,
  'js_folder' => 'http://localhost/studio02/wp-content/plugins/wp-reset//js/',
)
array (
  'prefix' => 'wpr',
  'licensing_servers' => 
  array (
    0 => 'https://dashboard.wpreset.com/api/',
  ),
  'version' => '2.04',
  'slug' => 'wp-reset',
  'basename' => 'wp-reset/wp-reset.php',
  'plugin_page' => 'tools_page_wp-reset',
  'plugin_file' => 'C:\\xampp\\htdocs\\studio02\\wp-content\\plugins\\wp-reset\\wp-reset.php',
  'js_folder' => 'http://localhost/studio02/wp-content/plugins/wp-reset//js/',
  'api_ver' => 'v1/',
  'valid_forever' => '2035-01-01',
  'unlimited_installs' => 99999,
  'debug' => true,
  'filesystem_initialized' => false,
)

[Fri, 28 Feb 2025 08:17:07 +0000] wpr: __construct
array (
  'prefix' => 'wpr',
  'licensing_servers' => 
  array (
    0 => 'https://dashboard.wpreset.com/api/',
  ),
  'version' => '2.04',
  'plugin_file' => 'C:\\xampp\\htdocs\\studio02\\wp-content\\plugins\\wp-reset\\wp-reset.php',
  'plugin_page' => 'tools_page_wp-reset',
  'skip_hooks' => false,
  'debug' => true,
  'js_folder' => 'http://localhost/studio02/wp-content/plugins/wp-reset//js/',
)
array (
  'prefix' => 'wpr',
  'licensing_servers' => 
  array (
    0 => 'https://dashboard.wpreset.com/api/',
  ),
  'version' => '2.04',
  'slug' => 'wp-reset',
  'basename' => 'wp-reset/wp-reset.php',
  'plugin_page' => 'tools_page_wp-reset',
  'plugin_file' => 'C:\\xampp\\htdocs\\studio02\\wp-content\\plugins\\wp-reset\\wp-reset.php',
  'js_folder' => 'http://localhost/studio02/wp-content/plugins/wp-reset//js/',
  'api_ver' => 'v1/',
  'valid_forever' => '2035-01-01',
  'unlimited_installs' => 99999,
  'debug' => true,
  'filesystem_initialized' => false,
)

[Fri, 28 Feb 2025 08:17:08 +0000] wpr: __construct
array (
  'prefix' => 'wpr',
  'licensing_servers' => 
  array (
    0 => 'https://dashboard.wpreset.com/api/',
  ),
  'version' => '2.04',
  'plugin_file' => 'C:\\xampp\\htdocs\\studio02\\wp-content\\plugins\\wp-reset\\wp-reset.php',
  'plugin_page' => 'tools_page_wp-reset',
  'skip_hooks' => false,
  'debug' => true,
  'js_folder' => 'http://localhost/studio02/wp-content/plugins/wp-reset//js/',
)
array (
  'prefix' => 'wpr',
  'licensing_servers' => 
  array (
    0 => 'https://dashboard.wpreset.com/api/',
  ),
  'version' => '2.04',
  'slug' => 'wp-reset',
  'basename' => 'wp-reset/wp-reset.php',
  'plugin_page' => 'tools_page_wp-reset',
  'plugin_file' => 'C:\\xampp\\htdocs\\studio02\\wp-content\\plugins\\wp-reset\\wp-reset.php',
  'js_folder' => 'http://localhost/studio02/wp-content/plugins/wp-reset//js/',
  'api_ver' => 'v1/',
  'valid_forever' => '2035-01-01',
  'unlimited_installs' => 99999,
  'debug' => true,
  'filesystem_initialized' => false,
)

[Fri, 28 Feb 2025 08:17:09 +0000] wpr: __construct
array (
  'prefix' => 'wpr',
  'licensing_servers' => 
  array (
    0 => 'https://dashboard.wpreset.com/api/',
  ),
  'version' => '2.04',
  'plugin_file' => 'C:\\xampp\\htdocs\\studio02\\wp-content\\plugins\\wp-reset\\wp-reset.php',
  'plugin_page' => 'tools_page_wp-reset',
  'skip_hooks' => false,
  'debug' => true,
  'js_folder' => 'http://localhost/studio02/wp-content/plugins/wp-reset//js/',
)
array (
  'prefix' => 'wpr',
  'licensing_servers' => 
  array (
    0 => 'https://dashboard.wpreset.com/api/',
  ),
  'version' => '2.04',
  'slug' => 'wp-reset',
  'basename' => 'wp-reset/wp-reset.php',
  'plugin_page' => 'tools_page_wp-reset',
  'plugin_file' => 'C:\\xampp\\htdocs\\studio02\\wp-content\\plugins\\wp-reset\\wp-reset.php',
  'js_folder' => 'http://localhost/studio02/wp-content/plugins/wp-reset//js/',
  'api_ver' => 'v1/',
  'valid_forever' => '2035-01-01',
  'unlimited_installs' => 99999,
  'debug' => true,
  'filesystem_initialized' => false,
)

[Fri, 28 Feb 2025 08:17:10 +0000] wpr: __construct
array (
  'prefix' => 'wpr',
  'licensing_servers' => 
  array (
    0 => 'https://dashboard.wpreset.com/api/',
  ),
  'version' => '2.04',
  'plugin_file' => 'C:\\xampp\\htdocs\\studio02\\wp-content\\plugins\\wp-reset\\wp-reset.php',
  'plugin_page' => 'tools_page_wp-reset',
  'skip_hooks' => false,
  'debug' => true,
  'js_folder' => 'http://localhost/studio02/wp-content/plugins/wp-reset//js/',
)
array (
  'prefix' => 'wpr',
  'licensing_servers' => 
  array (
    0 => 'https://dashboard.wpreset.com/api/',
  ),
  'version' => '2.04',
  'slug' => 'wp-reset',
  'basename' => 'wp-reset/wp-reset.php',
  'plugin_page' => 'tools_page_wp-reset',
  'plugin_file' => 'C:\\xampp\\htdocs\\studio02\\wp-content\\plugins\\wp-reset\\wp-reset.php',
  'js_folder' => 'http://localhost/studio02/wp-content/plugins/wp-reset//js/',
  'api_ver' => 'v1/',
  'valid_forever' => '2035-01-01',
  'unlimited_installs' => 99999,
  'debug' => true,
  'filesystem_initialized' => false,
)

[Fri, 28 Feb 2025 08:17:13 +0000] wpr: __construct
array (
  'prefix' => 'wpr',
  'licensing_servers' => 
  array (
    0 => 'https://dashboard.wpreset.com/api/',
  ),
  'version' => '2.04',
  'plugin_file' => 'C:\\xampp\\htdocs\\studio02\\wp-content\\plugins\\wp-reset\\wp-reset.php',
  'plugin_page' => 'tools_page_wp-reset',
  'skip_hooks' => false,
  'debug' => true,
  'js_folder' => 'http://localhost/studio02/wp-content/plugins/wp-reset//js/',
)
array (
  'prefix' => 'wpr',
  'licensing_servers' => 
  array (
    0 => 'https://dashboard.wpreset.com/api/',
  ),
  'version' => '2.04',
  'slug' => 'wp-reset',
  'basename' => 'wp-reset/wp-reset.php',
  'plugin_page' => 'tools_page_wp-reset',
  'plugin_file' => 'C:\\xampp\\htdocs\\studio02\\wp-content\\plugins\\wp-reset\\wp-reset.php',
  'js_folder' => 'http://localhost/studio02/wp-content/plugins/wp-reset//js/',
  'api_ver' => 'v1/',
  'valid_forever' => '2035-01-01',
  'unlimited_installs' => 99999,
  'debug' => true,
  'filesystem_initialized' => false,
)

[Fri, 28 Feb 2025 08:18:07 +0000] wpr: __construct
array (
  'prefix' => 'wpr',
  'licensing_servers' => 
  array (
    0 => 'https://dashboard.wpreset.com/api/',
  ),
  'version' => '2.04',
  'plugin_file' => 'C:\\xampp\\htdocs\\studio02\\wp-content\\plugins\\wp-reset\\wp-reset.php',
  'plugin_page' => 'tools_page_wp-reset',
  'skip_hooks' => false,
  'debug' => true,
  'js_folder' => 'http://localhost/studio02/wp-content/plugins/wp-reset//js/',
)
array (
  'prefix' => 'wpr',
  'licensing_servers' => 
  array (
    0 => 'https://dashboard.wpreset.com/api/',
  ),
  'version' => '2.04',
  'slug' => 'wp-reset',
  'basename' => 'wp-reset/wp-reset.php',
  'plugin_page' => 'tools_page_wp-reset',
  'plugin_file' => 'C:\\xampp\\htdocs\\studio02\\wp-content\\plugins\\wp-reset\\wp-reset.php',
  'js_folder' => 'http://localhost/studio02/wp-content/plugins/wp-reset//js/',
  'api_ver' => 'v1/',
  'valid_forever' => '2035-01-01',
  'unlimited_installs' => 99999,
  'debug' => true,
  'filesystem_initialized' => false,
)

[Fri, 28 Feb 2025 08:18:08 +0000] wpr: __construct
array (
  'prefix' => 'wpr',
  'licensing_servers' => 
  array (
    0 => 'https://dashboard.wpreset.com/api/',
  ),
  'version' => '2.04',
  'plugin_file' => 'C:\\xampp\\htdocs\\studio02\\wp-content\\plugins\\wp-reset\\wp-reset.php',
  'plugin_page' => 'tools_page_wp-reset',
  'skip_hooks' => false,
  'debug' => true,
  'js_folder' => 'http://localhost/studio02/wp-content/plugins/wp-reset//js/',
)
array (
  'prefix' => 'wpr',
  'licensing_servers' => 
  array (
    0 => 'https://dashboard.wpreset.com/api/',
  ),
  'version' => '2.04',
  'slug' => 'wp-reset',
  'basename' => 'wp-reset/wp-reset.php',
  'plugin_page' => 'tools_page_wp-reset',
  'plugin_file' => 'C:\\xampp\\htdocs\\studio02\\wp-content\\plugins\\wp-reset\\wp-reset.php',
  'js_folder' => 'http://localhost/studio02/wp-content/plugins/wp-reset//js/',
  'api_ver' => 'v1/',
  'valid_forever' => '2035-01-01',
  'unlimited_installs' => 99999,
  'debug' => true,
  'filesystem_initialized' => false,
)

[Fri, 28 Feb 2025 08:18:19 +0000] wpr: __construct
array (
  'prefix' => 'wpr',
  'licensing_servers' => 
  array (
    0 => 'https://dashboard.wpreset.com/api/',
  ),
  'version' => '2.04',
  'plugin_file' => 'C:\\xampp\\htdocs\\studio02\\wp-content\\plugins\\wp-reset\\wp-reset.php',
  'plugin_page' => 'tools_page_wp-reset',
  'skip_hooks' => false,
  'debug' => true,
  'js_folder' => 'http://localhost/studio02/wp-content/plugins/wp-reset//js/',
)
array (
  'prefix' => 'wpr',
  'licensing_servers' => 
  array (
    0 => 'https://dashboard.wpreset.com/api/',
  ),
  'version' => '2.04',
  'slug' => 'wp-reset',
  'basename' => 'wp-reset/wp-reset.php',
  'plugin_page' => 'tools_page_wp-reset',
  'plugin_file' => 'C:\\xampp\\htdocs\\studio02\\wp-content\\plugins\\wp-reset\\wp-reset.php',
  'js_folder' => 'http://localhost/studio02/wp-content/plugins/wp-reset//js/',
  'api_ver' => 'v1/',
  'valid_forever' => '2035-01-01',
  'unlimited_installs' => 99999,
  'debug' => true,
  'filesystem_initialized' => false,
)

[Fri, 28 Feb 2025 08:19:20 +0000] wpr: __construct
array (
  'prefix' => 'wpr',
  'licensing_servers' => 
  array (
    0 => 'https://dashboard.wpreset.com/api/',
  ),
  'version' => '2.04',
  'plugin_file' => 'C:\\xampp\\htdocs\\studio02\\wp-content\\plugins\\wp-reset\\wp-reset.php',
  'plugin_page' => 'tools_page_wp-reset',
  'skip_hooks' => false,
  'debug' => true,
  'js_folder' => 'http://localhost/studio02/wp-content/plugins/wp-reset//js/',
)
array (
  'prefix' => 'wpr',
  'licensing_servers' => 
  array (
    0 => 'https://dashboard.wpreset.com/api/',
  ),
  'version' => '2.04',
  'slug' => 'wp-reset',
  'basename' => 'wp-reset/wp-reset.php',
  'plugin_page' => 'tools_page_wp-reset',
  'plugin_file' => 'C:\\xampp\\htdocs\\studio02\\wp-content\\plugins\\wp-reset\\wp-reset.php',
  'js_folder' => 'http://localhost/studio02/wp-content/plugins/wp-reset//js/',
  'api_ver' => 'v1/',
  'valid_forever' => '2035-01-01',
  'unlimited_installs' => 99999,
  'debug' => true,
  'filesystem_initialized' => false,
)

[Fri, 28 Feb 2025 08:20:20 +0000] wpr: __construct
array (
  'prefix' => 'wpr',
  'licensing_servers' => 
  array (
    0 => 'https://dashboard.wpreset.com/api/',
  ),
  'version' => '2.04',
  'plugin_file' => 'C:\\xampp\\htdocs\\studio02\\wp-content\\plugins\\wp-reset\\wp-reset.php',
  'plugin_page' => 'tools_page_wp-reset',
  'skip_hooks' => false,
  'debug' => true,
  'js_folder' => 'http://localhost/studio02/wp-content/plugins/wp-reset//js/',
)
array (
  'prefix' => 'wpr',
  'licensing_servers' => 
  array (
    0 => 'https://dashboard.wpreset.com/api/',
  ),
  'version' => '2.04',
  'slug' => 'wp-reset',
  'basename' => 'wp-reset/wp-reset.php',
  'plugin_page' => 'tools_page_wp-reset',
  'plugin_file' => 'C:\\xampp\\htdocs\\studio02\\wp-content\\plugins\\wp-reset\\wp-reset.php',
  'js_folder' => 'http://localhost/studio02/wp-content/plugins/wp-reset//js/',
  'api_ver' => 'v1/',
  'valid_forever' => '2035-01-01',
  'unlimited_installs' => 99999,
  'debug' => true,
  'filesystem_initialized' => false,
)

[Fri, 28 Feb 2025 08:21:20 +0000] wpr: __construct
array (
  'prefix' => 'wpr',
  'licensing_servers' => 
  array (
    0 => 'https://dashboard.wpreset.com/api/',
  ),
  'version' => '2.04',
  'plugin_file' => 'C:\\xampp\\htdocs\\studio02\\wp-content\\plugins\\wp-reset\\wp-reset.php',
  'plugin_page' => 'tools_page_wp-reset',
  'skip_hooks' => false,
  'debug' => true,
  'js_folder' => 'http://localhost/studio02/wp-content/plugins/wp-reset//js/',
)
array (
  'prefix' => 'wpr',
  'licensing_servers' => 
  array (
    0 => 'https://dashboard.wpreset.com/api/',
  ),
  'version' => '2.04',
  'slug' => 'wp-reset',
  'basename' => 'wp-reset/wp-reset.php',
  'plugin_page' => 'tools_page_wp-reset',
  'plugin_file' => 'C:\\xampp\\htdocs\\studio02\\wp-content\\plugins\\wp-reset\\wp-reset.php',
  'js_folder' => 'http://localhost/studio02/wp-content/plugins/wp-reset//js/',
  'api_ver' => 'v1/',
  'valid_forever' => '2035-01-01',
  'unlimited_installs' => 99999,
  'debug' => true,
  'filesystem_initialized' => false,
)

[Fri, 28 Feb 2025 08:22:20 +0000] wpr: __construct
array (
  'prefix' => 'wpr',
  'licensing_servers' => 
  array (
    0 => 'https://dashboard.wpreset.com/api/',
  ),
  'version' => '2.04',
  'plugin_file' => 'C:\\xampp\\htdocs\\studio02\\wp-content\\plugins\\wp-reset\\wp-reset.php',
  'plugin_page' => 'tools_page_wp-reset',
  'skip_hooks' => false,
  'debug' => true,
  'js_folder' => 'http://localhost/studio02/wp-content/plugins/wp-reset//js/',
)
array (
  'prefix' => 'wpr',
  'licensing_servers' => 
  array (
    0 => 'https://dashboard.wpreset.com/api/',
  ),
  'version' => '2.04',
  'slug' => 'wp-reset',
  'basename' => 'wp-reset/wp-reset.php',
  'plugin_page' => 'tools_page_wp-reset',
  'plugin_file' => 'C:\\xampp\\htdocs\\studio02\\wp-content\\plugins\\wp-reset\\wp-reset.php',
  'js_folder' => 'http://localhost/studio02/wp-content/plugins/wp-reset//js/',
  'api_ver' => 'v1/',
  'valid_forever' => '2035-01-01',
  'unlimited_installs' => 99999,
  'debug' => true,
  'filesystem_initialized' => false,
)

[Fri, 28 Feb 2025 08:23:20 +0000] wpr: __construct
array (
  'prefix' => 'wpr',
  'licensing_servers' => 
  array (
    0 => 'https://dashboard.wpreset.com/api/',
  ),
  'version' => '2.04',
  'plugin_file' => 'C:\\xampp\\htdocs\\studio02\\wp-content\\plugins\\wp-reset\\wp-reset.php',
  'plugin_page' => 'tools_page_wp-reset',
  'skip_hooks' => false,
  'debug' => true,
  'js_folder' => 'http://localhost/studio02/wp-content/plugins/wp-reset//js/',
)
array (
  'prefix' => 'wpr',
  'licensing_servers' => 
  array (
    0 => 'https://dashboard.wpreset.com/api/',
  ),
  'version' => '2.04',
  'slug' => 'wp-reset',
  'basename' => 'wp-reset/wp-reset.php',
  'plugin_page' => 'tools_page_wp-reset',
  'plugin_file' => 'C:\\xampp\\htdocs\\studio02\\wp-content\\plugins\\wp-reset\\wp-reset.php',
  'js_folder' => 'http://localhost/studio02/wp-content/plugins/wp-reset//js/',
  'api_ver' => 'v1/',
  'valid_forever' => '2035-01-01',
  'unlimited_installs' => 99999,
  'debug' => true,
  'filesystem_initialized' => false,
)

[Fri, 28 Feb 2025 08:24:21 +0000] wpr: __construct
array (
  'prefix' => 'wpr',
  'licensing_servers' => 
  array (
    0 => 'https://dashboard.wpreset.com/api/',
  ),
  'version' => '2.04',
  'plugin_file' => 'C:\\xampp\\htdocs\\studio02\\wp-content\\plugins\\wp-reset\\wp-reset.php',
  'plugin_page' => 'tools_page_wp-reset',
  'skip_hooks' => false,
  'debug' => true,
  'js_folder' => 'http://localhost/studio02/wp-content/plugins/wp-reset//js/',
)
array (
  'prefix' => 'wpr',
  'licensing_servers' => 
  array (
    0 => 'https://dashboard.wpreset.com/api/',
  ),
  'version' => '2.04',
  'slug' => 'wp-reset',
  'basename' => 'wp-reset/wp-reset.php',
  'plugin_page' => 'tools_page_wp-reset',
  'plugin_file' => 'C:\\xampp\\htdocs\\studio02\\wp-content\\plugins\\wp-reset\\wp-reset.php',
  'js_folder' => 'http://localhost/studio02/wp-content/plugins/wp-reset//js/',
  'api_ver' => 'v1/',
  'valid_forever' => '2035-01-01',
  'unlimited_installs' => 99999,
  'debug' => true,
  'filesystem_initialized' => false,
)

[Fri, 28 Feb 2025 08:26:18 +0000] wpr: __construct
array (
  'prefix' => 'wpr',
  'licensing_servers' => 
  array (
    0 => 'https://dashboard.wpreset.com/api/',
  ),
  'version' => '2.04',
  'plugin_file' => 'C:\\xampp\\htdocs\\studio02\\wp-content\\plugins\\wp-reset\\wp-reset.php',
  'plugin_page' => 'tools_page_wp-reset',
  'skip_hooks' => false,
  'debug' => true,
  'js_folder' => 'http://localhost/studio02/wp-content/plugins/wp-reset//js/',
)
array (
  'prefix' => 'wpr',
  'licensing_servers' => 
  array (
    0 => 'https://dashboard.wpreset.com/api/',
  ),
  'version' => '2.04',
  'slug' => 'wp-reset',
  'basename' => 'wp-reset/wp-reset.php',
  'plugin_page' => 'tools_page_wp-reset',
  'plugin_file' => 'C:\\xampp\\htdocs\\studio02\\wp-content\\plugins\\wp-reset\\wp-reset.php',
  'js_folder' => 'http://localhost/studio02/wp-content/plugins/wp-reset//js/',
  'api_ver' => 'v1/',
  'valid_forever' => '2035-01-01',
  'unlimited_installs' => 99999,
  'debug' => true,
  'filesystem_initialized' => false,
)

[Fri, 28 Feb 2025 08:26:25 +0000] wpr: __construct
array (
  'prefix' => 'wpr',
  'licensing_servers' => 
  array (
    0 => 'https://dashboard.wpreset.com/api/',
  ),
  'version' => '2.04',
  'plugin_file' => 'C:\\xampp\\htdocs\\studio02\\wp-content\\plugins\\wp-reset\\wp-reset.php',
  'plugin_page' => 'tools_page_wp-reset',
  'skip_hooks' => false,
  'debug' => true,
  'js_folder' => 'http://localhost/studio02/wp-content/plugins/wp-reset//js/',
)
array (
  'prefix' => 'wpr',
  'licensing_servers' => 
  array (
    0 => 'https://dashboard.wpreset.com/api/',
  ),
  'version' => '2.04',
  'slug' => 'wp-reset',
  'basename' => 'wp-reset/wp-reset.php',
  'plugin_page' => 'tools_page_wp-reset',
  'plugin_file' => 'C:\\xampp\\htdocs\\studio02\\wp-content\\plugins\\wp-reset\\wp-reset.php',
  'js_folder' => 'http://localhost/studio02/wp-content/plugins/wp-reset//js/',
  'api_ver' => 'v1/',
  'valid_forever' => '2035-01-01',
  'unlimited_installs' => 99999,
  'debug' => true,
  'filesystem_initialized' => false,
)

[Fri, 28 Feb 2025 08:26:33 +0000] wpr: __construct
array (
  'prefix' => 'wpr',
  'licensing_servers' => 
  array (
    0 => 'https://dashboard.wpreset.com/api/',
  ),
  'version' => '2.04',
  'plugin_file' => 'C:\\xampp\\htdocs\\studio02\\wp-content\\plugins\\wp-reset\\wp-reset.php',
  'plugin_page' => 'tools_page_wp-reset',
  'skip_hooks' => false,
  'debug' => true,
  'js_folder' => 'http://localhost/studio02/wp-content/plugins/wp-reset//js/',
)
array (
  'prefix' => 'wpr',
  'licensing_servers' => 
  array (
    0 => 'https://dashboard.wpreset.com/api/',
  ),
  'version' => '2.04',
  'slug' => 'wp-reset',
  'basename' => 'wp-reset/wp-reset.php',
  'plugin_page' => 'tools_page_wp-reset',
  'plugin_file' => 'C:\\xampp\\htdocs\\studio02\\wp-content\\plugins\\wp-reset\\wp-reset.php',
  'js_folder' => 'http://localhost/studio02/wp-content/plugins/wp-reset//js/',
  'api_ver' => 'v1/',
  'valid_forever' => '2035-01-01',
  'unlimited_installs' => 99999,
  'debug' => true,
  'filesystem_initialized' => false,
)

[Fri, 28 Feb 2025 08:26:34 +0000] wpr: __construct
array (
  'prefix' => 'wpr',
  'licensing_servers' => 
  array (
    0 => 'https://dashboard.wpreset.com/api/',
  ),
  'version' => '2.04',
  'plugin_file' => 'C:\\xampp\\htdocs\\studio02\\wp-content\\plugins\\wp-reset\\wp-reset.php',
  'plugin_page' => 'tools_page_wp-reset',
  'skip_hooks' => false,
  'debug' => true,
  'js_folder' => 'http://localhost/studio02/wp-content/plugins/wp-reset//js/',
)
array (
  'prefix' => 'wpr',
  'licensing_servers' => 
  array (
    0 => 'https://dashboard.wpreset.com/api/',
  ),
  'version' => '2.04',
  'slug' => 'wp-reset',
  'basename' => 'wp-reset/wp-reset.php',
  'plugin_page' => 'tools_page_wp-reset',
  'plugin_file' => 'C:\\xampp\\htdocs\\studio02\\wp-content\\plugins\\wp-reset\\wp-reset.php',
  'js_folder' => 'http://localhost/studio02/wp-content/plugins/wp-reset//js/',
  'api_ver' => 'v1/',
  'valid_forever' => '2035-01-01',
  'unlimited_installs' => 99999,
  'debug' => true,
  'filesystem_initialized' => false,
)

[Fri, 28 Feb 2025 08:26:39 +0000] wpr: __construct
array (
  'prefix' => 'wpr',
  'licensing_servers' => 
  array (
    0 => 'https://dashboard.wpreset.com/api/',
  ),
  'version' => '2.04',
  'plugin_file' => 'C:\\xampp\\htdocs\\studio02\\wp-content\\plugins\\wp-reset\\wp-reset.php',
  'plugin_page' => 'tools_page_wp-reset',
  'skip_hooks' => false,
  'debug' => true,
  'js_folder' => 'http://localhost/studio02/wp-content/plugins/wp-reset//js/',
)
array (
  'prefix' => 'wpr',
  'licensing_servers' => 
  array (
    0 => 'https://dashboard.wpreset.com/api/',
  ),
  'version' => '2.04',
  'slug' => 'wp-reset',
  'basename' => 'wp-reset/wp-reset.php',
  'plugin_page' => 'tools_page_wp-reset',
  'plugin_file' => 'C:\\xampp\\htdocs\\studio02\\wp-content\\plugins\\wp-reset\\wp-reset.php',
  'js_folder' => 'http://localhost/studio02/wp-content/plugins/wp-reset//js/',
  'api_ver' => 'v1/',
  'valid_forever' => '2035-01-01',
  'unlimited_installs' => 99999,
  'debug' => true,
  'filesystem_initialized' => false,
)

[Fri, 28 Feb 2025 08:26:39 +0000] wpr: __construct
array (
  'prefix' => 'wpr',
  'licensing_servers' => 
  array (
    0 => 'https://dashboard.wpreset.com/api/',
  ),
  'version' => '2.04',
  'plugin_file' => 'C:\\xampp\\htdocs\\studio02\\wp-content\\plugins\\wp-reset\\wp-reset.php',
  'plugin_page' => 'tools_page_wp-reset',
  'skip_hooks' => false,
  'debug' => true,
  'js_folder' => 'http://localhost/studio02/wp-content/plugins/wp-reset//js/',
)
array (
  'prefix' => 'wpr',
  'licensing_servers' => 
  array (
    0 => 'https://dashboard.wpreset.com/api/',
  ),
  'version' => '2.04',
  'slug' => 'wp-reset',
  'basename' => 'wp-reset/wp-reset.php',
  'plugin_page' => 'tools_page_wp-reset',
  'plugin_file' => 'C:\\xampp\\htdocs\\studio02\\wp-content\\plugins\\wp-reset\\wp-reset.php',
  'js_folder' => 'http://localhost/studio02/wp-content/plugins/wp-reset//js/',
  'api_ver' => 'v1/',
  'valid_forever' => '2035-01-01',
  'unlimited_installs' => 99999,
  'debug' => true,
  'filesystem_initialized' => false,
)

[Fri, 28 Feb 2025 08:26:42 +0000] wpr: __construct
array (
  'prefix' => 'wpr',
  'licensing_servers' => 
  array (
    0 => 'https://dashboard.wpreset.com/api/',
  ),
  'version' => '2.04',
  'plugin_file' => 'C:\\xampp\\htdocs\\studio02\\wp-content\\plugins\\wp-reset\\wp-reset.php',
  'plugin_page' => 'tools_page_wp-reset',
  'skip_hooks' => false,
  'debug' => true,
  'js_folder' => 'http://localhost/studio02/wp-content/plugins/wp-reset//js/',
)
array (
  'prefix' => 'wpr',
  'licensing_servers' => 
  array (
    0 => 'https://dashboard.wpreset.com/api/',
  ),
  'version' => '2.04',
  'slug' => 'wp-reset',
  'basename' => 'wp-reset/wp-reset.php',
  'plugin_page' => 'tools_page_wp-reset',
  'plugin_file' => 'C:\\xampp\\htdocs\\studio02\\wp-content\\plugins\\wp-reset\\wp-reset.php',
  'js_folder' => 'http://localhost/studio02/wp-content/plugins/wp-reset//js/',
  'api_ver' => 'v1/',
  'valid_forever' => '2035-01-01',
  'unlimited_installs' => 99999,
  'debug' => true,
  'filesystem_initialized' => false,
)

[Fri, 28 Feb 2025 08:26:43 +0000] wpr: __construct
array (
  'prefix' => 'wpr',
  'licensing_servers' => 
  array (
    0 => 'https://dashboard.wpreset.com/api/',
  ),
  'version' => '2.04',
  'plugin_file' => 'C:\\xampp\\htdocs\\studio02\\wp-content\\plugins\\wp-reset\\wp-reset.php',
  'plugin_page' => 'tools_page_wp-reset',
  'skip_hooks' => false,
  'debug' => true,
  'js_folder' => 'http://localhost/studio02/wp-content/plugins/wp-reset//js/',
)
array (
  'prefix' => 'wpr',
  'licensing_servers' => 
  array (
    0 => 'https://dashboard.wpreset.com/api/',
  ),
  'version' => '2.04',
  'slug' => 'wp-reset',
  'basename' => 'wp-reset/wp-reset.php',
  'plugin_page' => 'tools_page_wp-reset',
  'plugin_file' => 'C:\\xampp\\htdocs\\studio02\\wp-content\\plugins\\wp-reset\\wp-reset.php',
  'js_folder' => 'http://localhost/studio02/wp-content/plugins/wp-reset//js/',
  'api_ver' => 'v1/',
  'valid_forever' => '2035-01-01',
  'unlimited_installs' => 99999,
  'debug' => true,
  'filesystem_initialized' => false,
)

[Fri, 28 Feb 2025 08:26:44 +0000] wpr: __construct
array (
  'prefix' => 'wpr',
  'licensing_servers' => 
  array (
    0 => 'https://dashboard.wpreset.com/api/',
  ),
  'version' => '2.04',
  'plugin_file' => 'C:\\xampp\\htdocs\\studio02\\wp-content\\plugins\\wp-reset\\wp-reset.php',
  'plugin_page' => 'tools_page_wp-reset',
  'skip_hooks' => false,
  'debug' => true,
  'js_folder' => 'http://localhost/studio02/wp-content/plugins/wp-reset//js/',
)
array (
  'prefix' => 'wpr',
  'licensing_servers' => 
  array (
    0 => 'https://dashboard.wpreset.com/api/',
  ),
  'version' => '2.04',
  'slug' => 'wp-reset',
  'basename' => 'wp-reset/wp-reset.php',
  'plugin_page' => 'tools_page_wp-reset',
  'plugin_file' => 'C:\\xampp\\htdocs\\studio02\\wp-content\\plugins\\wp-reset\\wp-reset.php',
  'js_folder' => 'http://localhost/studio02/wp-content/plugins/wp-reset//js/',
  'api_ver' => 'v1/',
  'valid_forever' => '2035-01-01',
  'unlimited_installs' => 99999,
  'debug' => true,
  'filesystem_initialized' => false,
)

[Fri, 28 Feb 2025 08:26:49 +0000] wpr: __construct
array (
  'prefix' => 'wpr',
  'licensing_servers' => 
  array (
    0 => 'https://dashboard.wpreset.com/api/',
  ),
  'version' => '2.04',
  'plugin_file' => 'C:\\xampp\\htdocs\\studio02\\wp-content\\plugins\\wp-reset\\wp-reset.php',
  'plugin_page' => 'tools_page_wp-reset',
  'skip_hooks' => false,
  'debug' => true,
  'js_folder' => 'http://localhost/studio02/wp-content/plugins/wp-reset//js/',
)
array (
  'prefix' => 'wpr',
  'licensing_servers' => 
  array (
    0 => 'https://dashboard.wpreset.com/api/',
  ),
  'version' => '2.04',
  'slug' => 'wp-reset',
  'basename' => 'wp-reset/wp-reset.php',
  'plugin_page' => 'tools_page_wp-reset',
  'plugin_file' => 'C:\\xampp\\htdocs\\studio02\\wp-content\\plugins\\wp-reset\\wp-reset.php',
  'js_folder' => 'http://localhost/studio02/wp-content/plugins/wp-reset//js/',
  'api_ver' => 'v1/',
  'valid_forever' => '2035-01-01',
  'unlimited_installs' => 99999,
  'debug' => true,
  'filesystem_initialized' => false,
)

[Fri, 28 Feb 2025 08:26:50 +0000] wpr: __construct
array (
  'prefix' => 'wpr',
  'licensing_servers' => 
  array (
    0 => 'https://dashboard.wpreset.com/api/',
  ),
  'version' => '2.04',
  'plugin_file' => 'C:\\xampp\\htdocs\\studio02\\wp-content\\plugins\\wp-reset\\wp-reset.php',
  'plugin_page' => 'tools_page_wp-reset',
  'skip_hooks' => false,
  'debug' => true,
  'js_folder' => 'http://localhost/studio02/wp-content/plugins/wp-reset//js/',
)
array (
  'prefix' => 'wpr',
  'licensing_servers' => 
  array (
    0 => 'https://dashboard.wpreset.com/api/',
  ),
  'version' => '2.04',
  'slug' => 'wp-reset',
  'basename' => 'wp-reset/wp-reset.php',
  'plugin_page' => 'tools_page_wp-reset',
  'plugin_file' => 'C:\\xampp\\htdocs\\studio02\\wp-content\\plugins\\wp-reset\\wp-reset.php',
  'js_folder' => 'http://localhost/studio02/wp-content/plugins/wp-reset//js/',
  'api_ver' => 'v1/',
  'valid_forever' => '2035-01-01',
  'unlimited_installs' => 99999,
  'debug' => true,
  'filesystem_initialized' => false,
)

[Fri, 28 Feb 2025 08:26:56 +0000] wpr: __construct
array (
  'prefix' => 'wpr',
  'licensing_servers' => 
  array (
    0 => 'https://dashboard.wpreset.com/api/',
  ),
  'version' => '2.04',
  'plugin_file' => 'C:\\xampp\\htdocs\\studio02\\wp-content\\plugins\\wp-reset\\wp-reset.php',
  'plugin_page' => 'tools_page_wp-reset',
  'skip_hooks' => false,
  'debug' => true,
  'js_folder' => 'http://localhost/studio02/wp-content/plugins/wp-reset//js/',
)
array (
  'prefix' => 'wpr',
  'licensing_servers' => 
  array (
    0 => 'https://dashboard.wpreset.com/api/',
  ),
  'version' => '2.04',
  'slug' => 'wp-reset',
  'basename' => 'wp-reset/wp-reset.php',
  'plugin_page' => 'tools_page_wp-reset',
  'plugin_file' => 'C:\\xampp\\htdocs\\studio02\\wp-content\\plugins\\wp-reset\\wp-reset.php',
  'js_folder' => 'http://localhost/studio02/wp-content/plugins/wp-reset//js/',
  'api_ver' => 'v1/',
  'valid_forever' => '2035-01-01',
  'unlimited_installs' => 99999,
  'debug' => true,
  'filesystem_initialized' => false,
)

[Fri, 28 Feb 2025 08:26:59 +0000] wpr: __construct
array (
  'prefix' => 'wpr',
  'licensing_servers' => 
  array (
    0 => 'https://dashboard.wpreset.com/api/',
  ),
  'version' => '2.04',
  'plugin_file' => 'C:\\xampp\\htdocs\\studio02\\wp-content\\plugins\\wp-reset\\wp-reset.php',
  'plugin_page' => 'tools_page_wp-reset',
  'skip_hooks' => false,
  'debug' => true,
  'js_folder' => 'http://localhost/studio02/wp-content/plugins/wp-reset//js/',
)
array (
  'prefix' => 'wpr',
  'licensing_servers' => 
  array (
    0 => 'https://dashboard.wpreset.com/api/',
  ),
  'version' => '2.04',
  'slug' => 'wp-reset',
  'basename' => 'wp-reset/wp-reset.php',
  'plugin_page' => 'tools_page_wp-reset',
  'plugin_file' => 'C:\\xampp\\htdocs\\studio02\\wp-content\\plugins\\wp-reset\\wp-reset.php',
  'js_folder' => 'http://localhost/studio02/wp-content/plugins/wp-reset//js/',
  'api_ver' => 'v1/',
  'valid_forever' => '2035-01-01',
  'unlimited_installs' => 99999,
  'debug' => true,
  'filesystem_initialized' => false,
)

[Fri, 28 Feb 2025 08:26:59 +0000] wpr: __construct
array (
  'prefix' => 'wpr',
  'licensing_servers' => 
  array (
    0 => 'https://dashboard.wpreset.com/api/',
  ),
  'version' => '2.04',
  'plugin_file' => 'C:\\xampp\\htdocs\\studio02\\wp-content\\plugins\\wp-reset\\wp-reset.php',
  'plugin_page' => 'tools_page_wp-reset',
  'skip_hooks' => false,
  'debug' => true,
  'js_folder' => 'http://localhost/studio02/wp-content/plugins/wp-reset//js/',
)
array (
  'prefix' => 'wpr',
  'licensing_servers' => 
  array (
    0 => 'https://dashboard.wpreset.com/api/',
  ),
  'version' => '2.04',
  'slug' => 'wp-reset',
  'basename' => 'wp-reset/wp-reset.php',
  'plugin_page' => 'tools_page_wp-reset',
  'plugin_file' => 'C:\\xampp\\htdocs\\studio02\\wp-content\\plugins\\wp-reset\\wp-reset.php',
  'js_folder' => 'http://localhost/studio02/wp-content/plugins/wp-reset//js/',
  'api_ver' => 'v1/',
  'valid_forever' => '2035-01-01',
  'unlimited_installs' => 99999,
  'debug' => true,
  'filesystem_initialized' => false,
)

[Fri, 28 Feb 2025 08:26:59 +0000] wpr: __construct
array (
  'prefix' => 'wpr',
  'licensing_servers' => 
  array (
    0 => 'https://dashboard.wpreset.com/api/',
  ),
  'version' => '2.04',
  'plugin_file' => 'C:\\xampp\\htdocs\\studio02\\wp-content\\plugins\\wp-reset\\wp-reset.php',
  'plugin_page' => 'tools_page_wp-reset',
  'skip_hooks' => false,
  'debug' => true,
  'js_folder' => 'http://localhost/studio02/wp-content/plugins/wp-reset//js/',
)
array (
  'prefix' => 'wpr',
  'licensing_servers' => 
  array (
    0 => 'https://dashboard.wpreset.com/api/',
  ),
  'version' => '2.04',
  'slug' => 'wp-reset',
  'basename' => 'wp-reset/wp-reset.php',
  'plugin_page' => 'tools_page_wp-reset',
  'plugin_file' => 'C:\\xampp\\htdocs\\studio02\\wp-content\\plugins\\wp-reset\\wp-reset.php',
  'js_folder' => 'http://localhost/studio02/wp-content/plugins/wp-reset//js/',
  'api_ver' => 'v1/',
  'valid_forever' => '2035-01-01',
  'unlimited_installs' => 99999,
  'debug' => true,
  'filesystem_initialized' => false,
)

[Fri, 28 Feb 2025 08:27:03 +0000] wpr: __construct
array (
  'prefix' => 'wpr',
  'licensing_servers' => 
  array (
    0 => 'https://dashboard.wpreset.com/api/',
  ),
  'version' => '2.04',
  'plugin_file' => 'C:\\xampp\\htdocs\\studio02\\wp-content\\plugins\\wp-reset\\wp-reset.php',
  'plugin_page' => 'tools_page_wp-reset',
  'skip_hooks' => false,
  'debug' => true,
  'js_folder' => 'http://localhost/studio02/wp-content/plugins/wp-reset//js/',
)
array (
  'prefix' => 'wpr',
  'licensing_servers' => 
  array (
    0 => 'https://dashboard.wpreset.com/api/',
  ),
  'version' => '2.04',
  'slug' => 'wp-reset',
  'basename' => 'wp-reset/wp-reset.php',
  'plugin_page' => 'tools_page_wp-reset',
  'plugin_file' => 'C:\\xampp\\htdocs\\studio02\\wp-content\\plugins\\wp-reset\\wp-reset.php',
  'js_folder' => 'http://localhost/studio02/wp-content/plugins/wp-reset//js/',
  'api_ver' => 'v1/',
  'valid_forever' => '2035-01-01',
  'unlimited_installs' => 99999,
  'debug' => true,
  'filesystem_initialized' => false,
)

[Fri, 28 Feb 2025 08:27:10 +0000] wpr: __construct
array (
  'prefix' => 'wpr',
  'licensing_servers' => 
  array (
    0 => 'https://dashboard.wpreset.com/api/',
  ),
  'version' => '2.04',
  'plugin_file' => 'C:\\xampp\\htdocs\\studio02\\wp-content\\plugins\\wp-reset\\wp-reset.php',
  'plugin_page' => 'tools_page_wp-reset',
  'skip_hooks' => false,
  'debug' => true,
  'js_folder' => 'http://localhost/studio02/wp-content/plugins/wp-reset//js/',
)
array (
  'prefix' => 'wpr',
  'licensing_servers' => 
  array (
    0 => 'https://dashboard.wpreset.com/api/',
  ),
  'version' => '2.04',
  'slug' => 'wp-reset',
  'basename' => 'wp-reset/wp-reset.php',
  'plugin_page' => 'tools_page_wp-reset',
  'plugin_file' => 'C:\\xampp\\htdocs\\studio02\\wp-content\\plugins\\wp-reset\\wp-reset.php',
  'js_folder' => 'http://localhost/studio02/wp-content/plugins/wp-reset//js/',
  'api_ver' => 'v1/',
  'valid_forever' => '2035-01-01',
  'unlimited_installs' => 99999,
  'debug' => true,
  'filesystem_initialized' => false,
)

[Fri, 28 Feb 2025 08:27:10 +0000] wpr: __construct
array (
  'prefix' => 'wpr',
  'licensing_servers' => 
  array (
    0 => 'https://dashboard.wpreset.com/api/',
  ),
  'version' => '2.04',
  'plugin_file' => 'C:\\xampp\\htdocs\\studio02\\wp-content\\plugins\\wp-reset\\wp-reset.php',
  'plugin_page' => 'tools_page_wp-reset',
  'skip_hooks' => false,
  'debug' => true,
  'js_folder' => 'http://localhost/studio02/wp-content/plugins/wp-reset//js/',
)
array (
  'prefix' => 'wpr',
  'licensing_servers' => 
  array (
    0 => 'https://dashboard.wpreset.com/api/',
  ),
  'version' => '2.04',
  'slug' => 'wp-reset',
  'basename' => 'wp-reset/wp-reset.php',
  'plugin_page' => 'tools_page_wp-reset',
  'plugin_file' => 'C:\\xampp\\htdocs\\studio02\\wp-content\\plugins\\wp-reset\\wp-reset.php',
  'js_folder' => 'http://localhost/studio02/wp-content/plugins/wp-reset//js/',
  'api_ver' => 'v1/',
  'valid_forever' => '2035-01-01',
  'unlimited_installs' => 99999,
  'debug' => true,
  'filesystem_initialized' => false,
)

[Fri, 28 Feb 2025 08:27:14 +0000] wpr: __construct
array (
  'prefix' => 'wpr',
  'licensing_servers' => 
  array (
    0 => 'https://dashboard.wpreset.com/api/',
  ),
  'version' => '2.04',
  'plugin_file' => 'C:\\xampp\\htdocs\\studio02\\wp-content\\plugins\\wp-reset\\wp-reset.php',
  'plugin_page' => 'tools_page_wp-reset',
  'skip_hooks' => false,
  'debug' => true,
  'js_folder' => 'http://localhost/studio02/wp-content/plugins/wp-reset//js/',
)
array (
  'prefix' => 'wpr',
  'licensing_servers' => 
  array (
    0 => 'https://dashboard.wpreset.com/api/',
  ),
  'version' => '2.04',
  'slug' => 'wp-reset',
  'basename' => 'wp-reset/wp-reset.php',
  'plugin_page' => 'tools_page_wp-reset',
  'plugin_file' => 'C:\\xampp\\htdocs\\studio02\\wp-content\\plugins\\wp-reset\\wp-reset.php',
  'js_folder' => 'http://localhost/studio02/wp-content/plugins/wp-reset//js/',
  'api_ver' => 'v1/',
  'valid_forever' => '2035-01-01',
  'unlimited_installs' => 99999,
  'debug' => true,
  'filesystem_initialized' => false,
)

[Fri, 28 Feb 2025 08:27:18 +0000] wpr: __construct
array (
  'prefix' => 'wpr',
  'licensing_servers' => 
  array (
    0 => 'https://dashboard.wpreset.com/api/',
  ),
  'version' => '2.04',
  'plugin_file' => 'C:\\xampp\\htdocs\\studio02\\wp-content\\plugins\\wp-reset\\wp-reset.php',
  'plugin_page' => 'tools_page_wp-reset',
  'skip_hooks' => false,
  'debug' => true,
  'js_folder' => 'http://localhost/studio02/wp-content/plugins/wp-reset//js/',
)
array (
  'prefix' => 'wpr',
  'licensing_servers' => 
  array (
    0 => 'https://dashboard.wpreset.com/api/',
  ),
  'version' => '2.04',
  'slug' => 'wp-reset',
  'basename' => 'wp-reset/wp-reset.php',
  'plugin_page' => 'tools_page_wp-reset',
  'plugin_file' => 'C:\\xampp\\htdocs\\studio02\\wp-content\\plugins\\wp-reset\\wp-reset.php',
  'js_folder' => 'http://localhost/studio02/wp-content/plugins/wp-reset//js/',
  'api_ver' => 'v1/',
  'valid_forever' => '2035-01-01',
  'unlimited_installs' => 99999,
  'debug' => true,
  'filesystem_initialized' => false,
)

[Fri, 28 Feb 2025 08:27:18 +0000] wpr: __construct
array (
  'prefix' => 'wpr',
  'licensing_servers' => 
  array (
    0 => 'https://dashboard.wpreset.com/api/',
  ),
  'version' => '2.04',
  'plugin_file' => 'C:\\xampp\\htdocs\\studio02\\wp-content\\plugins\\wp-reset\\wp-reset.php',
  'plugin_page' => 'tools_page_wp-reset',
  'skip_hooks' => false,
  'debug' => true,
  'js_folder' => 'http://localhost/studio02/wp-content/plugins/wp-reset//js/',
)
array (
  'prefix' => 'wpr',
  'licensing_servers' => 
  array (
    0 => 'https://dashboard.wpreset.com/api/',
  ),
  'version' => '2.04',
  'slug' => 'wp-reset',
  'basename' => 'wp-reset/wp-reset.php',
  'plugin_page' => 'tools_page_wp-reset',
  'plugin_file' => 'C:\\xampp\\htdocs\\studio02\\wp-content\\plugins\\wp-reset\\wp-reset.php',
  'js_folder' => 'http://localhost/studio02/wp-content/plugins/wp-reset//js/',
  'api_ver' => 'v1/',
  'valid_forever' => '2035-01-01',
  'unlimited_installs' => 99999,
  'debug' => true,
  'filesystem_initialized' => false,
)

[Fri, 28 Feb 2025 08:27:35 +0000] wpr: __construct
array (
  'prefix' => 'wpr',
  'licensing_servers' => 
  array (
    0 => 'https://dashboard.wpreset.com/api/',
  ),
  'version' => '2.04',
  'plugin_file' => 'C:\\xampp\\htdocs\\studio02\\wp-content\\plugins\\wp-reset\\wp-reset.php',
  'plugin_page' => 'tools_page_wp-reset',
  'skip_hooks' => false,
  'debug' => true,
  'js_folder' => 'http://localhost/studio02/wp-content/plugins/wp-reset//js/',
)
array (
  'prefix' => 'wpr',
  'licensing_servers' => 
  array (
    0 => 'https://dashboard.wpreset.com/api/',
  ),
  'version' => '2.04',
  'slug' => 'wp-reset',
  'basename' => 'wp-reset/wp-reset.php',
  'plugin_page' => 'tools_page_wp-reset',
  'plugin_file' => 'C:\\xampp\\htdocs\\studio02\\wp-content\\plugins\\wp-reset\\wp-reset.php',
  'js_folder' => 'http://localhost/studio02/wp-content/plugins/wp-reset//js/',
  'api_ver' => 'v1/',
  'valid_forever' => '2035-01-01',
  'unlimited_installs' => 99999,
  'debug' => true,
  'filesystem_initialized' => false,
)

[Fri, 28 Feb 2025 08:28:37 +0000] wpr: __construct
array (
  'prefix' => 'wpr',
  'licensing_servers' => 
  array (
    0 => 'https://dashboard.wpreset.com/api/',
  ),
  'version' => '2.04',
  'plugin_file' => 'C:\\xampp\\htdocs\\studio02\\wp-content\\plugins\\wp-reset\\wp-reset.php',
  'plugin_page' => 'tools_page_wp-reset',
  'skip_hooks' => false,
  'debug' => true,
  'js_folder' => 'http://localhost/studio02/wp-content/plugins/wp-reset//js/',
)
array (
  'prefix' => 'wpr',
  'licensing_servers' => 
  array (
    0 => 'https://dashboard.wpreset.com/api/',
  ),
  'version' => '2.04',
  'slug' => 'wp-reset',
  'basename' => 'wp-reset/wp-reset.php',
  'plugin_page' => 'tools_page_wp-reset',
  'plugin_file' => 'C:\\xampp\\htdocs\\studio02\\wp-content\\plugins\\wp-reset\\wp-reset.php',
  'js_folder' => 'http://localhost/studio02/wp-content/plugins/wp-reset//js/',
  'api_ver' => 'v1/',
  'valid_forever' => '2035-01-01',
  'unlimited_installs' => 99999,
  'debug' => true,
  'filesystem_initialized' => false,
)

[Fri, 28 Feb 2025 08:29:23 +0000] wpr: __construct
array (
  'prefix' => 'wpr',
  'licensing_servers' => 
  array (
    0 => 'https://dashboard.wpreset.com/api/',
  ),
  'version' => '2.04',
  'plugin_file' => 'C:\\xampp\\htdocs\\studio02\\wp-content\\plugins\\wp-reset\\wp-reset.php',
  'plugin_page' => 'tools_page_wp-reset',
  'skip_hooks' => false,
  'debug' => true,
  'js_folder' => 'http://localhost/studio02/wp-content/plugins/wp-reset//js/',
)
array (
  'prefix' => 'wpr',
  'licensing_servers' => 
  array (
    0 => 'https://dashboard.wpreset.com/api/',
  ),
  'version' => '2.04',
  'slug' => 'wp-reset',
  'basename' => 'wp-reset/wp-reset.php',
  'plugin_page' => 'tools_page_wp-reset',
  'plugin_file' => 'C:\\xampp\\htdocs\\studio02\\wp-content\\plugins\\wp-reset\\wp-reset.php',
  'js_folder' => 'http://localhost/studio02/wp-content/plugins/wp-reset//js/',
  'api_ver' => 'v1/',
  'valid_forever' => '2035-01-01',
  'unlimited_installs' => 99999,
  'debug' => true,
  'filesystem_initialized' => false,
)

[Fri, 28 Feb 2025 08:29:38 +0000] wpr: __construct
array (
  'prefix' => 'wpr',
  'licensing_servers' => 
  array (
    0 => 'https://dashboard.wpreset.com/api/',
  ),
  'version' => '2.04',
  'plugin_file' => 'C:\\xampp\\htdocs\\studio02\\wp-content\\plugins\\wp-reset\\wp-reset.php',
  'plugin_page' => 'tools_page_wp-reset',
  'skip_hooks' => false,
  'debug' => true,
  'js_folder' => 'http://localhost/studio02/wp-content/plugins/wp-reset//js/',
)
array (
  'prefix' => 'wpr',
  'licensing_servers' => 
  array (
    0 => 'https://dashboard.wpreset.com/api/',
  ),
  'version' => '2.04',
  'slug' => 'wp-reset',
  'basename' => 'wp-reset/wp-reset.php',
  'plugin_page' => 'tools_page_wp-reset',
  'plugin_file' => 'C:\\xampp\\htdocs\\studio02\\wp-content\\plugins\\wp-reset\\wp-reset.php',
  'js_folder' => 'http://localhost/studio02/wp-content/plugins/wp-reset//js/',
  'api_ver' => 'v1/',
  'valid_forever' => '2035-01-01',
  'unlimited_installs' => 99999,
  'debug' => true,
  'filesystem_initialized' => false,
)

[Fri, 28 Feb 2025 08:30:24 +0000] wpr: __construct
array (
  'prefix' => 'wpr',
  'licensing_servers' => 
  array (
    0 => 'https://dashboard.wpreset.com/api/',
  ),
  'version' => '2.04',
  'plugin_file' => 'C:\\xampp\\htdocs\\studio02\\wp-content\\plugins\\wp-reset\\wp-reset.php',
  'plugin_page' => 'tools_page_wp-reset',
  'skip_hooks' => false,
  'debug' => true,
  'js_folder' => 'http://localhost/studio02/wp-content/plugins/wp-reset//js/',
)
array (
  'prefix' => 'wpr',
  'licensing_servers' => 
  array (
    0 => 'https://dashboard.wpreset.com/api/',
  ),
  'version' => '2.04',
  'slug' => 'wp-reset',
  'basename' => 'wp-reset/wp-reset.php',
  'plugin_page' => 'tools_page_wp-reset',
  'plugin_file' => 'C:\\xampp\\htdocs\\studio02\\wp-content\\plugins\\wp-reset\\wp-reset.php',
  'js_folder' => 'http://localhost/studio02/wp-content/plugins/wp-reset//js/',
  'api_ver' => 'v1/',
  'valid_forever' => '2035-01-01',
  'unlimited_installs' => 99999,
  'debug' => true,
  'filesystem_initialized' => false,
)

[Fri, 28 Feb 2025 08:31:25 +0000] wpr: __construct
array (
  'prefix' => 'wpr',
  'licensing_servers' => 
  array (
    0 => 'https://dashboard.wpreset.com/api/',
  ),
  'version' => '2.04',
  'plugin_file' => 'C:\\xampp\\htdocs\\studio02\\wp-content\\plugins\\wp-reset\\wp-reset.php',
  'plugin_page' => 'tools_page_wp-reset',
  'skip_hooks' => false,
  'debug' => true,
  'js_folder' => 'http://localhost/studio02/wp-content/plugins/wp-reset//js/',
)
array (
  'prefix' => 'wpr',
  'licensing_servers' => 
  array (
    0 => 'https://dashboard.wpreset.com/api/',
  ),
  'version' => '2.04',
  'slug' => 'wp-reset',
  'basename' => 'wp-reset/wp-reset.php',
  'plugin_page' => 'tools_page_wp-reset',
  'plugin_file' => 'C:\\xampp\\htdocs\\studio02\\wp-content\\plugins\\wp-reset\\wp-reset.php',
  'js_folder' => 'http://localhost/studio02/wp-content/plugins/wp-reset//js/',
  'api_ver' => 'v1/',
  'valid_forever' => '2035-01-01',
  'unlimited_installs' => 99999,
  'debug' => true,
  'filesystem_initialized' => false,
)

[Fri, 28 Feb 2025 08:33:26 +0000] wpr: __construct
array (
  'prefix' => 'wpr',
  'licensing_servers' => 
  array (
    0 => 'https://dashboard.wpreset.com/api/',
  ),
  'version' => '2.04',
  'plugin_file' => 'C:\\xampp\\htdocs\\studio02\\wp-content\\plugins\\wp-reset\\wp-reset.php',
  'plugin_page' => 'tools_page_wp-reset',
  'skip_hooks' => false,
  'debug' => true,
  'js_folder' => 'http://localhost/studio02/wp-content/plugins/wp-reset//js/',
)
array (
  'prefix' => 'wpr',
  'licensing_servers' => 
  array (
    0 => 'https://dashboard.wpreset.com/api/',
  ),
  'version' => '2.04',
  'slug' => 'wp-reset',
  'basename' => 'wp-reset/wp-reset.php',
  'plugin_page' => 'tools_page_wp-reset',
  'plugin_file' => 'C:\\xampp\\htdocs\\studio02\\wp-content\\plugins\\wp-reset\\wp-reset.php',
  'js_folder' => 'http://localhost/studio02/wp-content/plugins/wp-reset//js/',
  'api_ver' => 'v1/',
  'valid_forever' => '2035-01-01',
  'unlimited_installs' => 99999,
  'debug' => true,
  'filesystem_initialized' => false,
)

[Fri, 28 Feb 2025 08:35:27 +0000] wpr: __construct
array (
  'prefix' => 'wpr',
  'licensing_servers' => 
  array (
    0 => 'https://dashboard.wpreset.com/api/',
  ),
  'version' => '2.04',
  'plugin_file' => 'C:\\xampp\\htdocs\\studio02\\wp-content\\plugins\\wp-reset\\wp-reset.php',
  'plugin_page' => 'tools_page_wp-reset',
  'skip_hooks' => false,
  'debug' => true,
  'js_folder' => 'http://localhost/studio02/wp-content/plugins/wp-reset//js/',
)
array (
  'prefix' => 'wpr',
  'licensing_servers' => 
  array (
    0 => 'https://dashboard.wpreset.com/api/',
  ),
  'version' => '2.04',
  'slug' => 'wp-reset',
  'basename' => 'wp-reset/wp-reset.php',
  'plugin_page' => 'tools_page_wp-reset',
  'plugin_file' => 'C:\\xampp\\htdocs\\studio02\\wp-content\\plugins\\wp-reset\\wp-reset.php',
  'js_folder' => 'http://localhost/studio02/wp-content/plugins/wp-reset//js/',
  'api_ver' => 'v1/',
  'valid_forever' => '2035-01-01',
  'unlimited_installs' => 99999,
  'debug' => true,
  'filesystem_initialized' => false,
)

[Fri, 28 Feb 2025 08:37:28 +0000] wpr: __construct
array (
  'prefix' => 'wpr',
  'licensing_servers' => 
  array (
    0 => 'https://dashboard.wpreset.com/api/',
  ),
  'version' => '2.04',
  'plugin_file' => 'C:\\xampp\\htdocs\\studio02\\wp-content\\plugins\\wp-reset\\wp-reset.php',
  'plugin_page' => 'tools_page_wp-reset',
  'skip_hooks' => false,
  'debug' => true,
  'js_folder' => 'http://localhost/studio02/wp-content/plugins/wp-reset//js/',
)
array (
  'prefix' => 'wpr',
  'licensing_servers' => 
  array (
    0 => 'https://dashboard.wpreset.com/api/',
  ),
  'version' => '2.04',
  'slug' => 'wp-reset',
  'basename' => 'wp-reset/wp-reset.php',
  'plugin_page' => 'tools_page_wp-reset',
  'plugin_file' => 'C:\\xampp\\htdocs\\studio02\\wp-content\\plugins\\wp-reset\\wp-reset.php',
  'js_folder' => 'http://localhost/studio02/wp-content/plugins/wp-reset//js/',
  'api_ver' => 'v1/',
  'valid_forever' => '2035-01-01',
  'unlimited_installs' => 99999,
  'debug' => true,
  'filesystem_initialized' => false,
)

[Fri, 28 Feb 2025 08:38:28 +0000] wpr: __construct
array (
  'prefix' => 'wpr',
  'licensing_servers' => 
  array (
    0 => 'https://dashboard.wpreset.com/api/',
  ),
  'version' => '2.04',
  'plugin_file' => 'C:\\xampp\\htdocs\\studio02\\wp-content\\plugins\\wp-reset\\wp-reset.php',
  'plugin_page' => 'tools_page_wp-reset',
  'skip_hooks' => false,
  'debug' => true,
  'js_folder' => 'http://localhost/studio02/wp-content/plugins/wp-reset//js/',
)
array (
  'prefix' => 'wpr',
  'licensing_servers' => 
  array (
    0 => 'https://dashboard.wpreset.com/api/',
  ),
  'version' => '2.04',
  'slug' => 'wp-reset',
  'basename' => 'wp-reset/wp-reset.php',
  'plugin_page' => 'tools_page_wp-reset',
  'plugin_file' => 'C:\\xampp\\htdocs\\studio02\\wp-content\\plugins\\wp-reset\\wp-reset.php',
  'js_folder' => 'http://localhost/studio02/wp-content/plugins/wp-reset//js/',
  'api_ver' => 'v1/',
  'valid_forever' => '2035-01-01',
  'unlimited_installs' => 99999,
  'debug' => true,
  'filesystem_initialized' => false,
)

[Fri, 28 Feb 2025 08:39:28 +0000] wpr: __construct
array (
  'prefix' => 'wpr',
  'licensing_servers' => 
  array (
    0 => 'https://dashboard.wpreset.com/api/',
  ),
  'version' => '2.04',
  'plugin_file' => 'C:\\xampp\\htdocs\\studio02\\wp-content\\plugins\\wp-reset\\wp-reset.php',
  'plugin_page' => 'tools_page_wp-reset',
  'skip_hooks' => false,
  'debug' => true,
  'js_folder' => 'http://localhost/studio02/wp-content/plugins/wp-reset//js/',
)
array (
  'prefix' => 'wpr',
  'licensing_servers' => 
  array (
    0 => 'https://dashboard.wpreset.com/api/',
  ),
  'version' => '2.04',
  'slug' => 'wp-reset',
  'basename' => 'wp-reset/wp-reset.php',
  'plugin_page' => 'tools_page_wp-reset',
  'plugin_file' => 'C:\\xampp\\htdocs\\studio02\\wp-content\\plugins\\wp-reset\\wp-reset.php',
  'js_folder' => 'http://localhost/studio02/wp-content/plugins/wp-reset//js/',
  'api_ver' => 'v1/',
  'valid_forever' => '2035-01-01',
  'unlimited_installs' => 99999,
  'debug' => true,
  'filesystem_initialized' => false,
)

[Fri, 28 Feb 2025 08:40:28 +0000] wpr: __construct
array (
  'prefix' => 'wpr',
  'licensing_servers' => 
  array (
    0 => 'https://dashboard.wpreset.com/api/',
  ),
  'version' => '2.04',
  'plugin_file' => 'C:\\xampp\\htdocs\\studio02\\wp-content\\plugins\\wp-reset\\wp-reset.php',
  'plugin_page' => 'tools_page_wp-reset',
  'skip_hooks' => false,
  'debug' => true,
  'js_folder' => 'http://localhost/studio02/wp-content/plugins/wp-reset//js/',
)
array (
  'prefix' => 'wpr',
  'licensing_servers' => 
  array (
    0 => 'https://dashboard.wpreset.com/api/',
  ),
  'version' => '2.04',
  'slug' => 'wp-reset',
  'basename' => 'wp-reset/wp-reset.php',
  'plugin_page' => 'tools_page_wp-reset',
  'plugin_file' => 'C:\\xampp\\htdocs\\studio02\\wp-content\\plugins\\wp-reset\\wp-reset.php',
  'js_folder' => 'http://localhost/studio02/wp-content/plugins/wp-reset//js/',
  'api_ver' => 'v1/',
  'valid_forever' => '2035-01-01',
  'unlimited_installs' => 99999,
  'debug' => true,
  'filesystem_initialized' => false,
)

[Fri, 28 Feb 2025 08:41:28 +0000] wpr: __construct
array (
  'prefix' => 'wpr',
  'licensing_servers' => 
  array (
    0 => 'https://dashboard.wpreset.com/api/',
  ),
  'version' => '2.04',
  'plugin_file' => 'C:\\xampp\\htdocs\\studio02\\wp-content\\plugins\\wp-reset\\wp-reset.php',
  'plugin_page' => 'tools_page_wp-reset',
  'skip_hooks' => false,
  'debug' => true,
  'js_folder' => 'http://localhost/studio02/wp-content/plugins/wp-reset//js/',
)
array (
  'prefix' => 'wpr',
  'licensing_servers' => 
  array (
    0 => 'https://dashboard.wpreset.com/api/',
  ),
  'version' => '2.04',
  'slug' => 'wp-reset',
  'basename' => 'wp-reset/wp-reset.php',
  'plugin_page' => 'tools_page_wp-reset',
  'plugin_file' => 'C:\\xampp\\htdocs\\studio02\\wp-content\\plugins\\wp-reset\\wp-reset.php',
  'js_folder' => 'http://localhost/studio02/wp-content/plugins/wp-reset//js/',
  'api_ver' => 'v1/',
  'valid_forever' => '2035-01-01',
  'unlimited_installs' => 99999,
  'debug' => true,
  'filesystem_initialized' => false,
)

[Fri, 28 Feb 2025 08:42:28 +0000] wpr: __construct
array (
  'prefix' => 'wpr',
  'licensing_servers' => 
  array (
    0 => 'https://dashboard.wpreset.com/api/',
  ),
  'version' => '2.04',
  'plugin_file' => 'C:\\xampp\\htdocs\\studio02\\wp-content\\plugins\\wp-reset\\wp-reset.php',
  'plugin_page' => 'tools_page_wp-reset',
  'skip_hooks' => false,
  'debug' => true,
  'js_folder' => 'http://localhost/studio02/wp-content/plugins/wp-reset//js/',
)
array (
  'prefix' => 'wpr',
  'licensing_servers' => 
  array (
    0 => 'https://dashboard.wpreset.com/api/',
  ),
  'version' => '2.04',
  'slug' => 'wp-reset',
  'basename' => 'wp-reset/wp-reset.php',
  'plugin_page' => 'tools_page_wp-reset',
  'plugin_file' => 'C:\\xampp\\htdocs\\studio02\\wp-content\\plugins\\wp-reset\\wp-reset.php',
  'js_folder' => 'http://localhost/studio02/wp-content/plugins/wp-reset//js/',
  'api_ver' => 'v1/',
  'valid_forever' => '2035-01-01',
  'unlimited_installs' => 99999,
  'debug' => true,
  'filesystem_initialized' => false,
)

[Fri, 28 Feb 2025 08:43:28 +0000] wpr: __construct
array (
  'prefix' => 'wpr',
  'licensing_servers' => 
  array (
    0 => 'https://dashboard.wpreset.com/api/',
  ),
  'version' => '2.04',
  'plugin_file' => 'C:\\xampp\\htdocs\\studio02\\wp-content\\plugins\\wp-reset\\wp-reset.php',
  'plugin_page' => 'tools_page_wp-reset',
  'skip_hooks' => false,
  'debug' => true,
  'js_folder' => 'http://localhost/studio02/wp-content/plugins/wp-reset//js/',
)
array (
  'prefix' => 'wpr',
  'licensing_servers' => 
  array (
    0 => 'https://dashboard.wpreset.com/api/',
  ),
  'version' => '2.04',
  'slug' => 'wp-reset',
  'basename' => 'wp-reset/wp-reset.php',
  'plugin_page' => 'tools_page_wp-reset',
  'plugin_file' => 'C:\\xampp\\htdocs\\studio02\\wp-content\\plugins\\wp-reset\\wp-reset.php',
  'js_folder' => 'http://localhost/studio02/wp-content/plugins/wp-reset//js/',
  'api_ver' => 'v1/',
  'valid_forever' => '2035-01-01',
  'unlimited_installs' => 99999,
  'debug' => true,
  'filesystem_initialized' => false,
)

[Fri, 28 Feb 2025 08:44:28 +0000] wpr: __construct
array (
  'prefix' => 'wpr',
  'licensing_servers' => 
  array (
    0 => 'https://dashboard.wpreset.com/api/',
  ),
  'version' => '2.04',
  'plugin_file' => 'C:\\xampp\\htdocs\\studio02\\wp-content\\plugins\\wp-reset\\wp-reset.php',
  'plugin_page' => 'tools_page_wp-reset',
  'skip_hooks' => false,
  'debug' => true,
  'js_folder' => 'http://localhost/studio02/wp-content/plugins/wp-reset//js/',
)
array (
  'prefix' => 'wpr',
  'licensing_servers' => 
  array (
    0 => 'https://dashboard.wpreset.com/api/',
  ),
  'version' => '2.04',
  'slug' => 'wp-reset',
  'basename' => 'wp-reset/wp-reset.php',
  'plugin_page' => 'tools_page_wp-reset',
  'plugin_file' => 'C:\\xampp\\htdocs\\studio02\\wp-content\\plugins\\wp-reset\\wp-reset.php',
  'js_folder' => 'http://localhost/studio02/wp-content/plugins/wp-reset//js/',
  'api_ver' => 'v1/',
  'valid_forever' => '2035-01-01',
  'unlimited_installs' => 99999,
  'debug' => true,
  'filesystem_initialized' => false,
)

[Fri, 28 Feb 2025 08:45:29 +0000] wpr: __construct
array (
  'prefix' => 'wpr',
  'licensing_servers' => 
  array (
    0 => 'https://dashboard.wpreset.com/api/',
  ),
  'version' => '2.04',
  'plugin_file' => 'C:\\xampp\\htdocs\\studio02\\wp-content\\plugins\\wp-reset\\wp-reset.php',
  'plugin_page' => 'tools_page_wp-reset',
  'skip_hooks' => false,
  'debug' => true,
  'js_folder' => 'http://localhost/studio02/wp-content/plugins/wp-reset//js/',
)
array (
  'prefix' => 'wpr',
  'licensing_servers' => 
  array (
    0 => 'https://dashboard.wpreset.com/api/',
  ),
  'version' => '2.04',
  'slug' => 'wp-reset',
  'basename' => 'wp-reset/wp-reset.php',
  'plugin_page' => 'tools_page_wp-reset',
  'plugin_file' => 'C:\\xampp\\htdocs\\studio02\\wp-content\\plugins\\wp-reset\\wp-reset.php',
  'js_folder' => 'http://localhost/studio02/wp-content/plugins/wp-reset//js/',
  'api_ver' => 'v1/',
  'valid_forever' => '2035-01-01',
  'unlimited_installs' => 99999,
  'debug' => true,
  'filesystem_initialized' => false,
)

[Fri, 28 Feb 2025 08:46:29 +0000] wpr: __construct
array (
  'prefix' => 'wpr',
  'licensing_servers' => 
  array (
    0 => 'https://dashboard.wpreset.com/api/',
  ),
  'version' => '2.04',
  'plugin_file' => 'C:\\xampp\\htdocs\\studio02\\wp-content\\plugins\\wp-reset\\wp-reset.php',
  'plugin_page' => 'tools_page_wp-reset',
  'skip_hooks' => false,
  'debug' => true,
  'js_folder' => 'http://localhost/studio02/wp-content/plugins/wp-reset//js/',
)
array (
  'prefix' => 'wpr',
  'licensing_servers' => 
  array (
    0 => 'https://dashboard.wpreset.com/api/',
  ),
  'version' => '2.04',
  'slug' => 'wp-reset',
  'basename' => 'wp-reset/wp-reset.php',
  'plugin_page' => 'tools_page_wp-reset',
  'plugin_file' => 'C:\\xampp\\htdocs\\studio02\\wp-content\\plugins\\wp-reset\\wp-reset.php',
  'js_folder' => 'http://localhost/studio02/wp-content/plugins/wp-reset//js/',
  'api_ver' => 'v1/',
  'valid_forever' => '2035-01-01',
  'unlimited_installs' => 99999,
  'debug' => true,
  'filesystem_initialized' => false,
)

[Fri, 28 Feb 2025 08:47:29 +0000] wpr: __construct
array (
  'prefix' => 'wpr',
  'licensing_servers' => 
  array (
    0 => 'https://dashboard.wpreset.com/api/',
  ),
  'version' => '2.04',
  'plugin_file' => 'C:\\xampp\\htdocs\\studio02\\wp-content\\plugins\\wp-reset\\wp-reset.php',
  'plugin_page' => 'tools_page_wp-reset',
  'skip_hooks' => false,
  'debug' => true,
  'js_folder' => 'http://localhost/studio02/wp-content/plugins/wp-reset//js/',
)
array (
  'prefix' => 'wpr',
  'licensing_servers' => 
  array (
    0 => 'https://dashboard.wpreset.com/api/',
  ),
  'version' => '2.04',
  'slug' => 'wp-reset',
  'basename' => 'wp-reset/wp-reset.php',
  'plugin_page' => 'tools_page_wp-reset',
  'plugin_file' => 'C:\\xampp\\htdocs\\studio02\\wp-content\\plugins\\wp-reset\\wp-reset.php',
  'js_folder' => 'http://localhost/studio02/wp-content/plugins/wp-reset//js/',
  'api_ver' => 'v1/',
  'valid_forever' => '2035-01-01',
  'unlimited_installs' => 99999,
  'debug' => true,
  'filesystem_initialized' => false,
)

[Fri, 28 Feb 2025 08:48:29 +0000] wpr: __construct
array (
  'prefix' => 'wpr',
  'licensing_servers' => 
  array (
    0 => 'https://dashboard.wpreset.com/api/',
  ),
  'version' => '2.04',
  'plugin_file' => 'C:\\xampp\\htdocs\\studio02\\wp-content\\plugins\\wp-reset\\wp-reset.php',
  'plugin_page' => 'tools_page_wp-reset',
  'skip_hooks' => false,
  'debug' => true,
  'js_folder' => 'http://localhost/studio02/wp-content/plugins/wp-reset//js/',
)
array (
  'prefix' => 'wpr',
  'licensing_servers' => 
  array (
    0 => 'https://dashboard.wpreset.com/api/',
  ),
  'version' => '2.04',
  'slug' => 'wp-reset',
  'basename' => 'wp-reset/wp-reset.php',
  'plugin_page' => 'tools_page_wp-reset',
  'plugin_file' => 'C:\\xampp\\htdocs\\studio02\\wp-content\\plugins\\wp-reset\\wp-reset.php',
  'js_folder' => 'http://localhost/studio02/wp-content/plugins/wp-reset//js/',
  'api_ver' => 'v1/',
  'valid_forever' => '2035-01-01',
  'unlimited_installs' => 99999,
  'debug' => true,
  'filesystem_initialized' => false,
)

[Fri, 28 Feb 2025 08:49:30 +0000] wpr: __construct
array (
  'prefix' => 'wpr',
  'licensing_servers' => 
  array (
    0 => 'https://dashboard.wpreset.com/api/',
  ),
  'version' => '2.04',
  'plugin_file' => 'C:\\xampp\\htdocs\\studio02\\wp-content\\plugins\\wp-reset\\wp-reset.php',
  'plugin_page' => 'tools_page_wp-reset',
  'skip_hooks' => false,
  'debug' => true,
  'js_folder' => 'http://localhost/studio02/wp-content/plugins/wp-reset//js/',
)
array (
  'prefix' => 'wpr',
  'licensing_servers' => 
  array (
    0 => 'https://dashboard.wpreset.com/api/',
  ),
  'version' => '2.04',
  'slug' => 'wp-reset',
  'basename' => 'wp-reset/wp-reset.php',
  'plugin_page' => 'tools_page_wp-reset',
  'plugin_file' => 'C:\\xampp\\htdocs\\studio02\\wp-content\\plugins\\wp-reset\\wp-reset.php',
  'js_folder' => 'http://localhost/studio02/wp-content/plugins/wp-reset//js/',
  'api_ver' => 'v1/',
  'valid_forever' => '2035-01-01',
  'unlimited_installs' => 99999,
  'debug' => true,
  'filesystem_initialized' => false,
)

[Fri, 28 Feb 2025 08:50:30 +0000] wpr: __construct
array (
  'prefix' => 'wpr',
  'licensing_servers' => 
  array (
    0 => 'https://dashboard.wpreset.com/api/',
  ),
  'version' => '2.04',
  'plugin_file' => 'C:\\xampp\\htdocs\\studio02\\wp-content\\plugins\\wp-reset\\wp-reset.php',
  'plugin_page' => 'tools_page_wp-reset',
  'skip_hooks' => false,
  'debug' => true,
  'js_folder' => 'http://localhost/studio02/wp-content/plugins/wp-reset//js/',
)
array (
  'prefix' => 'wpr',
  'licensing_servers' => 
  array (
    0 => 'https://dashboard.wpreset.com/api/',
  ),
  'version' => '2.04',
  'slug' => 'wp-reset',
  'basename' => 'wp-reset/wp-reset.php',
  'plugin_page' => 'tools_page_wp-reset',
  'plugin_file' => 'C:\\xampp\\htdocs\\studio02\\wp-content\\plugins\\wp-reset\\wp-reset.php',
  'js_folder' => 'http://localhost/studio02/wp-content/plugins/wp-reset//js/',
  'api_ver' => 'v1/',
  'valid_forever' => '2035-01-01',
  'unlimited_installs' => 99999,
  'debug' => true,
  'filesystem_initialized' => false,
)

[Fri, 28 Feb 2025 08:51:30 +0000] wpr: __construct
array (
  'prefix' => 'wpr',
  'licensing_servers' => 
  array (
    0 => 'https://dashboard.wpreset.com/api/',
  ),
  'version' => '2.04',
  'plugin_file' => 'C:\\xampp\\htdocs\\studio02\\wp-content\\plugins\\wp-reset\\wp-reset.php',
  'plugin_page' => 'tools_page_wp-reset',
  'skip_hooks' => false,
  'debug' => true,
  'js_folder' => 'http://localhost/studio02/wp-content/plugins/wp-reset//js/',
)
array (
  'prefix' => 'wpr',
  'licensing_servers' => 
  array (
    0 => 'https://dashboard.wpreset.com/api/',
  ),
  'version' => '2.04',
  'slug' => 'wp-reset',
  'basename' => 'wp-reset/wp-reset.php',
  'plugin_page' => 'tools_page_wp-reset',
  'plugin_file' => 'C:\\xampp\\htdocs\\studio02\\wp-content\\plugins\\wp-reset\\wp-reset.php',
  'js_folder' => 'http://localhost/studio02/wp-content/plugins/wp-reset//js/',
  'api_ver' => 'v1/',
  'valid_forever' => '2035-01-01',
  'unlimited_installs' => 99999,
  'debug' => true,
  'filesystem_initialized' => false,
)

[Fri, 28 Feb 2025 08:52:07 +0000] wpr: __construct
array (
  'prefix' => 'wpr',
  'licensing_servers' => 
  array (
    0 => 'https://dashboard.wpreset.com/api/',
  ),
  'version' => '2.04',
  'plugin_file' => 'C:\\xampp\\htdocs\\studio02\\wp-content\\plugins\\wp-reset\\wp-reset.php',
  'plugin_page' => 'tools_page_wp-reset',
  'skip_hooks' => false,
  'debug' => true,
  'js_folder' => 'http://localhost/studio02/wp-content/plugins/wp-reset//js/',
)
array (
  'prefix' => 'wpr',
  'licensing_servers' => 
  array (
    0 => 'https://dashboard.wpreset.com/api/',
  ),
  'version' => '2.04',
  'slug' => 'wp-reset',
  'basename' => 'wp-reset/wp-reset.php',
  'plugin_page' => 'tools_page_wp-reset',
  'plugin_file' => 'C:\\xampp\\htdocs\\studio02\\wp-content\\plugins\\wp-reset\\wp-reset.php',
  'js_folder' => 'http://localhost/studio02/wp-content/plugins/wp-reset//js/',
  'api_ver' => 'v1/',
  'valid_forever' => '2035-01-01',
  'unlimited_installs' => 99999,
  'debug' => true,
  'filesystem_initialized' => false,
)

[Fri, 28 Feb 2025 08:52:30 +0000] wpr: __construct
array (
  'prefix' => 'wpr',
  'licensing_servers' => 
  array (
    0 => 'https://dashboard.wpreset.com/api/',
  ),
  'version' => '2.04',
  'plugin_file' => 'C:\\xampp\\htdocs\\studio02\\wp-content\\plugins\\wp-reset\\wp-reset.php',
  'plugin_page' => 'tools_page_wp-reset',
  'skip_hooks' => false,
  'debug' => true,
  'js_folder' => 'http://localhost/studio02/wp-content/plugins/wp-reset//js/',
)
array (
  'prefix' => 'wpr',
  'licensing_servers' => 
  array (
    0 => 'https://dashboard.wpreset.com/api/',
  ),
  'version' => '2.04',
  'slug' => 'wp-reset',
  'basename' => 'wp-reset/wp-reset.php',
  'plugin_page' => 'tools_page_wp-reset',
  'plugin_file' => 'C:\\xampp\\htdocs\\studio02\\wp-content\\plugins\\wp-reset\\wp-reset.php',
  'js_folder' => 'http://localhost/studio02/wp-content/plugins/wp-reset//js/',
  'api_ver' => 'v1/',
  'valid_forever' => '2035-01-01',
  'unlimited_installs' => 99999,
  'debug' => true,
  'filesystem_initialized' => false,
)

[Fri, 28 Feb 2025 08:53:30 +0000] wpr: __construct
array (
  'prefix' => 'wpr',
  'licensing_servers' => 
  array (
    0 => 'https://dashboard.wpreset.com/api/',
  ),
  'version' => '2.04',
  'plugin_file' => 'C:\\xampp\\htdocs\\studio02\\wp-content\\plugins\\wp-reset\\wp-reset.php',
  'plugin_page' => 'tools_page_wp-reset',
  'skip_hooks' => false,
  'debug' => true,
  'js_folder' => 'http://localhost/studio02/wp-content/plugins/wp-reset//js/',
)
array (
  'prefix' => 'wpr',
  'licensing_servers' => 
  array (
    0 => 'https://dashboard.wpreset.com/api/',
  ),
  'version' => '2.04',
  'slug' => 'wp-reset',
  'basename' => 'wp-reset/wp-reset.php',
  'plugin_page' => 'tools_page_wp-reset',
  'plugin_file' => 'C:\\xampp\\htdocs\\studio02\\wp-content\\plugins\\wp-reset\\wp-reset.php',
  'js_folder' => 'http://localhost/studio02/wp-content/plugins/wp-reset//js/',
  'api_ver' => 'v1/',
  'valid_forever' => '2035-01-01',
  'unlimited_installs' => 99999,
  'debug' => true,
  'filesystem_initialized' => false,
)

[Fri, 28 Feb 2025 08:54:30 +0000] wpr: __construct
array (
  'prefix' => 'wpr',
  'licensing_servers' => 
  array (
    0 => 'https://dashboard.wpreset.com/api/',
  ),
  'version' => '2.04',
  'plugin_file' => 'C:\\xampp\\htdocs\\studio02\\wp-content\\plugins\\wp-reset\\wp-reset.php',
  'plugin_page' => 'tools_page_wp-reset',
  'skip_hooks' => false,
  'debug' => true,
  'js_folder' => 'http://localhost/studio02/wp-content/plugins/wp-reset//js/',
)
array (
  'prefix' => 'wpr',
  'licensing_servers' => 
  array (
    0 => 'https://dashboard.wpreset.com/api/',
  ),
  'version' => '2.04',
  'slug' => 'wp-reset',
  'basename' => 'wp-reset/wp-reset.php',
  'plugin_page' => 'tools_page_wp-reset',
  'plugin_file' => 'C:\\xampp\\htdocs\\studio02\\wp-content\\plugins\\wp-reset\\wp-reset.php',
  'js_folder' => 'http://localhost/studio02/wp-content/plugins/wp-reset//js/',
  'api_ver' => 'v1/',
  'valid_forever' => '2035-01-01',
  'unlimited_installs' => 99999,
  'debug' => true,
  'filesystem_initialized' => false,
)

[Fri, 28 Feb 2025 08:55:30 +0000] wpr: __construct
array (
  'prefix' => 'wpr',
  'licensing_servers' => 
  array (
    0 => 'https://dashboard.wpreset.com/api/',
  ),
  'version' => '2.04',
  'plugin_file' => 'C:\\xampp\\htdocs\\studio02\\wp-content\\plugins\\wp-reset\\wp-reset.php',
  'plugin_page' => 'tools_page_wp-reset',
  'skip_hooks' => false,
  'debug' => true,
  'js_folder' => 'http://localhost/studio02/wp-content/plugins/wp-reset//js/',
)
array (
  'prefix' => 'wpr',
  'licensing_servers' => 
  array (
    0 => 'https://dashboard.wpreset.com/api/',
  ),
  'version' => '2.04',
  'slug' => 'wp-reset',
  'basename' => 'wp-reset/wp-reset.php',
  'plugin_page' => 'tools_page_wp-reset',
  'plugin_file' => 'C:\\xampp\\htdocs\\studio02\\wp-content\\plugins\\wp-reset\\wp-reset.php',
  'js_folder' => 'http://localhost/studio02/wp-content/plugins/wp-reset//js/',
  'api_ver' => 'v1/',
  'valid_forever' => '2035-01-01',
  'unlimited_installs' => 99999,
  'debug' => true,
  'filesystem_initialized' => false,
)

[Fri, 28 Feb 2025 08:56:30 +0000] wpr: __construct
array (
  'prefix' => 'wpr',
  'licensing_servers' => 
  array (
    0 => 'https://dashboard.wpreset.com/api/',
  ),
  'version' => '2.04',
  'plugin_file' => 'C:\\xampp\\htdocs\\studio02\\wp-content\\plugins\\wp-reset\\wp-reset.php',
  'plugin_page' => 'tools_page_wp-reset',
  'skip_hooks' => false,
  'debug' => true,
  'js_folder' => 'http://localhost/studio02/wp-content/plugins/wp-reset//js/',
)
array (
  'prefix' => 'wpr',
  'licensing_servers' => 
  array (
    0 => 'https://dashboard.wpreset.com/api/',
  ),
  'version' => '2.04',
  'slug' => 'wp-reset',
  'basename' => 'wp-reset/wp-reset.php',
  'plugin_page' => 'tools_page_wp-reset',
  'plugin_file' => 'C:\\xampp\\htdocs\\studio02\\wp-content\\plugins\\wp-reset\\wp-reset.php',
  'js_folder' => 'http://localhost/studio02/wp-content/plugins/wp-reset//js/',
  'api_ver' => 'v1/',
  'valid_forever' => '2035-01-01',
  'unlimited_installs' => 99999,
  'debug' => true,
  'filesystem_initialized' => false,
)

[Fri, 28 Feb 2025 08:57:30 +0000] wpr: __construct
array (
  'prefix' => 'wpr',
  'licensing_servers' => 
  array (
    0 => 'https://dashboard.wpreset.com/api/',
  ),
  'version' => '2.04',
  'plugin_file' => 'C:\\xampp\\htdocs\\studio02\\wp-content\\plugins\\wp-reset\\wp-reset.php',
  'plugin_page' => 'tools_page_wp-reset',
  'skip_hooks' => false,
  'debug' => true,
  'js_folder' => 'http://localhost/studio02/wp-content/plugins/wp-reset//js/',
)
array (
  'prefix' => 'wpr',
  'licensing_servers' => 
  array (
    0 => 'https://dashboard.wpreset.com/api/',
  ),
  'version' => '2.04',
  'slug' => 'wp-reset',
  'basename' => 'wp-reset/wp-reset.php',
  'plugin_page' => 'tools_page_wp-reset',
  'plugin_file' => 'C:\\xampp\\htdocs\\studio02\\wp-content\\plugins\\wp-reset\\wp-reset.php',
  'js_folder' => 'http://localhost/studio02/wp-content/plugins/wp-reset//js/',
  'api_ver' => 'v1/',
  'valid_forever' => '2035-01-01',
  'unlimited_installs' => 99999,
  'debug' => true,
  'filesystem_initialized' => false,
)

[Fri, 28 Feb 2025 08:58:30 +0000] wpr: __construct
array (
  'prefix' => 'wpr',
  'licensing_servers' => 
  array (
    0 => 'https://dashboard.wpreset.com/api/',
  ),
  'version' => '2.04',
  'plugin_file' => 'C:\\xampp\\htdocs\\studio02\\wp-content\\plugins\\wp-reset\\wp-reset.php',
  'plugin_page' => 'tools_page_wp-reset',
  'skip_hooks' => false,
  'debug' => true,
  'js_folder' => 'http://localhost/studio02/wp-content/plugins/wp-reset//js/',
)
array (
  'prefix' => 'wpr',
  'licensing_servers' => 
  array (
    0 => 'https://dashboard.wpreset.com/api/',
  ),
  'version' => '2.04',
  'slug' => 'wp-reset',
  'basename' => 'wp-reset/wp-reset.php',
  'plugin_page' => 'tools_page_wp-reset',
  'plugin_file' => 'C:\\xampp\\htdocs\\studio02\\wp-content\\plugins\\wp-reset\\wp-reset.php',
  'js_folder' => 'http://localhost/studio02/wp-content/plugins/wp-reset//js/',
  'api_ver' => 'v1/',
  'valid_forever' => '2035-01-01',
  'unlimited_installs' => 99999,
  'debug' => true,
  'filesystem_initialized' => false,
)

[Fri, 28 Feb 2025 08:59:30 +0000] wpr: __construct
array (
  'prefix' => 'wpr',
  'licensing_servers' => 
  array (
    0 => 'https://dashboard.wpreset.com/api/',
  ),
  'version' => '2.04',
  'plugin_file' => 'C:\\xampp\\htdocs\\studio02\\wp-content\\plugins\\wp-reset\\wp-reset.php',
  'plugin_page' => 'tools_page_wp-reset',
  'skip_hooks' => false,
  'debug' => true,
  'js_folder' => 'http://localhost/studio02/wp-content/plugins/wp-reset//js/',
)
array (
  'prefix' => 'wpr',
  'licensing_servers' => 
  array (
    0 => 'https://dashboard.wpreset.com/api/',
  ),
  'version' => '2.04',
  'slug' => 'wp-reset',
  'basename' => 'wp-reset/wp-reset.php',
  'plugin_page' => 'tools_page_wp-reset',
  'plugin_file' => 'C:\\xampp\\htdocs\\studio02\\wp-content\\plugins\\wp-reset\\wp-reset.php',
  'js_folder' => 'http://localhost/studio02/wp-content/plugins/wp-reset//js/',
  'api_ver' => 'v1/',
  'valid_forever' => '2035-01-01',
  'unlimited_installs' => 99999,
  'debug' => true,
  'filesystem_initialized' => false,
)

[Fri, 28 Feb 2025 09:00:30 +0000] wpr: __construct
array (
  'prefix' => 'wpr',
  'licensing_servers' => 
  array (
    0 => 'https://dashboard.wpreset.com/api/',
  ),
  'version' => '2.04',
  'plugin_file' => 'C:\\xampp\\htdocs\\studio02\\wp-content\\plugins\\wp-reset\\wp-reset.php',
  'plugin_page' => 'tools_page_wp-reset',
  'skip_hooks' => false,
  'debug' => true,
  'js_folder' => 'http://localhost/studio02/wp-content/plugins/wp-reset//js/',
)
array (
  'prefix' => 'wpr',
  'licensing_servers' => 
  array (
    0 => 'https://dashboard.wpreset.com/api/',
  ),
  'version' => '2.04',
  'slug' => 'wp-reset',
  'basename' => 'wp-reset/wp-reset.php',
  'plugin_page' => 'tools_page_wp-reset',
  'plugin_file' => 'C:\\xampp\\htdocs\\studio02\\wp-content\\plugins\\wp-reset\\wp-reset.php',
  'js_folder' => 'http://localhost/studio02/wp-content/plugins/wp-reset//js/',
  'api_ver' => 'v1/',
  'valid_forever' => '2035-01-01',
  'unlimited_installs' => 99999,
  'debug' => true,
  'filesystem_initialized' => false,
)

[Fri, 28 Feb 2025 09:01:30 +0000] wpr: __construct
array (
  'prefix' => 'wpr',
  'licensing_servers' => 
  array (
    0 => 'https://dashboard.wpreset.com/api/',
  ),
  'version' => '2.04',
  'plugin_file' => 'C:\\xampp\\htdocs\\studio02\\wp-content\\plugins\\wp-reset\\wp-reset.php',
  'plugin_page' => 'tools_page_wp-reset',
  'skip_hooks' => false,
  'debug' => true,
  'js_folder' => 'http://localhost/studio02/wp-content/plugins/wp-reset//js/',
)
array (
  'prefix' => 'wpr',
  'licensing_servers' => 
  array (
    0 => 'https://dashboard.wpreset.com/api/',
  ),
  'version' => '2.04',
  'slug' => 'wp-reset',
  'basename' => 'wp-reset/wp-reset.php',
  'plugin_page' => 'tools_page_wp-reset',
  'plugin_file' => 'C:\\xampp\\htdocs\\studio02\\wp-content\\plugins\\wp-reset\\wp-reset.php',
  'js_folder' => 'http://localhost/studio02/wp-content/plugins/wp-reset//js/',
  'api_ver' => 'v1/',
  'valid_forever' => '2035-01-01',
  'unlimited_installs' => 99999,
  'debug' => true,
  'filesystem_initialized' => false,
)

[Fri, 28 Feb 2025 09:02:30 +0000] wpr: __construct
array (
  'prefix' => 'wpr',
  'licensing_servers' => 
  array (
    0 => 'https://dashboard.wpreset.com/api/',
  ),
  'version' => '2.04',
  'plugin_file' => 'C:\\xampp\\htdocs\\studio02\\wp-content\\plugins\\wp-reset\\wp-reset.php',
  'plugin_page' => 'tools_page_wp-reset',
  'skip_hooks' => false,
  'debug' => true,
  'js_folder' => 'http://localhost/studio02/wp-content/plugins/wp-reset//js/',
)
array (
  'prefix' => 'wpr',
  'licensing_servers' => 
  array (
    0 => 'https://dashboard.wpreset.com/api/',
  ),
  'version' => '2.04',
  'slug' => 'wp-reset',
  'basename' => 'wp-reset/wp-reset.php',
  'plugin_page' => 'tools_page_wp-reset',
  'plugin_file' => 'C:\\xampp\\htdocs\\studio02\\wp-content\\plugins\\wp-reset\\wp-reset.php',
  'js_folder' => 'http://localhost/studio02/wp-content/plugins/wp-reset//js/',
  'api_ver' => 'v1/',
  'valid_forever' => '2035-01-01',
  'unlimited_installs' => 99999,
  'debug' => true,
  'filesystem_initialized' => false,
)

[Fri, 28 Feb 2025 09:03:31 +0000] wpr: __construct
array (
  'prefix' => 'wpr',
  'licensing_servers' => 
  array (
    0 => 'https://dashboard.wpreset.com/api/',
  ),
  'version' => '2.04',
  'plugin_file' => 'C:\\xampp\\htdocs\\studio02\\wp-content\\plugins\\wp-reset\\wp-reset.php',
  'plugin_page' => 'tools_page_wp-reset',
  'skip_hooks' => false,
  'debug' => true,
  'js_folder' => 'http://localhost/studio02/wp-content/plugins/wp-reset//js/',
)
array (
  'prefix' => 'wpr',
  'licensing_servers' => 
  array (
    0 => 'https://dashboard.wpreset.com/api/',
  ),
  'version' => '2.04',
  'slug' => 'wp-reset',
  'basename' => 'wp-reset/wp-reset.php',
  'plugin_page' => 'tools_page_wp-reset',
  'plugin_file' => 'C:\\xampp\\htdocs\\studio02\\wp-content\\plugins\\wp-reset\\wp-reset.php',
  'js_folder' => 'http://localhost/studio02/wp-content/plugins/wp-reset//js/',
  'api_ver' => 'v1/',
  'valid_forever' => '2035-01-01',
  'unlimited_installs' => 99999,
  'debug' => true,
  'filesystem_initialized' => false,
)

[Fri, 28 Feb 2025 09:03:49 +0000] wpr: __construct
array (
  'prefix' => 'wpr',
  'licensing_servers' => 
  array (
    0 => 'https://dashboard.wpreset.com/api/',
  ),
  'version' => '2.04',
  'plugin_file' => 'C:\\xampp\\htdocs\\studio02\\wp-content\\plugins\\wp-reset\\wp-reset.php',
  'plugin_page' => 'tools_page_wp-reset',
  'skip_hooks' => false,
  'debug' => true,
  'js_folder' => 'http://localhost/studio02/wp-content/plugins/wp-reset//js/',
)
array (
  'prefix' => 'wpr',
  'licensing_servers' => 
  array (
    0 => 'https://dashboard.wpreset.com/api/',
  ),
  'version' => '2.04',
  'slug' => 'wp-reset',
  'basename' => 'wp-reset/wp-reset.php',
  'plugin_page' => 'tools_page_wp-reset',
  'plugin_file' => 'C:\\xampp\\htdocs\\studio02\\wp-content\\plugins\\wp-reset\\wp-reset.php',
  'js_folder' => 'http://localhost/studio02/wp-content/plugins/wp-reset//js/',
  'api_ver' => 'v1/',
  'valid_forever' => '2035-01-01',
  'unlimited_installs' => 99999,
  'debug' => true,
  'filesystem_initialized' => false,
)

[Fri, 28 Feb 2025 09:04:31 +0000] wpr: __construct
array (
  'prefix' => 'wpr',
  'licensing_servers' => 
  array (
    0 => 'https://dashboard.wpreset.com/api/',
  ),
  'version' => '2.04',
  'plugin_file' => 'C:\\xampp\\htdocs\\studio02\\wp-content\\plugins\\wp-reset\\wp-reset.php',
  'plugin_page' => 'tools_page_wp-reset',
  'skip_hooks' => false,
  'debug' => true,
  'js_folder' => 'http://localhost/studio02/wp-content/plugins/wp-reset//js/',
)
array (
  'prefix' => 'wpr',
  'licensing_servers' => 
  array (
    0 => 'https://dashboard.wpreset.com/api/',
  ),
  'version' => '2.04',
  'slug' => 'wp-reset',
  'basename' => 'wp-reset/wp-reset.php',
  'plugin_page' => 'tools_page_wp-reset',
  'plugin_file' => 'C:\\xampp\\htdocs\\studio02\\wp-content\\plugins\\wp-reset\\wp-reset.php',
  'js_folder' => 'http://localhost/studio02/wp-content/plugins/wp-reset//js/',
  'api_ver' => 'v1/',
  'valid_forever' => '2035-01-01',
  'unlimited_installs' => 99999,
  'debug' => true,
  'filesystem_initialized' => false,
)

[Fri, 28 Feb 2025 09:05:31 +0000] wpr: __construct
array (
  'prefix' => 'wpr',
  'licensing_servers' => 
  array (
    0 => 'https://dashboard.wpreset.com/api/',
  ),
  'version' => '2.04',
  'plugin_file' => 'C:\\xampp\\htdocs\\studio02\\wp-content\\plugins\\wp-reset\\wp-reset.php',
  'plugin_page' => 'tools_page_wp-reset',
  'skip_hooks' => false,
  'debug' => true,
  'js_folder' => 'http://localhost/studio02/wp-content/plugins/wp-reset//js/',
)
array (
  'prefix' => 'wpr',
  'licensing_servers' => 
  array (
    0 => 'https://dashboard.wpreset.com/api/',
  ),
  'version' => '2.04',
  'slug' => 'wp-reset',
  'basename' => 'wp-reset/wp-reset.php',
  'plugin_page' => 'tools_page_wp-reset',
  'plugin_file' => 'C:\\xampp\\htdocs\\studio02\\wp-content\\plugins\\wp-reset\\wp-reset.php',
  'js_folder' => 'http://localhost/studio02/wp-content/plugins/wp-reset//js/',
  'api_ver' => 'v1/',
  'valid_forever' => '2035-01-01',
  'unlimited_installs' => 99999,
  'debug' => true,
  'filesystem_initialized' => false,
)

[Fri, 28 Feb 2025 09:06:31 +0000] wpr: __construct
array (
  'prefix' => 'wpr',
  'licensing_servers' => 
  array (
    0 => 'https://dashboard.wpreset.com/api/',
  ),
  'version' => '2.04',
  'plugin_file' => 'C:\\xampp\\htdocs\\studio02\\wp-content\\plugins\\wp-reset\\wp-reset.php',
  'plugin_page' => 'tools_page_wp-reset',
  'skip_hooks' => false,
  'debug' => true,
  'js_folder' => 'http://localhost/studio02/wp-content/plugins/wp-reset//js/',
)
array (
  'prefix' => 'wpr',
  'licensing_servers' => 
  array (
    0 => 'https://dashboard.wpreset.com/api/',
  ),
  'version' => '2.04',
  'slug' => 'wp-reset',
  'basename' => 'wp-reset/wp-reset.php',
  'plugin_page' => 'tools_page_wp-reset',
  'plugin_file' => 'C:\\xampp\\htdocs\\studio02\\wp-content\\plugins\\wp-reset\\wp-reset.php',
  'js_folder' => 'http://localhost/studio02/wp-content/plugins/wp-reset//js/',
  'api_ver' => 'v1/',
  'valid_forever' => '2035-01-01',
  'unlimited_installs' => 99999,
  'debug' => true,
  'filesystem_initialized' => false,
)

[Fri, 28 Feb 2025 09:07:31 +0000] wpr: __construct
array (
  'prefix' => 'wpr',
  'licensing_servers' => 
  array (
    0 => 'https://dashboard.wpreset.com/api/',
  ),
  'version' => '2.04',
  'plugin_file' => 'C:\\xampp\\htdocs\\studio02\\wp-content\\plugins\\wp-reset\\wp-reset.php',
  'plugin_page' => 'tools_page_wp-reset',
  'skip_hooks' => false,
  'debug' => true,
  'js_folder' => 'http://localhost/studio02/wp-content/plugins/wp-reset//js/',
)
array (
  'prefix' => 'wpr',
  'licensing_servers' => 
  array (
    0 => 'https://dashboard.wpreset.com/api/',
  ),
  'version' => '2.04',
  'slug' => 'wp-reset',
  'basename' => 'wp-reset/wp-reset.php',
  'plugin_page' => 'tools_page_wp-reset',
  'plugin_file' => 'C:\\xampp\\htdocs\\studio02\\wp-content\\plugins\\wp-reset\\wp-reset.php',
  'js_folder' => 'http://localhost/studio02/wp-content/plugins/wp-reset//js/',
  'api_ver' => 'v1/',
  'valid_forever' => '2035-01-01',
  'unlimited_installs' => 99999,
  'debug' => true,
  'filesystem_initialized' => false,
)

[Fri, 28 Feb 2025 09:08:31 +0000] wpr: __construct
array (
  'prefix' => 'wpr',
  'licensing_servers' => 
  array (
    0 => 'https://dashboard.wpreset.com/api/',
  ),
  'version' => '2.04',
  'plugin_file' => 'C:\\xampp\\htdocs\\studio02\\wp-content\\plugins\\wp-reset\\wp-reset.php',
  'plugin_page' => 'tools_page_wp-reset',
  'skip_hooks' => false,
  'debug' => true,
  'js_folder' => 'http://localhost/studio02/wp-content/plugins/wp-reset//js/',
)
array (
  'prefix' => 'wpr',
  'licensing_servers' => 
  array (
    0 => 'https://dashboard.wpreset.com/api/',
  ),
  'version' => '2.04',
  'slug' => 'wp-reset',
  'basename' => 'wp-reset/wp-reset.php',
  'plugin_page' => 'tools_page_wp-reset',
  'plugin_file' => 'C:\\xampp\\htdocs\\studio02\\wp-content\\plugins\\wp-reset\\wp-reset.php',
  'js_folder' => 'http://localhost/studio02/wp-content/plugins/wp-reset//js/',
  'api_ver' => 'v1/',
  'valid_forever' => '2035-01-01',
  'unlimited_installs' => 99999,
  'debug' => true,
  'filesystem_initialized' => false,
)

[Fri, 28 Feb 2025 09:09:31 +0000] wpr: __construct
array (
  'prefix' => 'wpr',
  'licensing_servers' => 
  array (
    0 => 'https://dashboard.wpreset.com/api/',
  ),
  'version' => '2.04',
  'plugin_file' => 'C:\\xampp\\htdocs\\studio02\\wp-content\\plugins\\wp-reset\\wp-reset.php',
  'plugin_page' => 'tools_page_wp-reset',
  'skip_hooks' => false,
  'debug' => true,
  'js_folder' => 'http://localhost/studio02/wp-content/plugins/wp-reset//js/',
)
array (
  'prefix' => 'wpr',
  'licensing_servers' => 
  array (
    0 => 'https://dashboard.wpreset.com/api/',
  ),
  'version' => '2.04',
  'slug' => 'wp-reset',
  'basename' => 'wp-reset/wp-reset.php',
  'plugin_page' => 'tools_page_wp-reset',
  'plugin_file' => 'C:\\xampp\\htdocs\\studio02\\wp-content\\plugins\\wp-reset\\wp-reset.php',
  'js_folder' => 'http://localhost/studio02/wp-content/plugins/wp-reset//js/',
  'api_ver' => 'v1/',
  'valid_forever' => '2035-01-01',
  'unlimited_installs' => 99999,
  'debug' => true,
  'filesystem_initialized' => false,
)

[Fri, 28 Feb 2025 09:10:31 +0000] wpr: __construct
array (
  'prefix' => 'wpr',
  'licensing_servers' => 
  array (
    0 => 'https://dashboard.wpreset.com/api/',
  ),
  'version' => '2.04',
  'plugin_file' => 'C:\\xampp\\htdocs\\studio02\\wp-content\\plugins\\wp-reset\\wp-reset.php',
  'plugin_page' => 'tools_page_wp-reset',
  'skip_hooks' => false,
  'debug' => true,
  'js_folder' => 'http://localhost/studio02/wp-content/plugins/wp-reset//js/',
)
array (
  'prefix' => 'wpr',
  'licensing_servers' => 
  array (
    0 => 'https://dashboard.wpreset.com/api/',
  ),
  'version' => '2.04',
  'slug' => 'wp-reset',
  'basename' => 'wp-reset/wp-reset.php',
  'plugin_page' => 'tools_page_wp-reset',
  'plugin_file' => 'C:\\xampp\\htdocs\\studio02\\wp-content\\plugins\\wp-reset\\wp-reset.php',
  'js_folder' => 'http://localhost/studio02/wp-content/plugins/wp-reset//js/',
  'api_ver' => 'v1/',
  'valid_forever' => '2035-01-01',
  'unlimited_installs' => 99999,
  'debug' => true,
  'filesystem_initialized' => false,
)

[Fri, 28 Feb 2025 09:11:07 +0000] wpr: __construct
array (
  'prefix' => 'wpr',
  'licensing_servers' => 
  array (
    0 => 'https://dashboard.wpreset.com/api/',
  ),
  'version' => '2.04',
  'plugin_file' => 'C:\\xampp\\htdocs\\studio02\\wp-content\\plugins\\wp-reset\\wp-reset.php',
  'plugin_page' => 'tools_page_wp-reset',
  'skip_hooks' => false,
  'debug' => true,
  'js_folder' => 'http://localhost/studio02/wp-content/plugins/wp-reset//js/',
)
array (
  'prefix' => 'wpr',
  'licensing_servers' => 
  array (
    0 => 'https://dashboard.wpreset.com/api/',
  ),
  'version' => '2.04',
  'slug' => 'wp-reset',
  'basename' => 'wp-reset/wp-reset.php',
  'plugin_page' => 'tools_page_wp-reset',
  'plugin_file' => 'C:\\xampp\\htdocs\\studio02\\wp-content\\plugins\\wp-reset\\wp-reset.php',
  'js_folder' => 'http://localhost/studio02/wp-content/plugins/wp-reset//js/',
  'api_ver' => 'v1/',
  'valid_forever' => '2035-01-01',
  'unlimited_installs' => 99999,
  'debug' => true,
  'filesystem_initialized' => false,
)

[Fri, 28 Feb 2025 09:11:32 +0000] wpr: __construct
array (
  'prefix' => 'wpr',
  'licensing_servers' => 
  array (
    0 => 'https://dashboard.wpreset.com/api/',
  ),
  'version' => '2.04',
  'plugin_file' => 'C:\\xampp\\htdocs\\studio02\\wp-content\\plugins\\wp-reset\\wp-reset.php',
  'plugin_page' => 'tools_page_wp-reset',
  'skip_hooks' => false,
  'debug' => true,
  'js_folder' => 'http://localhost/studio02/wp-content/plugins/wp-reset//js/',
)
array (
  'prefix' => 'wpr',
  'licensing_servers' => 
  array (
    0 => 'https://dashboard.wpreset.com/api/',
  ),
  'version' => '2.04',
  'slug' => 'wp-reset',
  'basename' => 'wp-reset/wp-reset.php',
  'plugin_page' => 'tools_page_wp-reset',
  'plugin_file' => 'C:\\xampp\\htdocs\\studio02\\wp-content\\plugins\\wp-reset\\wp-reset.php',
  'js_folder' => 'http://localhost/studio02/wp-content/plugins/wp-reset//js/',
  'api_ver' => 'v1/',
  'valid_forever' => '2035-01-01',
  'unlimited_installs' => 99999,
  'debug' => true,
  'filesystem_initialized' => false,
)

[Fri, 28 Feb 2025 09:12:32 +0000] wpr: __construct
array (
  'prefix' => 'wpr',
  'licensing_servers' => 
  array (
    0 => 'https://dashboard.wpreset.com/api/',
  ),
  'version' => '2.04',
  'plugin_file' => 'C:\\xampp\\htdocs\\studio02\\wp-content\\plugins\\wp-reset\\wp-reset.php',
  'plugin_page' => 'tools_page_wp-reset',
  'skip_hooks' => false,
  'debug' => true,
  'js_folder' => 'http://localhost/studio02/wp-content/plugins/wp-reset//js/',
)
array (
  'prefix' => 'wpr',
  'licensing_servers' => 
  array (
    0 => 'https://dashboard.wpreset.com/api/',
  ),
  'version' => '2.04',
  'slug' => 'wp-reset',
  'basename' => 'wp-reset/wp-reset.php',
  'plugin_page' => 'tools_page_wp-reset',
  'plugin_file' => 'C:\\xampp\\htdocs\\studio02\\wp-content\\plugins\\wp-reset\\wp-reset.php',
  'js_folder' => 'http://localhost/studio02/wp-content/plugins/wp-reset//js/',
  'api_ver' => 'v1/',
  'valid_forever' => '2035-01-01',
  'unlimited_installs' => 99999,
  'debug' => true,
  'filesystem_initialized' => false,
)

[Fri, 28 Feb 2025 09:13:33 +0000] wpr: __construct
array (
  'prefix' => 'wpr',
  'licensing_servers' => 
  array (
    0 => 'https://dashboard.wpreset.com/api/',
  ),
  'version' => '2.04',
  'plugin_file' => 'C:\\xampp\\htdocs\\studio02\\wp-content\\plugins\\wp-reset\\wp-reset.php',
  'plugin_page' => 'tools_page_wp-reset',
  'skip_hooks' => false,
  'debug' => true,
  'js_folder' => 'http://localhost/studio02/wp-content/plugins/wp-reset//js/',
)
array (
  'prefix' => 'wpr',
  'licensing_servers' => 
  array (
    0 => 'https://dashboard.wpreset.com/api/',
  ),
  'version' => '2.04',
  'slug' => 'wp-reset',
  'basename' => 'wp-reset/wp-reset.php',
  'plugin_page' => 'tools_page_wp-reset',
  'plugin_file' => 'C:\\xampp\\htdocs\\studio02\\wp-content\\plugins\\wp-reset\\wp-reset.php',
  'js_folder' => 'http://localhost/studio02/wp-content/plugins/wp-reset//js/',
  'api_ver' => 'v1/',
  'valid_forever' => '2035-01-01',
  'unlimited_installs' => 99999,
  'debug' => true,
  'filesystem_initialized' => false,
)

[Fri, 28 Feb 2025 09:14:34 +0000] wpr: __construct
array (
  'prefix' => 'wpr',
  'licensing_servers' => 
  array (
    0 => 'https://dashboard.wpreset.com/api/',
  ),
  'version' => '2.04',
  'plugin_file' => 'C:\\xampp\\htdocs\\studio02\\wp-content\\plugins\\wp-reset\\wp-reset.php',
  'plugin_page' => 'tools_page_wp-reset',
  'skip_hooks' => false,
  'debug' => true,
  'js_folder' => 'http://localhost/studio02/wp-content/plugins/wp-reset//js/',
)
array (
  'prefix' => 'wpr',
  'licensing_servers' => 
  array (
    0 => 'https://dashboard.wpreset.com/api/',
  ),
  'version' => '2.04',
  'slug' => 'wp-reset',
  'basename' => 'wp-reset/wp-reset.php',
  'plugin_page' => 'tools_page_wp-reset',
  'plugin_file' => 'C:\\xampp\\htdocs\\studio02\\wp-content\\plugins\\wp-reset\\wp-reset.php',
  'js_folder' => 'http://localhost/studio02/wp-content/plugins/wp-reset//js/',
  'api_ver' => 'v1/',
  'valid_forever' => '2035-01-01',
  'unlimited_installs' => 99999,
  'debug' => true,
  'filesystem_initialized' => false,
)

[Fri, 28 Feb 2025 09:15:34 +0000] wpr: __construct
array (
  'prefix' => 'wpr',
  'licensing_servers' => 
  array (
    0 => 'https://dashboard.wpreset.com/api/',
  ),
  'version' => '2.04',
  'plugin_file' => 'C:\\xampp\\htdocs\\studio02\\wp-content\\plugins\\wp-reset\\wp-reset.php',
  'plugin_page' => 'tools_page_wp-reset',
  'skip_hooks' => false,
  'debug' => true,
  'js_folder' => 'http://localhost/studio02/wp-content/plugins/wp-reset//js/',
)
array (
  'prefix' => 'wpr',
  'licensing_servers' => 
  array (
    0 => 'https://dashboard.wpreset.com/api/',
  ),
  'version' => '2.04',
  'slug' => 'wp-reset',
  'basename' => 'wp-reset/wp-reset.php',
  'plugin_page' => 'tools_page_wp-reset',
  'plugin_file' => 'C:\\xampp\\htdocs\\studio02\\wp-content\\plugins\\wp-reset\\wp-reset.php',
  'js_folder' => 'http://localhost/studio02/wp-content/plugins/wp-reset//js/',
  'api_ver' => 'v1/',
  'valid_forever' => '2035-01-01',
  'unlimited_installs' => 99999,
  'debug' => true,
  'filesystem_initialized' => false,
)

[Fri, 28 Feb 2025 09:16:34 +0000] wpr: __construct
array (
  'prefix' => 'wpr',
  'licensing_servers' => 
  array (
    0 => 'https://dashboard.wpreset.com/api/',
  ),
  'version' => '2.04',
  'plugin_file' => 'C:\\xampp\\htdocs\\studio02\\wp-content\\plugins\\wp-reset\\wp-reset.php',
  'plugin_page' => 'tools_page_wp-reset',
  'skip_hooks' => false,
  'debug' => true,
  'js_folder' => 'http://localhost/studio02/wp-content/plugins/wp-reset//js/',
)
array (
  'prefix' => 'wpr',
  'licensing_servers' => 
  array (
    0 => 'https://dashboard.wpreset.com/api/',
  ),
  'version' => '2.04',
  'slug' => 'wp-reset',
  'basename' => 'wp-reset/wp-reset.php',
  'plugin_page' => 'tools_page_wp-reset',
  'plugin_file' => 'C:\\xampp\\htdocs\\studio02\\wp-content\\plugins\\wp-reset\\wp-reset.php',
  'js_folder' => 'http://localhost/studio02/wp-content/plugins/wp-reset//js/',
  'api_ver' => 'v1/',
  'valid_forever' => '2035-01-01',
  'unlimited_installs' => 99999,
  'debug' => true,
  'filesystem_initialized' => false,
)

[Fri, 28 Feb 2025 09:17:34 +0000] wpr: __construct
array (
  'prefix' => 'wpr',
  'licensing_servers' => 
  array (
    0 => 'https://dashboard.wpreset.com/api/',
  ),
  'version' => '2.04',
  'plugin_file' => 'C:\\xampp\\htdocs\\studio02\\wp-content\\plugins\\wp-reset\\wp-reset.php',
  'plugin_page' => 'tools_page_wp-reset',
  'skip_hooks' => false,
  'debug' => true,
  'js_folder' => 'http://localhost/studio02/wp-content/plugins/wp-reset//js/',
)
array (
  'prefix' => 'wpr',
  'licensing_servers' => 
  array (
    0 => 'https://dashboard.wpreset.com/api/',
  ),
  'version' => '2.04',
  'slug' => 'wp-reset',
  'basename' => 'wp-reset/wp-reset.php',
  'plugin_page' => 'tools_page_wp-reset',
  'plugin_file' => 'C:\\xampp\\htdocs\\studio02\\wp-content\\plugins\\wp-reset\\wp-reset.php',
  'js_folder' => 'http://localhost/studio02/wp-content/plugins/wp-reset//js/',
  'api_ver' => 'v1/',
  'valid_forever' => '2035-01-01',
  'unlimited_installs' => 99999,
  'debug' => true,
  'filesystem_initialized' => false,
)

[Fri, 28 Feb 2025 09:18:35 +0000] wpr: __construct
array (
  'prefix' => 'wpr',
  'licensing_servers' => 
  array (
    0 => 'https://dashboard.wpreset.com/api/',
  ),
  'version' => '2.04',
  'plugin_file' => 'C:\\xampp\\htdocs\\studio02\\wp-content\\plugins\\wp-reset\\wp-reset.php',
  'plugin_page' => 'tools_page_wp-reset',
  'skip_hooks' => false,
  'debug' => true,
  'js_folder' => 'http://localhost/studio02/wp-content/plugins/wp-reset//js/',
)
array (
  'prefix' => 'wpr',
  'licensing_servers' => 
  array (
    0 => 'https://dashboard.wpreset.com/api/',
  ),
  'version' => '2.04',
  'slug' => 'wp-reset',
  'basename' => 'wp-reset/wp-reset.php',
  'plugin_page' => 'tools_page_wp-reset',
  'plugin_file' => 'C:\\xampp\\htdocs\\studio02\\wp-content\\plugins\\wp-reset\\wp-reset.php',
  'js_folder' => 'http://localhost/studio02/wp-content/plugins/wp-reset//js/',
  'api_ver' => 'v1/',
  'valid_forever' => '2035-01-01',
  'unlimited_installs' => 99999,
  'debug' => true,
  'filesystem_initialized' => false,
)

[Fri, 28 Feb 2025 09:19:35 +0000] wpr: __construct
array (
  'prefix' => 'wpr',
  'licensing_servers' => 
  array (
    0 => 'https://dashboard.wpreset.com/api/',
  ),
  'version' => '2.04',
  'plugin_file' => 'C:\\xampp\\htdocs\\studio02\\wp-content\\plugins\\wp-reset\\wp-reset.php',
  'plugin_page' => 'tools_page_wp-reset',
  'skip_hooks' => false,
  'debug' => true,
  'js_folder' => 'http://localhost/studio02/wp-content/plugins/wp-reset//js/',
)
array (
  'prefix' => 'wpr',
  'licensing_servers' => 
  array (
    0 => 'https://dashboard.wpreset.com/api/',
  ),
  'version' => '2.04',
  'slug' => 'wp-reset',
  'basename' => 'wp-reset/wp-reset.php',
  'plugin_page' => 'tools_page_wp-reset',
  'plugin_file' => 'C:\\xampp\\htdocs\\studio02\\wp-content\\plugins\\wp-reset\\wp-reset.php',
  'js_folder' => 'http://localhost/studio02/wp-content/plugins/wp-reset//js/',
  'api_ver' => 'v1/',
  'valid_forever' => '2035-01-01',
  'unlimited_installs' => 99999,
  'debug' => true,
  'filesystem_initialized' => false,
)

[Fri, 28 Feb 2025 09:20:35 +0000] wpr: __construct
array (
  'prefix' => 'wpr',
  'licensing_servers' => 
  array (
    0 => 'https://dashboard.wpreset.com/api/',
  ),
  'version' => '2.04',
  'plugin_file' => 'C:\\xampp\\htdocs\\studio02\\wp-content\\plugins\\wp-reset\\wp-reset.php',
  'plugin_page' => 'tools_page_wp-reset',
  'skip_hooks' => false,
  'debug' => true,
  'js_folder' => 'http://localhost/studio02/wp-content/plugins/wp-reset//js/',
)
array (
  'prefix' => 'wpr',
  'licensing_servers' => 
  array (
    0 => 'https://dashboard.wpreset.com/api/',
  ),
  'version' => '2.04',
  'slug' => 'wp-reset',
  'basename' => 'wp-reset/wp-reset.php',
  'plugin_page' => 'tools_page_wp-reset',
  'plugin_file' => 'C:\\xampp\\htdocs\\studio02\\wp-content\\plugins\\wp-reset\\wp-reset.php',
  'js_folder' => 'http://localhost/studio02/wp-content/plugins/wp-reset//js/',
  'api_ver' => 'v1/',
  'valid_forever' => '2035-01-01',
  'unlimited_installs' => 99999,
  'debug' => true,
  'filesystem_initialized' => false,
)

[Fri, 28 Feb 2025 09:21:35 +0000] wpr: __construct
array (
  'prefix' => 'wpr',
  'licensing_servers' => 
  array (
    0 => 'https://dashboard.wpreset.com/api/',
  ),
  'version' => '2.04',
  'plugin_file' => 'C:\\xampp\\htdocs\\studio02\\wp-content\\plugins\\wp-reset\\wp-reset.php',
  'plugin_page' => 'tools_page_wp-reset',
  'skip_hooks' => false,
  'debug' => true,
  'js_folder' => 'http://localhost/studio02/wp-content/plugins/wp-reset//js/',
)
array (
  'prefix' => 'wpr',
  'licensing_servers' => 
  array (
    0 => 'https://dashboard.wpreset.com/api/',
  ),
  'version' => '2.04',
  'slug' => 'wp-reset',
  'basename' => 'wp-reset/wp-reset.php',
  'plugin_page' => 'tools_page_wp-reset',
  'plugin_file' => 'C:\\xampp\\htdocs\\studio02\\wp-content\\plugins\\wp-reset\\wp-reset.php',
  'js_folder' => 'http://localhost/studio02/wp-content/plugins/wp-reset//js/',
  'api_ver' => 'v1/',
  'valid_forever' => '2035-01-01',
  'unlimited_installs' => 99999,
  'debug' => true,
  'filesystem_initialized' => false,
)

[Fri, 28 Feb 2025 09:22:35 +0000] wpr: __construct
array (
  'prefix' => 'wpr',
  'licensing_servers' => 
  array (
    0 => 'https://dashboard.wpreset.com/api/',
  ),
  'version' => '2.04',
  'plugin_file' => 'C:\\xampp\\htdocs\\studio02\\wp-content\\plugins\\wp-reset\\wp-reset.php',
  'plugin_page' => 'tools_page_wp-reset',
  'skip_hooks' => false,
  'debug' => true,
  'js_folder' => 'http://localhost/studio02/wp-content/plugins/wp-reset//js/',
)
array (
  'prefix' => 'wpr',
  'licensing_servers' => 
  array (
    0 => 'https://dashboard.wpreset.com/api/',
  ),
  'version' => '2.04',
  'slug' => 'wp-reset',
  'basename' => 'wp-reset/wp-reset.php',
  'plugin_page' => 'tools_page_wp-reset',
  'plugin_file' => 'C:\\xampp\\htdocs\\studio02\\wp-content\\plugins\\wp-reset\\wp-reset.php',
  'js_folder' => 'http://localhost/studio02/wp-content/plugins/wp-reset//js/',
  'api_ver' => 'v1/',
  'valid_forever' => '2035-01-01',
  'unlimited_installs' => 99999,
  'debug' => true,
  'filesystem_initialized' => false,
)

[Fri, 28 Feb 2025 09:23:35 +0000] wpr: __construct
array (
  'prefix' => 'wpr',
  'licensing_servers' => 
  array (
    0 => 'https://dashboard.wpreset.com/api/',
  ),
  'version' => '2.04',
  'plugin_file' => 'C:\\xampp\\htdocs\\studio02\\wp-content\\plugins\\wp-reset\\wp-reset.php',
  'plugin_page' => 'tools_page_wp-reset',
  'skip_hooks' => false,
  'debug' => true,
  'js_folder' => 'http://localhost/studio02/wp-content/plugins/wp-reset//js/',
)
array (
  'prefix' => 'wpr',
  'licensing_servers' => 
  array (
    0 => 'https://dashboard.wpreset.com/api/',
  ),
  'version' => '2.04',
  'slug' => 'wp-reset',
  'basename' => 'wp-reset/wp-reset.php',
  'plugin_page' => 'tools_page_wp-reset',
  'plugin_file' => 'C:\\xampp\\htdocs\\studio02\\wp-content\\plugins\\wp-reset\\wp-reset.php',
  'js_folder' => 'http://localhost/studio02/wp-content/plugins/wp-reset//js/',
  'api_ver' => 'v1/',
  'valid_forever' => '2035-01-01',
  'unlimited_installs' => 99999,
  'debug' => true,
  'filesystem_initialized' => false,
)

[Fri, 28 Feb 2025 09:23:59 +0000] wpr: __construct
array (
  'prefix' => 'wpr',
  'licensing_servers' => 
  array (
    0 => 'https://dashboard.wpreset.com/api/',
  ),
  'version' => '2.04',
  'plugin_file' => 'C:\\xampp\\htdocs\\studio02\\wp-content\\plugins\\wp-reset\\wp-reset.php',
  'plugin_page' => 'tools_page_wp-reset',
  'skip_hooks' => false,
  'debug' => true,
  'js_folder' => 'http://localhost/studio02/wp-content/plugins/wp-reset//js/',
)
array (
  'prefix' => 'wpr',
  'licensing_servers' => 
  array (
    0 => 'https://dashboard.wpreset.com/api/',
  ),
  'version' => '2.04',
  'slug' => 'wp-reset',
  'basename' => 'wp-reset/wp-reset.php',
  'plugin_page' => 'tools_page_wp-reset',
  'plugin_file' => 'C:\\xampp\\htdocs\\studio02\\wp-content\\plugins\\wp-reset\\wp-reset.php',
  'js_folder' => 'http://localhost/studio02/wp-content/plugins/wp-reset//js/',
  'api_ver' => 'v1/',
  'valid_forever' => '2035-01-01',
  'unlimited_installs' => 99999,
  'debug' => true,
  'filesystem_initialized' => false,
)

[Fri, 28 Feb 2025 09:24:01 +0000] wpr: __construct
array (
  'prefix' => 'wpr',
  'licensing_servers' => 
  array (
    0 => 'https://dashboard.wpreset.com/api/',
  ),
  'version' => '2.04',
  'plugin_file' => 'C:\\xampp\\htdocs\\studio02\\wp-content\\plugins\\wp-reset\\wp-reset.php',
  'plugin_page' => 'tools_page_wp-reset',
  'skip_hooks' => false,
  'debug' => true,
  'js_folder' => 'http://localhost/studio02/wp-content/plugins/wp-reset//js/',
)
array (
  'prefix' => 'wpr',
  'licensing_servers' => 
  array (
    0 => 'https://dashboard.wpreset.com/api/',
  ),
  'version' => '2.04',
  'slug' => 'wp-reset',
  'basename' => 'wp-reset/wp-reset.php',
  'plugin_page' => 'tools_page_wp-reset',
  'plugin_file' => 'C:\\xampp\\htdocs\\studio02\\wp-content\\plugins\\wp-reset\\wp-reset.php',
  'js_folder' => 'http://localhost/studio02/wp-content/plugins/wp-reset//js/',
  'api_ver' => 'v1/',
  'valid_forever' => '2035-01-01',
  'unlimited_installs' => 99999,
  'debug' => true,
  'filesystem_initialized' => false,
)

[Fri, 28 Feb 2025 09:24:04 +0000] wpr: __construct
array (
  'prefix' => 'wpr',
  'licensing_servers' => 
  array (
    0 => 'https://dashboard.wpreset.com/api/',
  ),
  'version' => '2.04',
  'plugin_file' => 'C:\\xampp\\htdocs\\studio02\\wp-content\\plugins\\wp-reset\\wp-reset.php',
  'plugin_page' => 'tools_page_wp-reset',
  'skip_hooks' => false,
  'debug' => true,
  'js_folder' => 'http://localhost/studio02/wp-content/plugins/wp-reset//js/',
)
array (
  'prefix' => 'wpr',
  'licensing_servers' => 
  array (
    0 => 'https://dashboard.wpreset.com/api/',
  ),
  'version' => '2.04',
  'slug' => 'wp-reset',
  'basename' => 'wp-reset/wp-reset.php',
  'plugin_page' => 'tools_page_wp-reset',
  'plugin_file' => 'C:\\xampp\\htdocs\\studio02\\wp-content\\plugins\\wp-reset\\wp-reset.php',
  'js_folder' => 'http://localhost/studio02/wp-content/plugins/wp-reset//js/',
  'api_ver' => 'v1/',
  'valid_forever' => '2035-01-01',
  'unlimited_installs' => 99999,
  'debug' => true,
  'filesystem_initialized' => false,
)

[Fri, 28 Feb 2025 09:24:18 +0000] wpr: __construct
array (
  'prefix' => 'wpr',
  'licensing_servers' => 
  array (
    0 => 'https://dashboard.wpreset.com/api/',
  ),
  'version' => '2.04',
  'plugin_file' => 'C:\\xampp\\htdocs\\studio02\\wp-content\\plugins\\wp-reset\\wp-reset.php',
  'plugin_page' => 'tools_page_wp-reset',
  'skip_hooks' => false,
  'debug' => true,
  'js_folder' => 'http://localhost/studio02/wp-content/plugins/wp-reset//js/',
)
array (
  'prefix' => 'wpr',
  'licensing_servers' => 
  array (
    0 => 'https://dashboard.wpreset.com/api/',
  ),
  'version' => '2.04',
  'slug' => 'wp-reset',
  'basename' => 'wp-reset/wp-reset.php',
  'plugin_page' => 'tools_page_wp-reset',
  'plugin_file' => 'C:\\xampp\\htdocs\\studio02\\wp-content\\plugins\\wp-reset\\wp-reset.php',
  'js_folder' => 'http://localhost/studio02/wp-content/plugins/wp-reset//js/',
  'api_ver' => 'v1/',
  'valid_forever' => '2035-01-01',
  'unlimited_installs' => 99999,
  'debug' => true,
  'filesystem_initialized' => false,
)

[Fri, 28 Feb 2025 09:24:19 +0000] wpr: __construct
array (
  'prefix' => 'wpr',
  'licensing_servers' => 
  array (
    0 => 'https://dashboard.wpreset.com/api/',
  ),
  'version' => '2.04',
  'plugin_file' => 'C:\\xampp\\htdocs\\studio02\\wp-content\\plugins\\wp-reset\\wp-reset.php',
  'plugin_page' => 'tools_page_wp-reset',
  'skip_hooks' => false,
  'debug' => true,
  'js_folder' => 'http://localhost/studio02/wp-content/plugins/wp-reset//js/',
)
array (
  'prefix' => 'wpr',
  'licensing_servers' => 
  array (
    0 => 'https://dashboard.wpreset.com/api/',
  ),
  'version' => '2.04',
  'slug' => 'wp-reset',
  'basename' => 'wp-reset/wp-reset.php',
  'plugin_page' => 'tools_page_wp-reset',
  'plugin_file' => 'C:\\xampp\\htdocs\\studio02\\wp-content\\plugins\\wp-reset\\wp-reset.php',
  'js_folder' => 'http://localhost/studio02/wp-content/plugins/wp-reset//js/',
  'api_ver' => 'v1/',
  'valid_forever' => '2035-01-01',
  'unlimited_installs' => 99999,
  'debug' => true,
  'filesystem_initialized' => false,
)

[Fri, 28 Feb 2025 09:24:43 +0000] wpr: __construct
array (
  'prefix' => 'wpr',
  'licensing_servers' => 
  array (
    0 => 'https://dashboard.wpreset.com/api/',
  ),
  'version' => '2.04',
  'plugin_file' => 'C:\\xampp\\htdocs\\studio02\\wp-content\\plugins\\wp-reset\\wp-reset.php',
  'plugin_page' => 'tools_page_wp-reset',
  'skip_hooks' => false,
  'debug' => true,
  'js_folder' => 'http://localhost/studio02/wp-content/plugins/wp-reset//js/',
)
array (
  'prefix' => 'wpr',
  'licensing_servers' => 
  array (
    0 => 'https://dashboard.wpreset.com/api/',
  ),
  'version' => '2.04',
  'slug' => 'wp-reset',
  'basename' => 'wp-reset/wp-reset.php',
  'plugin_page' => 'tools_page_wp-reset',
  'plugin_file' => 'C:\\xampp\\htdocs\\studio02\\wp-content\\plugins\\wp-reset\\wp-reset.php',
  'js_folder' => 'http://localhost/studio02/wp-content/plugins/wp-reset//js/',
  'api_ver' => 'v1/',
  'valid_forever' => '2035-01-01',
  'unlimited_installs' => 99999,
  'debug' => true,
  'filesystem_initialized' => false,
)

[Fri, 28 Feb 2025 09:24:44 +0000] wpr: __construct
array (
  'prefix' => 'wpr',
  'licensing_servers' => 
  array (
    0 => 'https://dashboard.wpreset.com/api/',
  ),
  'version' => '2.04',
  'plugin_file' => 'C:\\xampp\\htdocs\\studio02\\wp-content\\plugins\\wp-reset\\wp-reset.php',
  'plugin_page' => 'tools_page_wp-reset',
  'skip_hooks' => false,
  'debug' => true,
  'js_folder' => 'http://localhost/studio02/wp-content/plugins/wp-reset//js/',
)
array (
  'prefix' => 'wpr',
  'licensing_servers' => 
  array (
    0 => 'https://dashboard.wpreset.com/api/',
  ),
  'version' => '2.04',
  'slug' => 'wp-reset',
  'basename' => 'wp-reset/wp-reset.php',
  'plugin_page' => 'tools_page_wp-reset',
  'plugin_file' => 'C:\\xampp\\htdocs\\studio02\\wp-content\\plugins\\wp-reset\\wp-reset.php',
  'js_folder' => 'http://localhost/studio02/wp-content/plugins/wp-reset//js/',
  'api_ver' => 'v1/',
  'valid_forever' => '2035-01-01',
  'unlimited_installs' => 99999,
  'debug' => true,
  'filesystem_initialized' => false,
)

